50000
33541312
423161101
306939822
993315301
397185990
320900571
898835242
396686347
398249046
513837830
405449081
248547227
302694518
852049815
712997036
838797476
534258997
155911115
865337917
417461577
91861809
202331724
684795688
225649118
50736614
76047667
540123012
298508492
198361948
150755185
63240507
701753739
860377443
803744291
653348899
345486544
669140575
400635906
888195627
190695760
375097046
713639750
186921290
448166528
143239341
976744160
36570268
918626669
548969089
887503396
26903182
18673799
746837747
317961596
780441125
161608210
853846147
865204647
959746382
134658155
41424593
693574800
681107025
474453762
929096861
110823904
126026899
992047953
115635856
998692554
321128315
740121454
667185311
731896444
13695089
840031695
579690844
62221629
519907820
62896945
544715839
456831519
615975554
540354271
651177409
337836388
433409725
847951677
156513491
123630884
990952623
994673321
956822571
391244265
114544874
619230588
231300380
669934557
522764796
419766665
891554123
817040479
419506032
743435332
65571102
787363912
139325303
338063698
524478306
368986448
329032115
173835914
515481569
682682445
746774426
573318427
871500387
323862170
591058601
425816618
176772337
273473789
879038147
714704878
390190848
246773085
479712239
163983760
840352451
446558899
347750924
848564489
482576853
432214641
923244736
779833078
513794905
781704950
790933313
973533172
353528312
620895660
294741076
819665657
422021440
393321631
125269901
66983441
404831951
425262747
399890038
382973273
124761101
647056446
449974385
269199254
480722919
878074574
536945941
697063010
205770084
290967563
909821517
519209295
801531908
823365855
928334321
35229386
20619598
376648894
47558439
747439361
519655098
709969579
215364651
60588549
506786864
361860578
53289927
695848796
724029810
923615368
369766692
23244880
721386072
39249433
896940687
526254789
907691773
782250483
566487262
888845073
648775959
583475481
742297569
453578728
512649680
995606737
269367530
458636761
441796765
98782743
876590369
444310383
664245966
51114067
355761835
302589412
436837628
732317979
985601791
566448368
954239547
666056379
172401903
757283119
218302147
249284516
927928625
879201856
245907589
686300433
537718184
854608725
537608881
710449032
957026528
410219796
598515720
553673359
369007489
997232291
651442889
790336812
114454082
585794201
826545706
556048754
555892000
484885936
328454114
82118548
983411266
596077021
540371156
842510806
921744194
343459295
370322270
715452710
742763793
135190594
631486420
80510212
473619023
326649840
993533425
568448772
638773265
925070224
912399260
669334146
992992958
818331436
273211987
205593049
622826022
262128091
844416914
783635040
797258607
745616932
222476279
90676931
378771521
295356393
286026270
805371358
329059727
696663197
272199818
382914355
888467213
14770567
722673937
777896126
684270805
96050468
514342940
736291630
525130685
322832281
37459075
974629453
772286103
587154228
459534784
597796819
163953350
348038288
723611544
690116754
105834996
335608937
395694548
553103280
46541727
102382011
350711148
623048122
196214706
732980491
276386067
742871345
568245795
829102711
886997732
899176438
603733552
507678279
946776998
322467567
520617428
184164494
440218124
948471532
480062501
634509091
342390776
283310225
325397927
603812398
267686060
439251670
761451258
48885486
901562920
864251568
536362147
565636170
867459017
808318495
414444076
22321253
821720576
693038420
606399766
554146007
104727944
957434422
627225888
593443668
893228933
19774781
599574323
981754271
390668170
70213030
552386958
324900468
30031791
430368421
51259719
508087052
26035070
30707208
767569811
313628612
955482623
902680551
257073867
500253623
223887508
879232552
235703387
141358446
443416111
56881790
354085132
490217855
478147355
474078360
639943075
918118280
297098040
135762841
910320687
273720078
584420825
842381351
238149427
72043377
956855794
325123852
958848811
936241188
987662120
290384668
948704380
928954776
771273211
723028837
605474592
535376379
605062527
851014964
813717370
340252397
839099159
278376143
553804263
839040853
830927835
597866787
51628268
279244480
543454433
610261219
974839077
509483553
801277517
940591723
317871986
10801720
461491071
329337480
593250973
798381641
150000781
468006853
673255132
889545558
703671427
645632989
528900094
533615426
998463908
694204294
463512357
449177651
37842397
115693626
814168157
387188426
836002329
308172982
820587890
534895795
701323883
529572010
213468426
950774942
842740704
369801353
772697763
114275484
650954400
696080997
735435982
960787396
303574082
32668969
985355425
312908467
404927276
43339590
307010906
655233625
954165467
703491556
638822769
929606597
73708506
374804135
58001577
825863578
978618917
643423314
812877705
426281637
813723459
190116314
738899329
442378654
45723957
790741780
330748813
382318597
647199669
141005667
760482432
519381103
529319968
239186418
103944540
699778791
427246697
808155561
933630605
108741251
918048848
789231776
270770120
287297653
53225093
650929352
34792916
242824657
867727546
297240834
866285163
588139886
448911275
614679023
745211537
35746866
638980411
277564259
532139648
959008341
496917115
17659907
272634826
632054889
950720594
952506779
37005558
234958467
366756892
246521316
251111747
992364045
82901503
541375364
794732773
221337934
560172188
542851917
493156397
255322287
685865200
652774555
414212847
731080382
844652289
292534739
272191355
530526782
560089706
508758092
238726029
663652701
850601177
99492566
611639541
886927570
850776840
18619947
609159270
248435296
705497412
721069470
165079630
694343196
690989231
978914224
801980064
605979683
663867952
187461715
944791173
909422248
598016935
175136034
410540004
259513679
932922842
830574018
876806681
17282401
229464510
331425840
542880657
440805332
262723152
441504760
26346793
193660886
139601002
561953406
451448456
824238389
777578347
443232558
101145029
840673533
110299547
78893646
740646791
407273317
64452588
815173150
552252927
769247845
170109384
851588769
983010230
314164342
585327679
560832350
223845280
582406163
668244140
731654455
512506522
973962993
827580175
309947864
924839900
10716078
600835469
114844323
665446012
341501708
212844062
700371141
991484368
275979938
535287819
183261634
810921612
23687463
882901558
954945790
816680473
525850387
755160973
645905546
691333671
221979220
907469716
108062277
641507689
920191611
28783640
513015071
769150449
235459576
827869178
565512390
675728790
643618629
193614004
260441884
827064928
965134783
367584154
674339836
358184035
344132244
269330987
236344268
435228057
10693698
944328939
719158532
791483939
808978605
812453838
302960534
195492342
283120751
726219361
755903682
35985562
239584984
201960922
30077319
498196801
500511840
543896629
158107150
612536103
894031675
409950190
67730817
288313745
248618920
581773941
322479097
552873044
386592380
822458116
751611114
23763014
85427482
201677405
59004270
720695825
822662115
422434388
230817393
27968793
785663724
760381657
650625845
986714056
951377018
539982786
87234482
45687883
777677293
924492360
544710768
855476713
572375608
83176553
233637355
531106584
380533668
130256706
799416536
604331861
623509937
706237460
530453395
170879624
441000178
685364147
408250186
520985598
655065019
289940442
32701456
91857415
748399620
227749961
497835638
59679414
890181377
327216198
698640035
722631981
789775711
980846041
265934510
519592007
182770671
734858532
558376072
31934396
262519275
660793712
494693058
580410876
746837204
195178365
366086293
226462510
159822829
111936071
869389515
278611785
666518377
967437695
360752116
991024819
272336430
94387568
757845771
906943551
641865946
970755003
839187180
604416482
158859905
531689599
111076191
294373277
357108797
991619944
303936027
305641399
659229917
522557244
797534271
999078583
170576272
759030211
862018549
337366782
682175328
114259884
612043651
694600473
851735844
670481708
552099628
895584694
76831686
37997159
825951553
757245918
880426648
480335811
617530962
677344128
926049989
735475079
673381989
592587296
331677830
127063981
501695983
943143615
617241141
941267812
831073504
432728422
869338333
719279652
179552582
798306553
837378913
329864857
296676318
240184771
197857856
553034008
584728803
909668564
352040704
353256463
93309084
487066562
784345770
68093664
688466474
152324932
828593186
224624847
748143159
427910946
836742944
450081439
28940413
825054503
491546774
932599439
488565504
66029596
201794872
745351127
114933958
403211401
371225655
468756714
946101317
361267949
431571824
622223583
657913755
371252475
717074982
54191459
351379388
856244441
974925970
585131693
547520015
674719780
281928685
315787505
186543286
249713767
880250174
560907403
986503449
841208781
848168268
203689664
289996029
230389143
718220576
725907462
164111551
199618102
166199437
144129592
964181140
916993052
788712598
559919819
891721720
301885456
709638661
730020950
137739587
867126370
836922964
731089957
645227580
885105800
477811075
320637703
96408164
339353132
215410525
700850705
827680015
649818216
902222473
685046886
644811475
832697832
286425232
162559783
777987030
497096403
119172033
767960430
78473329
529583764
967509616
693510134
368282686
85940268
591559910
267082334
103432512
895720306
695239798
743050594
417868100
623275860
838044526
59203656
120210487
827660914
867607176
59051881
755570612
585307475
445480779
174487617
112419999
543359358
171100854
760910608
454417377
104344977
125205078
105316532
210749425
390549639
517488570
503140931
334625078
704614328
798334673
670159668
892310996
350601694
602439814
540463702
285094307
48446451
235124477
860978051
980499242
437465017
128403538
462646277
96196029
412244399
599309833
353960607
150755961
254435909
776822237
879096406
645342843
747877781
447913915
936513382
976818958
208752850
892591902
709119482
610351297
951456807
681968805
98688995
520399784
669509954
64667978
952842157
264640636
337759383
713452397
513271673
248034783
982976494
386834431
55175195
49515023
142518341
826706257
630364929
232658399
784868314
512384228
181442669
633606592
984417872
613343842
255740200
509825965
608465762
903408534
427235349
348325329
662161966
517944484
80938090
587370035
613363166
160784117
166081621
723842063
673348611
854990346
379858249
75462094
510164304
966704987
258447075
984202916
23059492
253811438
585199455
833461389
123925097
870951088
851277132
826322474
330928220
44312948
653814411
738833914
757146975
195449501
30410055
463614984
947571202
60954310
229261521
331710166
780054601
978590552
370728214
360486521
263194237
371750802
90603176
948307201
842266353
418298775
697562031
49817690
223825991
597007088
759027163
501187687
60047278
767011711
686835291
295369421
798564804
199315764
767342458
230231903
70636021
609545988
75794657
567510286
435442377
697952095
782137830
582259387
929562137
40313202
593808806
198176176
249497920
38039666
754281093
914606835
259597151
934241142
328062216
473498978
413553142
846361641
169241074
338149087
532330183
417450181
303871728
962335816
665682877
520924114
783859462
905178389
390925915
15351281
480165089
695546633
476584596
483970817
387877216
469823782
692543663
776747469
370595804
347701824
525613897
104724832
253454405
783433034
719627532
440329171
640218140
722161450
821705471
268316267
495031169
462278266
494783215
459509162
446580132
729599261
40975652
975723666
270168632
746404881
542923997
432565676
699539251
302889424
261934558
305852425
262056879
615251279
31950728
921999745
553274205
821656499
203225542
440672673
186575996
582855795
601140350
854261771
370978703
936719678
277418903
13462270
167716999
722202159
189775823
90693137
274935339
532411606
194920209
382353378
517490836
801080287
220602757
226864094
885566269
789339250
316496190
698984779
291281398
629277613
256650676
129370605
603442999
943992176
711192852
586358153
192537238
918806387
998061932
995159196
450613259
510145180
418867286
349374825
677808441
774507359
284152309
188053640
840269286
616408305
116599673
615194000
643292734
980680560
349305556
736758020
196927081
363704609
537172149
758738991
457113302
585670818
567514532
19486654
465352743
233551997
498267354
580614852
659489012
368591444
942476399
996754947
133687024
595820670
50530344
601024416
276335664
593070670
150268476
301242060
354603729
729495833
684175495
539478985
512500934
963063087
492399038
820851898
724755640
643477404
272755138
636864591
691598773
507440941
873715382
594633386
529682192
807715581
337272652
345240310
810332328
266877252
604793967
26935023
705410836
229526210
11217743
917898008
135231912
387194624
835908420
232734420
58825491
647088551
78315122
883143646
41196617
874376185
428092857
72995550
58450423
755485992
692333355
871144638
674225840
151641251
675253278
276337387
471537356
275821497
350707883
921045147
199743195
333115167
962297067
401154123
94697390
383105141
764390845
60313062
914516013
205907088
813219693
366441151
767798701
76386243
212918724
94297745
791124128
504242057
537470281
694898703
23251030
344421233
82906518
105297695
913181036
283096156
585970947
440718983
596798214
514885327
264455217
404802127
781416496
332956102
667854693
74441565
129345911
876978080
124065687
696207550
51969955
916369484
600587890
133551757
85474010
984193605
602475356
162747646
640226378
539812676
504940237
821133683
717402551
473574002
357371016
389315289
978146314
760467717
533006425
641834355
275061439
650144275
970224638
417951390
65041356
176037865
35772167
714175958
119060697
580465287
833915309
634123812
58616548
771448138
593574882
744366066
849573278
589334789
826669733
563752963
988088891
166542099
229727310
984489790
129949098
962679612
169910181
604477720
537422136
233560946
697464549
582773157
416738602
636925988
831728133
266361477
146664575
896048822
884973081
763331093
57729295
276578612
824849779
425514000
901255912
739482065
15400791
202930805
866963408
125948483
18650664
558788012
99789066
748127979
673573564
813974028
597780736
656736353
60576019
484416739
376977106
709700883
309194824
737237000
927456622
780430315
933787825
680100043
725833949
332401347
597171310
971323789
146578512
595911746
72036993
245360539
932561157
443995731
688471938
173514402
855386251
403625004
11253908
876094853
453953413
128091513
656290524
550500633
368389355
505496112
369372105
690133712
895361366
860076849
754800744
904320414
89368535
390054941
680932903
630208966
189224003
544611594
931141111
784878610
131151688
384448874
19950308
584136370
951536619
291838116
917192364
146590894
880502783
865712027
806409869
834699523
614252706
748819313
428680823
864009799
87913178
506153809
238182918
831362083
312082759
483724287
361364356
782952114
154344140
538411761
873773529
335853824
732236455
833499131
942643034
856223214
740797528
619673381
555615984
482644831
725050298
447751720
698297306
615860433
741381412
669548274
413511167
760131411
851881682
103841997
328229554
844914186
523983458
137860353
171186685
456326970
34669698
844762242
314038441
245986897
899817122
122528790
176451513
807643020
292181149
942460876
420037811
36983348
847880385
557435809
869520367
624197187
678720287
813343212
255208801
348757127
912935254
691812780
432937112
516057536
242452543
172473601
755905696
414863371
121105273
418774149
241883292
746579215
744628086
373272415
652294501
656176643
13355121
761152065
442891769
806912832
535155770
456661968
612077789
269060262
933220093
296256287
903889798
424548506
313376412
217993812
669769149
34484483
963806887
652344200
878406002
750862031
40711923
58710586
297436440
433979896
894682971
165329117
812144035
130437039
410170818
269025751
472340904
321221253
769726163
290318649
560139058
987465192
537908330
580531817
26286776
469902959
961178480
479433839
424560333
786740552
975230320
12479219
814675800
305116873
263184240
443146661
765493863
202294157
880554479
153115458
159756038
552965380
39036827
250934451
408083369
744004389
504601362
531536525
321896757
920772984
557930643
557103115
806437391
366751282
629084506
649495915
836194800
366499258
596932823
240135987
698902903
513350965
899120267
475064118
38475314
723366060
407697403
961697595
277737892
593028283
448172076
463725638
889334744
876381749
790147651
537775041
305551011
594537370
341428594
608984630
755886749
100732725
322403456
203976622
879372653
164093235
544956981
376440253
707646052
920821778
435025155
614289608
277246690
212102152
974132116
77902893
729146594
761601022
99891150
723033327
645858874
190767841
121725719
970542768
464072170
934797130
261584409
549685197
338011340
434546539
686894219
844168453
196463419
182010335
777712102
36957961
383371643
891576816
74067011
410130189
100332466
729301887
413392913
306323644
400119661
518852426
12490946
72040619
930167141
928785800
142167205
260192396
132722546
953931289
100289225
759120913
838515317
162868251
38937567
753159217
544132276
97909555
254545140
733194757
234489406
886731067
214049092
630433651
892244419
242245184
788128411
33472123
30105374
777006788
149000278
315284134
527311968
588631210
393875666
907620613
938103206
204512504
132498973
956326862
211798462
920310304
693958554
178566531
93266498
564523353
66863585
25622205
983172786
732123310
281133299
20622725
913838780
447489603
917094113
265857504
472085012
627898865
508688348
850033382
120976609
588797577
781783669
774641559
305902993
999490787
623280790
886392263
255549854
649111978
354242621
234933117
74073427
348843004
986240684
848244103
736402418
931238789
845931032
988841178
915313613
834931814
731188165
381626419
792867325
74079835
816575099
54032127
53902080
417517404
874995908
584188553
21843458
260085007
636974070
745160563
603890205
300649187
588684833
682183906
178962272
150620302
401781868
588131171
890397065
485380436
668702724
701195610
169005821
549923700
207944693
681388403
198905503
615022063
195872622
492608813
533655650
549120869
931487608
448228882
725500955
726579196
93571509
556361910
843714035
341206357
739837677
978516810
750432544
869607252
266749860
833552700
927513959
926046282
516453735
782578317
488404236
983628297
803881223
361487409
275357942
191057512
128442145
760926435
883009386
342515198
460498405
29960446
207052137
65205405
574154647
618179078
707415330
939142718
375179017
195855134
436168840
302903791
641924256
61051333
894633691
245215870
950691845
916389936
43914151
932946775
463922788
229603436
460931294
95721418
957835841
741706549
89983520
650399931
126117022
358866097
996423542
251845735
929875678
491598878
688797265
623533452
819976198
750309183
479898514
665341308
907974153
934173525
948864307
78386387
663259738
282389342
248523103
215145578
652416414
434355259
671819456
75141369
31889664
277073957
50202618
382229740
212133963
952265086
780360174
922843526
61724566
916055707
852830060
522508092
122610134
567698809
316442807
870263960
951536404
408873617
509134541
444627134
924709459
289378689
526149518
933278622
876252152
469268402
533003525
126695928
474139140
276338456
979394658
301017728
417902409
76201702
675249581
487490748
714316019
79408581
793236027
146802638
822490276
410242842
782702696
400291342
752392458
466593940
482415624
239738915
296836091
387770789
82394147
829521495
215281623
606354729
781513055
419979690
127294800
951763814
83549704
182386239
123850382
990850659
340790403
194373104
588831268
720685556
790395295
883802562
864111835
167333451
207042925
92211662
661404896
223435267
327457780
551546591
965065854
55528769
418103523
449922851
142988708
295333793
734911283
959582402
334764551
116430367
502466767
88679506
18951325
177869659
840415935
856407320
680110109
13139812
437544399
718816119
944668410
778480987
801481676
483445560
147709227
242764833
803666124
863606336
267286447
923109601
314904007
191902763
869877423
656574173
805222728
358444506
928460954
271585183
43644797
929478835
696638851
432301725
526833619
477829572
254937627
39257554
649381860
813836661
391478554
430655811
704707130
529629909
451104137
194850360
223501136
10386776
648063313
221296939
431487486
60531028
351289300
400186147
862337747
485474411
915913283
304171463
261583744
964086850
222544268
433497655
901139767
483284951
427572359
247947739
389698109
745257456
597388779
962885363
627091809
500455146
573819335
507161950
667759903
105211106
317824561
165284296
95367937
129949834
694414191
576495339
882832737
434384337
454775284
611036815
942795981
451140704
251800373
989983026
682084160
569865751
783515068
313688254
699421925
106380963
603702478
388747982
251925664
152128545
388774406
32810638
560342090
358523559
697967466
157364043
94382314
375391451
735468730
461422499
376578560
202388422
931011175
83333064
574331339
289723576
345452255
114633602
559242677
937788250
898949490
836319474
945800778
401110283
660740806
811068165
754133349
269820870
327635236
192766181
173480759
499401823
574193422
168043310
944790402
539720709
292590915
612894363
74712660
385973542
263804618
128976026
82996023
776429434
910786818
157799422
717753291
326103883
705232186
728160528
203109068
770516674
230230179
687826189
293419369
261028752
124591358
35545388
869861365
402986886
962279295
635915484
354280343
688034162
854930463
807082199
106457086
863502110
685263065
86703741
468535864
226062984
943833461
48142940
602745948
588766815
806268162
725568049
976514671
901820441
843382853
321463955
537066193
945105313
160389660
312954784
60533543
848397362
402242596
751557709
153351867
97858967
937521459
257672442
26158639
974663912
274872601
517116343
222144010
296453018
817710818
761480166
774099434
465648909
183553438
17973512
469136113
361718875
384419288
865998973
69931685
321518956
88879368
649477619
737845368
443653277
207661532
132839904
909295261
755098484
722406211
834850872
788116993
604850147
874560194
533320400
146280959
990687711
728526037
222178738
68478705
620712101
367735489
158828360
103693872
847933250
462576799
361316408
989148503
506480237
227171750
559848667
185195829
833627572
894532192
75489841
310468984
613348268
151036393
717089716
932677319
537601468
774105379
904485541
40611279
507703884
732060845
18100983
635159508
663946361
640395103
869023044
873153829
476305623
414641653
145475794
752743268
850345858
404056731
168118065
209792257
34087523
236504422
572993981
542754374
990907602
131325575
273892013
980562944
635635041
342178246
942638995
398026082
275305970
749522456
408694647
393683435
522815431
722505062
266603156
524843920
314517704
464357596
454843636
209314295
857553752
516383045
550898739
641885339
665155271
169769687
614419932
36804813
109243313
626939631
881947124
347211702
47095375
653371472
972583747
434164149
342838342
920122342
433594906
315945893
206206556
141551197
491702757
12930678
648194320
226467060
59603688
805949917
457686451
347024503
41201096
65259429
673915764
521293798
67129978
645202415
596888206
322175060
886927766
26874689
920725953
442816367
396866274
564322312
687825541
872722092
402048565
853382657
248922246
280346759
60889675
211837198
544721617
926107052
234547310
891659114
340278872
998370869
294679636
667804437
649443970
730624032
456071669
515778482
25976554
696983921
463319998
167479914
688504129
728715130
109572166
984445425
34335652
850880169
150556007
665349564
228592771
935138262
331228434
114348898
593676589
867239913
78432291
39553707
73964772
199110107
614329948
146644143
527270352
600196949
838904708
575579900
202275633
787726473
579300795
213344102
39324706
90212086
37416248
488061533
588169890
951471430
823919400
871398989
236046861
561812482
258354427
58765265
201517381
158967033
720082550
951279137
742873416
95183770
629793984
582233737
62046402
234652776
154724516
255940537
458101970
329778329
486974934
219708403
972879672
294098439
872677231
714973967
474979848
725031138
639428643
736614227
812554234
593461463
883040570
797027046
808788159
927271645
318620565
839138752
650890206
795299848
960450610
344536135
906481964
233026072
383613808
420583459
781743363
958330522
976642551
582440192
736831820
511586870
107847108
599386839
890587466
714017095
606583612
103356606
845746556
579608161
872617179
794434162
314946402
994479439
17815327
586244115
160152363
252047385
400558531
149710692
437909960
74863378
779684627
51606068
771895242
481330783
697077550
917760278
326126068
305752573
480598338
554770872
959817943
207965273
581093825
690571627
297304411
96036293
189222540
982250673
591656725
949988378
654109738
405982304
599296090
506846244
251380727
562547261
917675817
669000827
440738075
329196810
548358761
971130325
106253395
227115268
136923731
100787989
445984022
855374537
568510328
46814106
671204871
853931794
93463921
797882746
234843634
482554504
683618912
428782109
139135909
448483171
976261907
988416269
50841219
467653788
677589187
802823260
414747922
391441410
948709263
31666883
469314249
459351707
410680842
477143793
758452372
286846744
356503407
276761612
593688012
796099829
364860526
957562906
468105477
591720236
77845983
734724065
777489046
430466611
529147336
856030297
968313876
529480334
108148264
775895826
324891972
842626568
923311485
424574009
785443099
319274858
772835829
585495577
159491277
688327018
252548707
12625451
841853051
490678061
286038438
280897331
725808605
440820350
458256844
714022015
632086596
342777822
412021034
643839275
590651832
157034763
815957615
175848541
250916208
284753142
992677302
397086377
348270946
880382502
894783581
142030421
802989507
138257859
117855117
259619393
829012534
109824593
613915192
432296098
46787154
921522159
121891143
656869051
845828777
495135788
672873391
198627591
584462686
959852205
323832320
968597244
117638154
127001490
98160053
476567265
278466884
327752014
209311647
61905313
174474526
684679092
623451441
794825150
78958727
729077479
250506667
771942875
980016375
28867329
423591110
377703343
626927589
518533891
44638800
560073520
981126858
173790890
212268267
337246155
741055312
567939239
246208041
498728232
337594956
96514571
471473249
304932108
992695124
256384980
663939928
969759997
392994798
128899268
571983087
679768240
343174397
456502025
910446977
178551628
337122583
273078408
378512811
185306155
684548194
526652803
794596569
605248948
108721830
866852361
296351094
138258028
473381081
192269765
584625258
927469276
578608118
155537385
984146206
846721580
13503485
763560357
481356163
837731103
677624728
955193795
492671823
113278840
660006314
901698183
255189361
876392363
613172644
391353038
856455811
150242179
404125313
254315837
94199806
947422817
728932739
362168198
956240201
777090515
41173859
382054014
11661700
626154387
276273680
133730614
587691759
198283562
898279443
517903636
820941122
809975453
208918096
760052811
331236740
530677879
893626010
494638618
165371201
327114155
687475821
559697146
537185205
64325507
415704935
982076280
800445835
159364879
503316584
882101518
511300716
90580619
717435549
476830277
78375340
284395373
50811661
533700094
427777553
99884290
769621632
815207938
786341999
406082173
173127279
206332553
793886360
515152037
592955103
609965598
570992555
213269498
328469159
720574151
656132521
364242922
871315699
688467936
114675044
206638104
520025299
185269879
885370180
190749475
860453518
574736189
210880189
120013148
899464599
805788535
53295096
767613796
587797818
360149440
950827545
466295186
629237630
722153450
225721276
671660986
87177547
591651468
388396422
139682694
879417847
157811791
671002611
885227265
103022025
355863792
892920546
277794061
618575305
43023310
937592779
40578872
976252879
535291452
75915844
467904715
782150541
281082872
874611975
162000903
739611069
71777632
759399671
955358465
617427111
231792070
591523709
535692144
570947522
946148646
459159861
224286931
579337825
363361691
463110898
674168419
314808867
834908389
138199265
757201817
241068251
576758429
144930182
287176255
496747500
85212191
914167648
153218251
996916621
384433728
795116806
24215813
533498307
174883048
838779327
190192294
417256252
757420887
576587906
700803679
458291968
79009426
307295007
829679318
220489199
570391093
209081954
130151321
737283861
980579494
205300445
875105075
265956493
374687037
224279451
690890259
804012923
874857961
998897547
299389184
639293170
368665434
145608380
350472559
73880840
287794527
108969897
389562243
853612464
672833621
227238858
844391079
441554121
186210845
616949405
115799780
540001024
952863684
374364891
659553540
386684749
558571692
383307222
684059092
998211121
702994865
433728908
158439062
509347790
402048239
85577775
964698402
454063509
509580611
573395082
948862728
94666507
277108886
469071500
598417257
32213103
364129514
381197581
291635914
864373715
762009874
874346057
137986065
750253593
281638457
986370544
233769351
938319538
305501170
738392060
703261649
504999479
762472216
764227889
126318962
248887895
766454830
101821241
737638409
288443356
783731690
727147657
851252998
403486544
301360667
573388902
164438171
589069694
206197356
406603887
686221495
634300378
250066313
518931318
683344769
207514800
857014654
436849254
561868843
499630826
658304162
551107340
67680378
366782372
847697465
117196441
33602376
100799859
868561035
299076295
897349035
695614795
251214935
866912772
900940130
338970975
446080103
462635726
41304441
816323602
860350506
589175006
207186221
497611633
166239104
139832269
904850982
329290903
804744485
689932035
504382223
717477798
864555431
393855215
850525944
446693812
929798382
95130974
491038430
999831134
299963826
180776491
21207660
493836191
288734611
938235047
868095892
463927255
104919131
311009951
852221257
28037341
370549397
669607161
381759348
327273441
532624756
833088631
250871462
757062665
69703397
197672386
701103094
200154100
655849257
892814308
364664713
866061865
720504769
922022885
78887723
935970290
210063856
97835200
182157267
728917678
845434088
22382755
443590905
866982738
901060011
272373359
85846044
396765431
139910349
491284968
511244711
711296501
776197454
136607619
580316049
485855515
441394699
486789228
270100708
364297140
17719568
389698730
15499007
905293981
674868301
624034495
128132219
293111600
950456754
154784691
385944212
136244050
701264816
759553387
624217208
377286634
584222251
694866484
411190240
90935086
844783341
505296520
828336118
781604689
165322854
231189664
887801360
103474451
886009147
966093454
950169976
584001132
762709401
381754278
716551317
626860340
148876767
809853343
162839324
787802833
591760010
942667031
366347694
711840159
123323603
990964307
135714710
731697205
862154828
144697905
154054171
857547122
50681203
69970720
627974273
166571986
874034361
467095163
92629614
599953326
26896934
804159455
917253446
991833311
494260924
170941186
526917291
481648084
248172524
966170416
966252799
307802009
652823385
239225340
175225015
575797793
902023812
857729745
580918126
709559873
532038793
668136509
151134735
93673731
302206556
975477266
387873670
816786033
467054503
439236257
311342901
739244490
875919861
768746551
612606900
456555321
472852922
173724349
840744785
270578562
186975385
639073957
264004635
48001429
307513400
38517257
265582072
953592126
827122804
532953958
634764854
639430569
491193303
67537075
616057576
392805967
147983192
499850316
173072880
871442224
362906659
112608693
44549306
823991065
133854127
888545352
967646317
859561798
955571010
610025622
882179194
256015580
322172676
565112685
433263159
132760843
121912410
974856135
918197651
60498099
624083931
457544024
166136979
99979949
990700275
600650971
178939237
374254364
569068112
342093190
879769176
31055846
48678053
673972933
994075822
549435992
707210597
475273574
719228146
188569887
856966712
744372207
75670076
95345828
566233392
171589460
781901742
485478245
567242226
691481537
773862729
898003998
710441828
106593644
651178263
332460687
798872562
602163076
389206575
902804576
379157024
363425657
109909332
132338594
282280778
498236200
746041499
416628819
925084034
943685982
113449353
148794004
583373413
845576964
874918312
419619388
41695723
720933650
749382973
884954572
496755603
777580349
308628530
697229957
950330224
591916111
557069600
103768054
28496244
315629996
513129423
855587119
990080248
876319634
735774116
311050666
485760538
537335280
498267075
366866711
930878581
231335338
875200156
973109477
937332540
215121436
533291913
739130837
50185939
920249055
944119798
821825176
673217471
790144733
10026044
539121949
977027103
291937256
773219774
556679157
90288297
453925229
512639333
280086766
976878994
851690439
212941351
197126823
939438784
709165431
389185660
211569565
140497928
21756760
543622700
544584976
838129059
985810748
570651955
202993750
263401569
755215537
604938519
371681162
479597323
33184998
243437263
47727827
120568344
982827910
948788088
497523865
786865974
709656638
148909046
719748984
456371655
229688453
320061423
567425024
773959428
573842368
600185343
428937115
49630560
128151169
803661111
206334338
26720654
701437641
643730461
97436871
514347579
421543335
340849866
408729294
603145504
912433675
750774435
257483278
815941941
643635067
130060899
476822230
856383760
58752914
650274502
432745751
126930432
420214627
253520095
924442212
861491806
932473857
753406708
471271568
710197317
790071498
369919910
211999454
104938693
431873354
683068227
817090003
387594797
23545230
122252444
868550535
347970396
476651650
626595246
726500271
508031269
154712596
972920036
982781370
137705427
713888660
794890454
934150051
968175405
721923648
519841370
756242276
906243347
39628724
130448090
901520654
620036033
111091833
430255154
350743052
217282298
483045653
638426235
23880569
441812602
294841527
898378002
249790077
415728549
577785193
223082609
404275860
363551295
725282088
938214292
478363654
395510553
673817992
83940519
473569546
955421136
182837106
235958361
942447257
257493700
762919478
930157190
138187096
478659287
999623319
764771449
208164800
592343190
306201955
642148049
275224529
918149776
257781128
183809306
238561227
784007981
260211443
695652562
26698114
709708131
657145997
106126018
852848930
96495287
107587599
345322205
548067732
601884292
69409471
447890727
936522976
158396909
226048571
898646389
430913294
242823279
907778297
753410731
192348150
631204566
959511023
728124068
756328897
937040337
338515515
932795036
936514399
356773989
186449174
284017992
336294766
874288300
488540510
871827646
525239654
481078377
565691908
687754354
412401695
79571714
172914593
939124545
576908779
444086022
907440800
184212844
599999179
679728116
320786477
661600049
813029730
70252228
768649348
826282231
393575825
209842025
303366779
365935945
656799244
208669283
827334232
355334389
805939316
517304464
299743562
211396062
441086370
874405693
512912387
127875788
948667559
436312588
672871789
227018734
703417123
258905651
573876101
635878587
444466345
664116548
455265983
941525218
355566360
443732169
779999263
94827625
389046461
417055900
146884406
404884724
478761565
545205865
279959069
825779933
176576845
405268051
318544609
10507785
403736879
537983435
879661334
808273199
83589569
27965381
483070408
600393067
512490230
159794869
321184116
742812174
19818503
178993447
354576037
102221491
220010808
126977832
537129000
624497691
293273033
282835555
629015017
97948040
440252479
686846841
849073343
636878147
733280463
241786774
907582206
474625242
870943730
711577233
905511752
575690281
35976922
52694714
858233240
98706893
107825300
356747475
507803060
760340257
608221762
631173516
755133975
67560193
582339317
495064158
358445726
249434921
750935854
738184041
576851184
57800167
388944522
390279687
308003533
502143385
75506852
396736218
621160907
198468161
368850546
768581910
592347232
215517208
51531296
760098755
728100807
376162482
795324796
150148155
423839462
12365218
254681440
344807133
425577075
127976411
953266678
311157245
474082391
537931061
143849435
217293068
593122911
893123359
399328827
303199669
53619311
384676204
496899967
402927670
526473159
593568445
77955329
338787135
747496517
319299622
874230772
482963681
509786940
682857805
549957943
867214572
288494093
52779213
822241582
289320047
21034574
381103129
69961018
90047659
808956501
811695392
656260340
734174677
682943063
666416554
108282744
224788065
73780978
909867698
915715548
198250083
44472705
385778965
756096547
992017556
657681322
100475029
387540523
92572935
815464800
757057066
137734864
197367748
754415921
239025683
69737424
167144726
78346034
27475301
269804949
257946820
486981678
79863094
530734763
852209673
933674200
92330608
545977779
546820678
916464057
762816696
183333764
130728298
980424305
866644074
44131984
46260787
330486282
921404191
607559809
53539305
431612324
631339218
354633420
672091677
923185174
540614468
965488933
852201941
432998240
335104773
202041576
206680495
588168811
847110228
647574208
304155334
953574498
19483163
37065875
844084338
929647114
362685786
767180414
771709821
502914959
895918090
994000118
46534019
915229493
563680517
292485917
978824586
808258426
852884977
889046086
22589423
873654467
153395054
471932113
631037604
388340049
235707272
482517274
599300337
407898287
141437208
456699296
973439714
952441279
102111802
576400252
278811885
496060357
811675976
289444313
438842815
507355118
519326985
824932738
918334821
187835450
980316628
283597368
366264091
813261904
801290800
367760094
611806260
421419986
507071255
884813662
676775143
435755639
575731290
765184727
565927421
130608573
504993832
229569631
109509291
982986725
346796207
738544321
624906229
430913404
158849775
639917437
737994191
288287625
652441318
19510789
331287810
332640725
314696962
589856557
703472565
42796248
972935859
101708796
762900924
254269101
348141418
209263628
346138782
666128433
484259759
443958262
658029790
825999416
538118105
42951921
20215750
137866685
666292944
310610552
101155973
238075979
805921964
849895895
868883715
307462380
486672264
475350246
824625351
912422955
819226608
44714996
548892502
428823498
500910049
549038924
562717087
940816942
981179742
521288671
101629644
312173899
940785380
311723713
738008587
423781171
305512366
626307956
752433321
388561322
870720577
188689555
382295437
222593629
228354548
173296585
344722013
603483992
214519749
545355982
851035787
61896161
604748475
853192228
347366472
712834845
661194167
436014275
366857354
729858703
930458199
104482326
88500247
60646144
246266672
723135887
647679487
909870749
411555318
16721763
256056953
774997866
434829644
870749072
251403762
218547951
18038902
219645963
892986839
265232404
66782509
465546861
646760417
842974895
871527421
282623156
654212890
468984427
13017411
648361817
697102920
543650402
416430531
373219052
164363111
721469535
251557514
250321976
786275932
685045390
325259411
462618035
196205588
111325857
487790069
511494538
190344136
774127041
265162381
757849594
710910537
43053696
935547896
496189146
846310986
623232744
94728001
18057329
235758454
176395269
529211510
248793258
294927095
47150628
813925702
774705579
436585570
270049995
591801189
130998163
513316149
915378911
698120543
457944149
191629110
548427876
42790442
162686465
785774765
550074642
183946373
435505149
654506501
365632677
807594688
591742278
639468469
992200177
950397674
356239111
577095943
866467636
627186680
747442951
292271448
315658140
784686306
215509639
299363057
805936536
844758248
307424566
147522033
639619563
263170204
151897458
388116595
178106124
651621742
300425125
236532420
892758030
665852281
300874600
495541881
959820531
568428174
636701254
299740538
529694312
332539256
377386998
676595958
398614736
959652970
645254935
10673902
916004418
408836757
873417362
242130315
67529413
689436848
918096425
65855926
232956348
564660697
400743495
174010295
723118394
354208677
46738139
974954748
673651636
197690751
843097800
321752209
427010406
183078069
109211419
20948209
232461613
617086255
66841403
991465809
653202653
697699279
75370308
856525378
378743253
802809253
677367168
298597970
930559141
319951134
91067991
998805770
611838426
893813761
803439438
882023333
734022594
637304603
988767105
476199211
510190684
868443282
142474397
941271899
137069106
84352675
303392833
376223038
628124747
40472510
777255216
889465052
341901474
185845198
488868105
228560918
672516333
780456459
316975556
986799305
33345580
606424664
498048902
740394428
426819665
878696399
666300403
724723978
358846787
539607102
429718865
19770230
549164816
941254109
804687508
640044082
209149123
330286143
606329915
62349750
294410748
849938311
550060601
115424449
505581328
288262809
866482782
455649610
167417878
419708052
695679521
813598942
361283785
738978517
220533647
490727421
577169805
63015089
750431880
329484189
966418363
947123495
78103476
560571929
524751115
70861855
246274161
803579474
194791384
264485727
515126016
858765627
901854045
690115119
897467687
370108896
323352461
319454974
813775664
911244234
400849034
689796355
517561990
864068058
276995406
973724430
530919097
544565744
379317979
893190838
528823756
331572953
336734533
681405782
94271753
537824601
257269497
919100137
371369174
445439579
790474302
600878963
916460768
28672293
788603680
995717404
792006161
891573386
876290598
591543739
154287104
649733431
895573272
499688137
666440514
457561005
438678223
666405909
645342821
726407590
339568545
788584115
19162635
264897812
75713087
232654002
465222985
714337242
155468742
900427586
999063987
663398265
488706768
866027944
390259899
687297842
239702403
107021857
836983650
792263205
294696861
897281174
755229484
946121914
647574871
682628918
852641213
338448253
42513138
783397656
41419900
459544282
816514394
186545519
338647930
228208772
398682216
169355375
288626827
392387905
630804069
70624578
159049776
271434665
565448351
341112742
216121929
686831211
814366019
983577644
99760913
502043648
175465992
123660515
151758989
800455340
841556380
438275507
132951606
647962907
969649913
342834551
608522741
145871464
752048169
144072950
982970034
845834888
681408783
285106959
875882882
289586620
644137100
578810396
586312204
548803179
661708049
246180617
34252474
988027726
360788515
105984346
846939135
716383805
233956105
783773317
145159242
782264091
531457318
539653326
988386227
912252832
216764611
952205303
395769095
302263114
341467262
834576399
268283153
608551984
295081118
716758839
690727789
43010213
39679295
12496364
971957974
46672445
195870227
902106453
11138301
608130106
604178166
453704830
805930055
836128457
349614748
764835793
368174371
616467760
819082888
22414338
312175543
564485168
764834822
624505515
545865157
743847838
540754327
598997781
128686404
640231798
460631929
647046350
210494885
150560151
249741825
945924784
684483465
165119443
203073688
200707807
535329456
181121361
29512035
543679831
648752204
263745548
214177573
218614100
600559804
349122617
841670873
642096296
186095547
289251179
399592864
701995319
524964082
463233149
919600950
25613384
125314773
117244953
748711868
500691490
867989648
938357854
612267666
654459477
101161755
358425902
158423458
554702085
742017879
196369713
21843829
838630138
858771818
395623968
372656168
397329281
81015380
462568216
428686679
718504448
293402606
714701487
155397816
537880120
44186588
901151224
461653727
561492160
282897423
929141892
408907076
506896161
24004654
703957786
46460216
294563904
125356466
872798730
338765754
659124940
682719386
774910792
803103385
785345022
308211312
640160453
416909991
979726817
682822766
957201442
472138171
587695248
154786823
628346706
946033803
926924726
635333038
818353656
463481719
333647005
608247867
450328226
111109476
463516962
355914447
488493792
204739990
83789980
401470401
303257328
270371245
713949355
831801396
434393717
565168366
605375357
987135630
533611326
579245566
346506503
460449939
831470776
317495603
114395885
621542246
488420030
290540542
307339707
276888491
774755945
261409663
790953529
370324115
300047249
503992111
90093787
276166969
691027389
268179690
715355559
606867849
849237051
272435803
997601287
649573844
648069199
452917514
714896840
231277907
264629063
708872511
791664438
155556664
291803277
389804564
772225704
622365689
309811734
711347796
550843556
182241858
369046558
562373455
503937651
445051729
722170181
970475129
651154112
32427886
242109083
966605724
714166759
204515066
167730166
987139890
603642753
557486343
576768252
646607265
862588709
366206958
72303233
857941388
201774100
481900251
363904451
61189058
502089559
702272371
134366814
457097733
640941799
83834148
751638660
488142621
70812645
695095257
635961651
180347166
549646082
952053419
461209936
67925899
895158909
600444981
47107925
789996314
337858669
976267501
289663441
230856230
299167342
758706877
695150819
183064842
839865691
590103681
411064854
893178240
432948301
813261525
369471024
397874130
710357473
682207732
266906292
996857001
726191289
724739632
203566572
726242536
314869152
200421359
677317461
168691651
398598763
816839006
932050009
337561061
962498122
226359293
75344998
717622727
385054178
297209957
426526801
799800862
442883110
455930710
561969712
191415476
790576901
161605222
958073787
556181065
439674728
329538974
482448114
545642862
925341082
680312379
791500310
25833546
185242016
122811884
353663157
655800768
881346064
552799008
503202003
465761204
441510578
106230644
632444860
590210447
338410246
520342865
660297467
850468388
418688458
983325919
839072246
891423793
296797521
291549694
667812417
667053989
194150480
392848541
580184840
689891483
692769246
509159777
438185074
262592243
330475463
609343424
739073523
25017400
650491268
319239590
159514325
87724336
877873237
45593854
809751886
468245780
579358847
862878103
606719017
733443704
27650335
312719976
727636615
656266680
432606351
58857661
678891141
126668682
800171270
39618986
322458007
412415130
487107765
328762281
713615796
422010062
923116390
563545471
559765904
208497163
162500230
10841544
381250812
840770609
834644271
314171556
285102852
311519830
779304937
68963690
397770788
395847558
113783123
254924044
143278766
35990374
902536288
459479707
582457207
686371355
620095150
105588967
186874279
773210682
634121469
456048766
413014153
456531055
70252894
740031131
260395665
477484910
45976980
625985219
445778118
899673830
760068263
305638615
501531542
91698896
694637457
998928555
935716872
304718883
357667399
327981024
469009980
639955559
918590579
659157656
405090536
992652833
515277626
904436392
757903461
812984313
476658395
465753026
775983821
189435469
476135869
406996003
866707353
14072344
420369893
529415484
715120548
477076081
488801032
49649555
638174013
393515372
296971206
589679839
352769493
581357151
358351213
498756715
728755424
956873182
380639651
212711448
952090855
450092848
936399410
121310183
710303166
424462416
802276236
584335629
527715427
149999534
91375468
824360368
80485134
94127715
562152837
933620472
648385007
358960104
361999744
916409192
670250720
14289497
695332388
463928810
828133937
410118664
770817380
597520051
921379913
707902418
930732611
860177723
787348289
128721986
491748246
524077276
422250589
125967116
112475756
591896168
192185736
154587868
986305715
687380876
994922451
650068221
715818499
217318614
505149250
587164306
726280737
646621971
290269473
765749645
889118534
90103785
349506194
511453818
465188575
557546028
10906857
208113973
743842302
512822985
227236995
122005624
503866823
937791008
336152876
491062946
680262243
915478008
214999021
526007931
456306506
892264825
195138570
387979666
188086525
666125944
73864469
190547718
341223203
848701857
847420050
103633080
53045599
70633925
607593812
33102396
239046249
40457892
392788764
224945151
992167174
31370411
441078995
391053963
735426606
670846329
609894523
132190104
98346737
711082532
955744021
343319717
307006210
189546873
782466847
106493568
923036579
443780408
438056041
223142055
525296901
637342486
695525390
624855301
576361669
114190231
97880526
941972772
942106279
330851673
388871822
653121086
377971061
425316805
452507212
904052923
756158322
605222044
468264929
656233350
255964885
615190601
338048874
369705988
272631774
350012237
263860228
171663168
806076244
875972730
622792492
586290782
252077769
969739053
26461107
692662371
641765281
723978653
415615736
713153642
703939047
793063341
610488296
24357749
395531930
987894277
667804273
632845071
240827499
345826465
202649555
264867132
805081360
368715486
899377131
64819986
696447386
914051922
790433885
735715895
736025732
402928502
852838024
760216437
121673921
477783521
230914080
31120657
583074643
153783362
705429500
341521594
871648478
260320750
901127046
932759112
551391808
522985878
731550066
43914677
948898286
623447554
599496487
712070325
412959511
558080154
250353620
776548950
568002111
195006648
117206875
709415023
17533806
555061717
775665908
545031785
995327858
94313671
982291174
204422911
641406560
17281282
658910554
352258307
331195934
525655973
110103794
687480957
921459052
202781260
564635141
427573976
265376684
174310398
505836182
398573864
355957106
506387328
150324253
147006054
17916604
836697504
402350908
337894399
214005525
795906474
739343270
969170075
338758056
20007553
944674666
525069845
856423499
549550352
948959922
750863221
313113610
268398924
631588593
115515198
394279462
774146277
928002459
67204682
730073929
483607921
123574760
680350068
574141550
104311099
104320578
389920463
931164314
722500995
323794585
857801857
216116133
895912622
581272973
55303104
54183393
404300461
794873507
757490964
118224960
354613749
284804691
910209984
202443014
93421777
333744825
510849902
906059079
916375791
597333722
93700408
180472405
395433087
918211647
81372148
338580362
202298497
97107179
144333421
393147222
530516291
317212393
932287317
853302186
536205423
393635197
338567398
66284423
506193613
693401405
659045664
545601279
361048825
41933457
889273844
402232408
343131776
928096899
987882468
219952081
831443720
419942050
572426133
557706205
146364551
837121551
265975514
649420547
422431866
863186825
883335965
250126189
901798623
565410831
493152508
700549499
996433301
335408922
978545633
383880257
219867935
572310714
159471248
486013997
418666981
102309253
580430734
781429893
447312178
425393836
578061886
655830051
50259275
245040561
407072192
187707966
406587982
643720446
366337977
800123484
560173227
193670307
675185955
523908183
531575857
41182363
754427901
328594968
568751458
612126633
981354793
321217763
728613459
963778410
449714751
178491260
328519951
863988173
393662590
55419257
11109438
195354104
148545281
112040684
216003834
684085979
178077542
934968932
397617818
888792426
544670053
556894197
826545928
938066295
874936897
943612814
890152115
334826577
470815440
793089970
451610677
465912696
85730534
319633359
524024323
92535037
46307922
696745479
294502368
949177194
796520549
118607001
83364943
277019751
196037858
705295449
221643105
525758205
726371705
164258203
443777798
394214524
687619768
977685184
932067753
123102254
755839006
943632407
746980618
709925686
324910669
87529900
775101383
446696802
343877332
651066694
155418668
48987164
873891350
412670340
370638568
637571839
890849506
262146754
125202151
960873326
409894713
884257324
104927077
921694552
459893015
248957180
863904512
339549460
15804728
383922749
926508687
215382264
957459288
676677025
209888437
547821928
581737033
710051070
468865454
475697292
614902092
664436094
882739124
897901450
821371183
299370977
618005815
496605406
271337977
42245220
710231477
493008111
455946984
77067612
80423561
763933535
632739219
132307856
694086219
719274589
916264738
375574672
832763631
937585001
401294037
438384943
103652115
944066312
838484401
364869740
960926483
670435724
754000582
629173260
888557821
815177997
739360558
113362860
263823606
810267888
730718840
204176346
441880969
694508468
267056249
721270917
903525736
277417949
807060223
198327304
866242352
153669903
674596096
427505422
847438607
84432411
990250184
13382985
957340040
135982918
857287831
312624649
62163131
256962324
102953955
413438193
17310906
119109408
552022186
960301378
446100430
190844716
995540978
555280577
779050453
237847998
651051012
116135641
901646751
551912276
59044065
677365572
680456158
227609698
338400950
702609868
416203556
853906119
332943081
815790307
460140712
640450340
542405344
804540852
195607028
159809571
479140264
841943755
205028445
263634167
757428117
576062589
560489683
38308243
241571009
670743896
349909637
97875139
431466183
597712586
113265251
201726777
634795472
272795921
799788054
967105503
945000479
593612486
331084590
803687955
466162844
612409906
784861343
245510634
270989361
659799820
758790278
275927483
274007164
606752706
846997218
730414909
244048834
93804727
990367734
141213661
484646224
846021704
665786268
389220296
157143815
545452294
792082078
426266488
261816680
665281160
67286801
344791029
192002826
794862689
29979004
366043018
560483240
271668191
539847429
762259578
241291778
670887464
128818080
774493439
462320966
578280733
231767653
372427359
110908969
747610116
277613951
243528378
802611043
693072975
206133875
590129747
458304208
125185157
828026221
252622689
867394244
596202246
528527015
214409463
335500735
798355231
398070228
17439030
202283346
456523589
212350865
454598146
109853499
658570300
570044293
937593769
303666637
804343306
929056157
746737072
606193821
576988044
708416064
744591280
29010781
958382830
525461665
75755434
672495684
785723911
810131274
130707512
238880994
32283926
905509468
590525544
267039741
69474166
75108829
271057217
162453474
28961681
886926541
925352642
12101140
464779109
408248601
718084006
679771209
418856125
17179153
279274915
316017153
562166620
762009603
254828750
605674986
30673840
962976905
289221431
902797305
737740411
467403933
546580874
318393137
668681983
999192930
285038616
655867609
648890354
421360387
206161725
444460316
808318936
212029060
914645901
534785179
976557497
22010339
788823657
536605175
899051764
266276906
534656179
13787585
65321066
40064732
735065884
905190295
491539800
55415948
471966774
305313701
450613867
991254100
563158801
583337189
793769145
617238082
887562173
991080156
273741101
845260963
768299440
88211819
87915934
171745940
296688836
766739001
291549874
826164884
238299717
770017641
113986594
110628200
213540578
212271862
863923432
481034679
922869756
472647624
41067051
121462542
99833666
653903660
746187925
627908310
389374482
139218077
52296063
231937552
865179373
824316853
858125854
794885892
571500756
525951428
893207924
244055246
353795445
220084293
402824349
465611959
508108897
213981789
204886732
15001724
522769172
850845548
721635752
700194162
173671571
818922933
191079258
864236585
105932003
77105278
486918435
952264998
644213904
740323565
697010247
751308125
808300588
581675423
560754415
403444834
554357259
929443688
17232251
318306934
785549951
627655349
755439117
755404427
155590846
271979417
511865547
849822915
448554654
394364106
50722542
983349552
434036147
399438298
671721125
547141794
141078805
173797180
75791495
577526526
30538156
16621279
869827698
853021986
757403422
80130919
557461103
50138499
42643481
634980364
470859834
544359639
273345778
335477420
467765275
539768640
691079519
589428901
328432778
204529959
339151502
340677606
897879643
231819453
743991001
188890936
670206223
519231696
439405315
276343707
197913654
115559131
618845021
498152907
437456473
632137679
319435981
614298661
579864568
38044988
759462175
898025424
247022983
764168443
669998334
432366946
767810442
488276641
755159579
656617220
936583926
576382592
17416233
567385119
242904278
291487013
764690379
161617416
705348300
126826682
703669171
844754116
389151240
323512261
424895303
95431513
470825560
159468271
288182079
488087184
358059143
886812667
475203939
791306245
113488054
102066153
126162062
311046327
178001717
944749098
107386018
46018369
909565902
572048918
140766227
442111501
787556297
345925214
779183683
527650234
612368559
757784526
834897813
104525211
928045467
817548776
145051536
376444723
412372204
89674482
499152852
329862894
367304088
908420285
24176665
52899530
921712972
766927353
802932636
793061838
693805419
259520673
450819115
534217397
947939645
705721340
413528433
765458615
176243486
471571921
961352418
93781670
724984546
841340762
20801586
261750788
882512843
12676181
436171231
895576425
690761024
169733080
389794293
498979647
164187491
190920598
49709275
187630762
205591292
88771302
555058600
372719046
282663545
98186684
189130291
582509084
535767366
710419216
258562203
230985698
267500587
334589295
169666272
453239251
397146979
592730400
959866135
178420607
318799030
972600935
768504688
223740015
721924536
897550630
721214551
782681116
952320649
787423281
527875889
310883760
448607548
117353648
198150397
669143100
482905827
924197532
23495108
999073125
158224114
698562278
192264340
766794920
84964796
923222791
450721044
300200539
407008874
766017915
191563354
435751890
285941502
176900358
599749196
894160316
756154425
158076241
755989307
370387825
612037686
474555724
565116835
734769669
417537172
331333126
188953603
502054822
510190961
615814138
871028637
920056813
594848547
269926956
598352302
665423810
220241073
244480683
273495824
773975502
533508001
100470362
169469812
402677501
777169198
369693156
856127533
57016483
569309257
282274741
151248469
339096351
515068596
821837548
908491607
731300147
896328375
203712491
31292348
756501878
139179976
542414442
11244232
537282309
807602324
704649780
674176780
536115754
842462109
679611087
921284141
267166803
608579795
795795932
130313473
564614102
437832297
937228492
101531519
205246233
336425284
374215812
970278450
365753964
370630554
913400578
457001156
649935618
378536047
304363721
341171327
156888217
580554649
333488924
136778980
832228155
426030285
674393469
545616939
996687226
285565311
309381429
524064849
841813182
816252627
393033506
115151705
340692288
563822612
748666039
111099324
264128349
813001833
238695810
677591221
888994294
238371049
548904032
785916989
332329542
418251002
760846570
782407596
199192860
105500126
557976550
752097713
960303673
523454703
429719946
454474502
847809363
667394271
750089609
325556679
67246773
724479914
967859387
795909086
410883829
589279247
730661712
164908930
301794321
625687962
296813945
924750469
607951662
330404986
74248510
616213563
734553951
862066124
339490125
904385044
121627190
704525127
584938265
269324035
606043155
428674813
478909970
91416109
555278345
199418198
490317575
697841172
209256559
327697962
727639275
209242785
295640695
500881096
475465096
158605249
711324022
405338714
436315948
619318152
859006913
535505829
515002546
371222340
690693566
902423870
665869220
848608870
636705744
564940149
66969134
962823171
203572452
74349086
846619958
980132159
56432480
736438594
606258513
55112757
776657153
647481975
801019578
190801404
912761769
713363916
72283850
177645049
34921067
248079680
506444581
524669584
901266404
821936338
448715796
111191120
889998631
585668939
326089495
603448490
157395162
441700124
948967735
210125349
710354929
863260152
684116660
64996896
659899818
882741799
255215214
348729219
836113064
748686323
974446781
108618741
371180632
948594597
335588470
852159546
978503620
307220665
640769404
996537118
836350155
85634195
695340602
598640653
877089642
445697875
289630005
210380138
60229296
567227097
918179871
974990728
211341608
184716761
590973417
291653093
643038724
190279327
374882490
841668217
442654880
742892371
10636303
840870124
438802074
742474417
513927254
196109028
196374153
947767674
24658606
878690134
150405387
289507983
148246075
965017763
894188500
834181747
157599867
740378639
254037309
411776616
615163946
716289146
885353509
462832645
352143652
729743216
470191535
82387009
548814642
194022624
826103917
939615549
305179885
944720140
738320265
170429280
594411411
124815705
226726785
894746141
891365539
567538391
426782377
905791370
391934376
725745908
713757217
679803027
378296284
389739364
205896988
641219826
778079228
664756921
519782719
971408112
261437834
351829320
403264070
134609711
30085799
808364709
457662709
46100233
261657777
13890150
66550417
223355350
479866275
463831714
92404345
275351824
19053335
503101974
341820308
958989742
53530482
694681974
137515204
986600796
409614410
685722447
27897796
972454425
142532134
607720946
246667620
162330993
850249019
830201570
194948920
179029038
174783622
702620611
745850745
866629883
955956982
825249827
824684731
475214541
939260988
10672672
616593428
520456061
540711763
338835158
369313720
273386166
161002113
268076565
288827654
688653464
240193981
779811812
497495653
266412346
341643931
167173137
112835020
272216111
734288407
585225136
518535375
669046667
824635160
140474734
686921756
727308160
627774257
775812736
29329711
854595634
659630778
692448542
881647512
588226058
728182180
889592345
732691176
599261380
469049365
124711279
56486836
993716420
137279728
201496289
453905928
452544486
378751682
949241800
90587837
358817441
422689556
275844906
682764765
278049470
149600807
835169850
853350638
121395537
511042310
221857871
208663789
437239846
202655408
162125579
113521390
69548730
229739410
223532577
773845124
423159414
448793975
335845828
821261768
295187483
245623187
549122216
272704990
979410606
906998269
656414612
710254385
16288924
86904675
423094794
356678444
179585411
686967240
667725241
133595945
688644372
32834564
452818635
151201041
788171457
916867313
528878281
96202262
440303705
455682666
407474427
420638397
971798603
988698265
276887417
584508952
760515460
205102923
296857660
903884556
776909604
909721801
301098873
684413524
452781888
541721670
915691063
875909383
831562142
576128910
252335522
869914468
372566258
885762312
723916086
233727578
232135848
157360241
727210065
954710802
195633260
639961402
201282280
149409484
43023741
691492917
885703819
525457928
678339023
115046494
515418438
969898683
937126908
167304330
248848150
707006289
504772361
522797906
246149378
638922510
277107325
922201927
836195782
461928577
34657322
741071860
329286025
962370052
926239403
54325846
380038927
991926187
868417255
140426095
353612765
478549741
988489962
934211046
732106656
355797747
325005986
80253167
471518985
544737943
592323361
942275122
59039855
358421635
759169650
760372228
851381730
407637876
612911919
141961397
871115874
807190918
888711062
446833427
879497334
466228679
545712116
167860634
792264503
440588947
513693439
844466202
12049546
53605056
76398180
752805466
560686459
260467199
654954872
267364411
629226734
179245732
885069062
179078228
997778599
546000065
281365768
77618656
476279896
516158765
286668221
975694325
69192290
532490642
236029775
114164871
423369045
503861298
471887664
595974597
106718405
935160913
500382562
538328794
809797940
875281707
945579313
263075916
489378972
350625679
291666043
306432516
466205008
119382418
49555726
872977162
204882247
125893132
841035673
532591115
806550938
230087305
480627379
380080338
253608548
907917696
279819146
787464273
951634678
489648312
265168368
418633466
890330521
734913208
137992694
716380800
845487409
423056108
653344509
310702548
45716051
681790708
958935632
800105904
403088217
828426967
831452358
785736386
787115927
10280532
266165661
433128362
518915620
817610688
440618106
318827657
835054008
212326905
496784492
286401207
485124007
167583120
749075255
346832381
733853609
12344317
226757133
341541194
117357249
868101779
325366701
628697199
760204577
257297308
274474194
400511099
110509666
171042420
168395128
581014674
514408372
991752110
615065796
346745625
58392798
318817868
466832326
713791050
224652668
425703712
740595985
955285037
504072663
192914975
694332408
849210468
130061526
517210287
554629570
849676241
933058687
889531585
792679453
250874988
228337353
781824368
414050143
898643130
906610754
706812356
360493968
35438692
157928565
149058111
447630823
333368705
518874621
273156952
381405238
90026613
682238554
505183718
305012656
648261885
814702664
169626168
216439925
658973471
397579909
864616051
536120803
333411999
373939649
640821006
338064616
281127115
939771325
958941495
163509007
133672016
599743826
533562028
303272971
285535507
619190792
700613025
383718014
507936777
74836392
436669653
804960751
429823450
51016182
873086859
495485579
488894050
218462617
889109347
433219238
157646301
60253228
582648379
484333138
358102009
993507483
341409871
167519151
678512487
864726040
425425766
939643125
593311585
462823911
245973603
612479313
859251446
67837590
776438566
474938736
214354820
840752635
101925243
283592794
566956564
489801196
577961652
310834363
227743709
63990820
536230524
439163290
849181148
597343716
394941720
519718127
888260673
767120492
770601015
932128318
883451632
886607911
280949226
479411444
378780752
20877234
582869554
891664042
319655769
161278622
942080485
595850862
682150330
464482666
292784007
60442737
671605684
780918429
404705532
807932093
100849111
342532701
142378103
901928564
950417956
625535023
878880396
16994307
946578413
910038300
799617123
638089862
161018221
935707622
776542474
665453791
600111370
510367199
46274377
263843642
682046618
530443479
588336177
295072839
697917497
431322041
693676846
628908644
46332314
111771858
622081712
493938132
346832979
473748354
491441793
377139120
134066103
21456389
308658417
10529426
584251055
568166427
50601032
907962728
773879852
668089142
927789950
761789251
678372585
775301645
44630440
732613288
322883443
28027938
410497646
867174969
953685751
73516814
951132585
712569395
805176312
86612340
937517810
341224257
194830863
340800255
319328008
979423619
844635362
814380643
979458459
404011432
215959440
577069765
485128262
847679920
440362628
515312383
840968443
503272760
935997350
875402436
944760130
430437159
610836988
441279584
298411137
27821825
756363726
178724976
932449916
130980345
444271817
972892787
56467447
723267451
878015391
681404046
371386285
410159827
744428763
342813387
588652460
747619248
675101397
979188063
177059119
169275198
474409299
678521645
614861715
878339776
565023244
323778736
637754150
633761919
554972697
900325156
805712094
636446316
995144280
983511089
650856454
289285972
354130270
590168727
426598673
426201797
333042479
112929189
805269831
575084747
287229092
513342166
959625888
280184176
534025941
762570239
354791454
701293534
791587990
576781869
682010251
63421960
558444615
246342175
659934287
789289464
568719825
892024396
699717556
40515270
91829983
98731445
416343039
323629427
149323262
285832600
189046484
317267441
395974464
368548053
881150650
686187726
899373477
333835411
606980534
426997201
516659222
866984715
161602908
345088702
531811199
201614603
228701987
142130270
175915422
706458805
977703849
12818786
97039690
917941070
706316797
747142107
586808726
51655094
78193821
793971248
978384278
375038980
147196515
907716707
539003052
937350662
165368734
132332240
238191399
547967890
575720756
299660645
419854094
972790418
466228813
362132058
369217934
112713034
332713514
320439434
603341778
998203350
687563292
285203865
413514827
943446137
693319065
995679705
238606948
294334235
147892131
259624746
670772210
284562091
75136346
132518006
744137755
61733156
432735760
266832213
890735135
691293001
448190799
366909143
746529145
606314919
615168613
506352865
163275693
227403968
675758438
508704079
669760624
882110552
606322464
591482432
979777672
863771435
907081214
819539885
344537027
596888786
685732870
694104866
615822100
631777495
532085139
216549709
633448608
67669644
824462673
320443551
251147111
690194350
25789445
525865307
119305773
582419931
926505042
771455156
817930414
502433669
135102639
588950522
152154478
820405967
557595800
328810766
463690576
982840021
173752192
331115187
329909955
273430328
972783957
567895809
724961869
774069753
711933627
517203641
403494328
340142203
259867954
462278429
313106814
61662366
941272229
817520418
310985436
263262922
84887441
485521137
42540158
355669520
431818239
257061142
691554761
352861869
781706720
758716878
528688288
217797541
84873853
628630475
341914280
39869034
802370663
41385078
991677526
835955611
520771675
983426132
816018294
528034341
590662650
37225234
64486829
137053854
148402937
360603351
270104819
668402361
580072275
625075420
31555280
285652735
864240285
320072638
673291111
178989301
41636093
375550266
897432549
246159238
619469524
475195712
477129331
692398587
217215922
242196182
614561152
530674403
880114210
972596487
265314253
796487250
713009930
55378844
104230509
307837405
892322970
721414493
244206293
923992516
329275132
425226416
872895360
577868313
733008077
582373373
79310284
925048751
142290627
465554361
145974360
622989896
101384437
152256204
763115763
685728134
205254939
434896905
198831269
848299819
274030452
825631257
996292212
67976474
211837270
447978220
974048586
15541204
812804816
333687442
450254941
945216309
56749887
571523457
38966733
495584705
432099220
509533013
836122385
288681702
537082841
442320840
645730503
692362077
64008001
385553716
908968598
887497450
455998470
990416531
720791642
973841358
982212138
639305674
793333232
382036376
868842186
241180265
941648519
606030562
400080269
803005826
987072272
160454165
437853880
414549987
462094072
150188919
573525272
994003726
508832903
942520971
200343853
930172322
148211068
71988494
815426513
907115461
629545766
172833643
286918302
292290800
71763527
262649933
714485671
562790908
45079254
523102371
83470437
192366561
54279784
37424897
573609910
690727565
692504032
893456218
78700697
790836956
305953530
980406785
723949802
762180763
523234834
594844422
912518859
577716534
276435852
890058064
354584909
875232803
986669498
374577503
646496918
429220942
200926969
196933845
890715826
527425409
679397350
242682230
964050853
816466311
976773150
956672945
234997681
23344838
722602370
435031506
872883181
924827862
970619831
828426869
720042678
917168511
483825473
811078722
633078843
26555538
437029744
352237740
774450573
692441343
300052594
754645595
711372606
24418046
500784165
924789213
587975678
610179270
906535088
113279865
919948176
757935922
491979011
316328012
286799488
485130546
811143104
322187359
173212168
491991270
756822989
974064271
206851672
862064236
971691642
254069545
320865032
906197555
522904563
821985692
695850828
840392757
903862670
687321878
149952929
936523371
442973347
522301009
870895331
246842527
145781296
138417729
403653290
338579102
71874142
259418682
631698308
236402742
926813514
591183193
544706949
315821083
638246954
421283194
12069063
153188228
602596686
133546487
839500975
202363146
622464152
578425540
634453618
782874340
922746278
243925268
779010192
707456228
552445994
943201051
829790661
160982657
408526001
849705295
685875546
96955670
70958968
405658353
901355867
183875334
958894692
823195117
906828968
426618014
637325815
835413718
891615303
421305485
978432017
77215839
805237552
614138780
67010854
893253836
61939309
25169527
825378077
919686813
248113750
122661985
334240206
977608081
743193476
254686207
395918754
398221747
865195740
725409881
937554587
377932208
228769023
544395501
308586366
82742037
786453672
528338047
584293430
524193082
632496532
295019409
180767994
87576485
686047864
276274683
688617000
482142273
521161065
600690909
222709202
178911129
183162825
927134147
169137758
729541074
970824102
990111257
982175978
143653961
975418213
439129551
260880864
966073381
690265974
374604489
348772731
387304189
776615914
935084067
381062062
152677084
601805711
916713252
304475187
319948664
847918149
463783903
872399155
561403865
570486067
603658674
780570001
778241023
461030422
967013211
272951531
495624461
715681495
218698328
723351787
299936764
105378580
286429058
240568949
907617556
891610656
514873143
888238809
505703551
740880992
403396195
306797324
720772545
374161763
62562414
731700542
238579306
307777484
490596691
417370514
676876306
811416340
722395636
118452634
708607967
936567523
707375646
33629373
583617501
357601250
270732107
162061458
960117693
742844849
391805330
756192004
551989738
474286758
952816051
18786612
272449079
488025155
245924331
893681412
21820511
512539831
899384091
646644858
874957502
758198410
550208705
79817597
66559740
379612503
931141504
294276677
57902750
434718299
952181051
73063204
707896288
110137058
982341560
22485835
303974463
919516631
688333452
776526478
709863115
114005881
503790472
797782058
871447730
342037064
843889723
557573286
714776481
101576922
619897449
812558116
495596193
470023110
142784042
177484871
741167078
895400020
800719417
486205676
924536686
15994773
647341190
168054298
903928621
187262067
454517417
166636879
415128717
269931875
719984636
623557050
346985554
381052863
715392379
224514667
172046816
600403324
611895432
564281290
499427639
661809334
342800125
485195037
531736979
899357934
613847780
185828230
682484514
88344067
179798256
620660389
29210111
407983943
224132746
932678546
651642132
274085441
156750990
705742048
131088484
572797851
328559956
257951191
384063801
120547899
948710821
179435783
478587793
313966626
354820665
210606167
348986353
454322101
328647158
182008637
928826814
324186798
281272628
684871341
524353499
843031181
509372873
680967454
26929364
753588684
386305714
469611220
331739987
358096068
691488662
29722002
170608690
698231191
215759526
211388738
454742541
270108056
144206664
733869695
452506673
383877789
412998615
963995203
875067881
659116570
442388660
254474857
273896035
46999905
470018619
406950132
578547926
948599577
377054221
810982859
345205393
666048725
904106106
939890632
11344515
903196332
544616565
159937730
244309979
417526308
509873422
309003896
958267471
65548587
930662515
404183908
761141196
485125599
104066400
971988583
770734489
228686380
592258522
493704926
508449187
491134570
84163787
247575341
679057896
820513408
894226022
448696830
839624800
378650451
155370724
28106966
704520615
511521655
57739323
807656121
343722253
126776437
725423329
630589886
774671857
726473419
609338728
33183313
90951250
82762098
138944036
489461284
947564141
125657148
943130918
341534298
731308955
29368555
379162591
945710779
27842956
593625800
729102317
926416628
938045737
759051100
174936333
795618991
766249552
25841696
852745592
13482827
32176013
137715524
955289917
908894659
460658150
748207982
251137299
483037869
670730469
360397558
960291323
512235194
530490314
388180124
17409232
244160476
660484132
991197837
846353984
322595974
713271444
175829940
842696468
730511270
249730411
567280626
124760151
48657226
881556779
104116886
467690743
644516765
363794870
263751123
242938105
291802020
385282913
777461133
217108559
706060571
94214697
437985419
118145997
85047007
895164474
600698528
365118021
846074215
809078925
818381549
439415865
315754223
950893275
794439074
700853188
760883966
804072636
520581728
768543826
503479412
868314113
430362862
836176447
140635301
188163956
793040892
202348296
392032591
89150169
732880450
592088645
389738128
527647826
149515834
234659560
774351082
179996749
412772232
720728292
867545107
596356886
951352492
810213589
506753617
866160382
577172695
100451213
655327671
372317409
740039290
992646371
815824947
422412001
136682337
437651291
226094014
98933206
869251417
544041659
422361777
737020314
213351705
184695591
291753330
563698471
394947579
422531999
470176280
350642816
755366883
653930164
451058626
837684534
995668497
190743525
920665409
215774482
33824129
222772041
114784433
624579597
291527991
853179868
888998197
158737942
67370721
206012445
649487569
718122175
368736012
197469781
198367057
246716761
285204377
587850197
663193413
690555202
591309359
812081478
588985833
535360297
405095080
87085919
759946168
538740191
176116323
191322347
313047398
469872173
410867185
953410248
461589012
219855695
709952809
86878087
44072427
788620480
945804255
658271992
532651982
837392805
486404162
62670304
825469650
832560961
575973960
865725119
251418563
316765620
157163209
156224279
287906690
953031878
106006690
698214974
948736681
744346078
466555787
199111709
822113184
305431913
94732125
738533258
913071729
701096737
144611570
98111018
919657785
936426266
394925538
698411788
833274205
535199409
411748253
774091243
810383435
386417601
554074211
520410294
115499238
251262028
359933376
260166855
35649691
748360930
11898335
956519334
915756336
477313096
896816672
701137053
342289835
489588269
181993664
665814939
452347475
510477166
833869369
884826287
266394928
854453777
485868821
517942671
415437555
952374857
792481011
785130813
776997347
176264192
160041897
615093934
29926209
272057620
641490103
934499821
648962017
580021877
875344375
935710535
270035654
165924231
538528187
472499252
219903087
489233403
565807179
838913805
375707391
932202404
296315057
312310581
376465346
228168065
357866719
632962213
487119133
216564583
516695228
157284211
676839476
18033301
496533861
868987946
979469358
818257184
836963012
838924997
103635637
770277939
204651011
641966644
738487617
33356548
69786821
880360447
713026890
459316131
726018791
783198861
130829485
284066441
969336173
182599751
234317085
684364508
513290338
738655682
953239687
89893254
406018591
493321778
669489094
365064243
871780156
62051753
992985635
27805045
37565605
503519010
769822855
583342104
172290747
637124682
552692488
759193600
824557955
530101338
954419314
156377939
11017145
196956372
898210923
691388602
213901071
12411991
167459515
445846747
781603275
296977703
338721613
935816415
592205766
612131872
430149842
254219952
672303142
578294226
578651332
585352858
923010186
62265112
566452651
235561982
787512016
331478990
354475857
392196894
298154339
17001304
695196685
313292954
42049360
668170914
209139241
796659658
176462657
340634519
894201214
645418389
633894530
165772123
650735307
572539445
358534869
901284983
896405126
685626069
340806263
346979195
764066645
827253700
652008215
625377928
604083415
876601212
924989340
361905664
895755043
633371469
392295361
142277304
201166853
817482086
834251724
527841439
588979014
39584660
790412873
812746531
801603394
27234707
653543065
186379772
295660460
739566149
557965100
140564916
756838195
207338960
950260285
895742486
901031122
395733363
575378576
990263305
392122250
287018355
936829249
967448308
335009146
182203593
416778055
244747222
206565859
808619344
128871967
439083718
264966515
510581416
339288419
850618105
505487460
874169574
437662922
23186433
766982133
311433052
299868968
306574453
972542722
150947789
51842837
936252393
497703822
298589680
294844338
73801105
791902025
17841048
473027856
36119998
826391012
74508507
985062265
67814800
944485325
650470532
462765658
855813935
40249642
983390460
821197596
316101130
932428245
45963950
754954297
217837315
109977526
761340152
456738902
726603107
478847860
718136278
249378182
715029185
717718382
606331881
258781337
285434286
303998413
529880648
525813056
661178518
601240448
457801143
133786256
775319429
174809250
242250083
351733922
780601431
501025251
459560104
15735686
250960642
831647406
717009150
264686738
268385605
389961303
71109061
361288692
773829695
676063274
462116645
672315246
748888602
970987810
527607278
185114850
377498748
374648371
809633032
676342942
199138006
357341999
486315162
925542963
745188448
303409186
575072206
845506355
893090164
385956761
976945501
954530233
344288841
717306373
86820647
317770760
762800437
474772323
867858975
865769069
194927233
87499545
590191590
810958043
49329485
746816295
300794083
479910352
386247548
948835470
916121310
839138401
223204475
574808772
61441454
762933239
329386845
249291300
459322588
665814898
984548095
196002017
524341125
259928761
361424613
545381177
549242927
659887272
239682074
986505149
871198395
509853280
515895134
144506747
588814462
287290588
483937219
329826409
698804254
70491739
475926510
228857197
812025793
260715647
347769755
309592335
330137901
181660213
55000580
238997730
327137693
497956195
92206707
658126055
495931882
256911831
486320366
649271018
688482899
583428608
492274113
243291528
121599251
903457956
794442811
920644163
433878188
867155510
926548863
982993925
576856786
124659807
182979372
931296794
800604926
898915909
900607068
988036454
576811417
555665479
664191746
988014814
249534490
897726517
500362182
511367555
463360738
830351498
437211992
560914812
545716839
463160055
728847769
718286644
24923821
491230794
507085979
701049998
125442538
524083456
626162928
433552505
410836220
60831129
632190278
565707021
787465781
583703330
684105122
111645980
32498868
512482320
822660789
41049086
423521729
807717423
81876959
371046836
507149403
298708050
190590696
649431653
970660759
653987662
470453321
190434519
921082396
568035092
591888779
993275867
339693339
60243790
166259629
709418293
688826475
453208097
923412092
128143131
185639377
527398877
33423495
951885163
393360048
35920201
780126022
854729296
506246339
119100626
885376718
123385671
513190061
146445901
858287771
855474296
373495757
894608821
427792687
972144593
344097111
759320381
380975272
961503454
689062859
604630623
853586932
681196157
79300889
145344137
855242989
199673989
350637473
205893090
377729213
169925038
870977144
568918364
344300126
862893468
650095267
473464330
789269875
570526480
782951922
225442764
382108614
365821651
657778804
906321357
889411567
378469572
243482477
353207054
842329298
234826824
483585058
450098720
205677492
37974001
915578207
172922903
835533803
390781242
153473126
967851824
849489420
221829963
283036428
750000006
468394095
116258499
482899715
237896923
96487927
920537638
476277549
950739251
987389722
264441601
122113065
595692205
377569964
486026462
100370491
829399749
833613432
681179303
330658100
948281921
743054489
575948239
273387678
489712534
486890314
733560171
624534908
193658708
188314109
197265880
936761927
472886571
886728301
633615560
438722559
574952380
823973645
651491416
508469514
243000221
549313709
218654195
537971015
795559730
411159066
480498232
307479307
73525871
134292043
894648958
82565521
204837909
515642883
323629303
557906491
268827657
382077357
337191963
627045201
14649416
606324754
324324467
909636754
287626880
299876959
953504068
699855140
792320025
912708026
703577105
518337858
26685329
82458371
827865904
815114965
385707768
861169619
21496038
741863838
963727134
816768484
432390562
107173736
589173581
511013061
471676402
936770482
409265448
812499037
686396524
964306617
961685637
179641235
899971202
149579264
235716738
235072681
491447063
508750474
790677079
866517947
102310771
658810671
12753604
903728263
380918858
572902039
304446107
766254654
558915002
332711926
984433957
747924305
255248113
434414921
307035048
644428702
22446289
156011086
347081724
24324303
750172851
970992360
176224765
134518686
487424819
810386236
867823628
234875089
705593032
78626750
121749756
398886200
639879598
93018836
946730339
743263454
266294297
706115009
28991430
831005945
108798047
501841849
646460477
696763246
510344126
474114792
470658292
633909209
503356119
145799297
330000451
514081448
896936873
178289909
368680567
542202699
942006508
429866551
947956818
799259637
22647992
176919357
921203746
119778837
59967476
47104859
490760346
468262220
915049536
977896867
922504016
370795365
909700848
307495373
316268698
320526107
774384013
779450120
730465798
212697841
551157048
851937185
405011494
465965665
701515460
869461190
921939430
355934614
661022180
210613022
364399833
472867919
946776611
192408251
594071954
59402396
50957005
499858137
166476147
969339456
203266146
166425845
336678643
898472925
78911501
173222086
984433715
534824651
89323662
871825865
798741016
555088899
30816260
161770186
400532324
999776072
630337207
792838273
349316720
221252591
568303143
208033776
697397851
194497368
324387042
307991822
67725096
341218693
669463465
446382360
882791472
278679287
804730850
341361071
165781258
532590224
886508253
423846002
658340613
169116576
291477209
388142267
732902500
118708999
106714933
947556160
271450344
955531242
709754902
997010929
157996396
532206272
473351219
326356234
30901836
154129517
160956080
964261678
593628506
15805190
829513901
31077880
707795351
722292831
76647730
421295349
258777406
222874092
53106353
217098656
486901913
772824291
57185405
601711409
692503187
731614839
470181832
25839965
561885509
455586175
363959997
886335385
132544731
398643685
291910826
816412702
97539846
309751622
268687224
764056964
742624084
841030071
496958359
230550214
253447735
577310131
510254836
135340070
408281026
240438591
922159993
645398991
322633910
251179117
213849182
770481086
344517607
393396292
225980085
90303664
189212456
600753653
108912142
876062221
125457654
187890523
826020874
631240475
324549992
331111974
347500547
795616309
775796391
390210076
224626867
651036621
891779508
902190929
609473235
504098262
488431170
33567871
507077734
434306518
386490513
337152989
764229284
465358595
486183626
16991934
981113425
802472350
38984479
881849734
330390727
448130234
569962431
632766875
451460589
409366378
112889964
748198136
512019037
458445157
102344422
981479087
456824268
675760069
955658994
932483279
883653147
415291392
838905042
200353126
414143845
912688973
788236309
668697214
688997529
520583848
741516608
869454196
647603870
689635123
743740586
780733907
655840190
104676418
435936956
292735039
171726679
923498536
803901713
224183956
94278714
842123024
987093697
851337945
762515520
193630971
488736087
536413207
735675683
760455044
467432902
957409238
727432288
393768315
453679605
257320020
225839280
567128492
725297036
177897616
432362645
749707773
807113598
367674281
264519555
850576697
679232743
226041435
185134770
734427651
289282218
231782924
84674645
696777771
343763741
961958417
180205461
347797100
345944680
210890933
733084320
635999027
668294002
193361651
35670714
864188925
667440130
420442634
636297747
113205005
661421096
778806386
122100920
986397971
800433351
609290231
946480259
22978937
103441356
998474346
199323984
41422226
88575070
558010755
483437013
710585534
935389729
136039316
387145070
979751330
531175119
844391944
568601968
854286102
99136633
233350582
950648548
77444706
820956473
585491863
451732050
212349236
524407975
623993772
641996747
736461292
408275177
80320512
196704058
712165360
760422122
738353453
980796424
83252897
227075733
175987721
939375211
488885973
891339796
596100250
946197833
212052450
710679322
215142323
766838546
38674131
174226960
258725395
659089091
444905296
172049364
840502043
711418224
83071403
927153179
137707645
549536937
364029110
862594649
574074101
176946063
804654506
842327908
395590466
601419214
918761222
113391299
931324815
512002858
880421689
169683086
793294825
65164946
878674141
813968813
221020215
769964698
491401635
534196410
611691796
110430182
729203166
114445816
117145795
524423818
663883031
203623274
109843851
586222086
457372919
186078639
588144058
586176913
661448370
430085852
63917845
948085220
645194467
856899829
355922424
617805101
996337331
22223835
109106421
680618270
271499126
211181895
386487734
304349874
173834779
943872877
168192550
41324844
635279683
165048140
551261414
126079217
658920637
597157514
505815698
409460409
620780887
738501605
982569156
732253351
900161506
377672004
970528501
870838899
643539552
11723409
792919843
377261317
479294451
464462942
267342789
240952614
102144307
689672403
258509396
579300126
579644328
919466693
613062419
114272083
56945090
150301160
933540199
727841996
699587049
399510674
710849577
403206421
78611279
745245198
562811361
386299096
944325537
87268284
43302352
394761736
222113678
94489908
730090979
966758123
409485499
571819519
70379413
979613510
844052194
218608175
861392367
578542242
245973186
889221702
439150282
289459502
572227053
279796708
532324563
578617213
228466891
963115545
902851178
461842589
266892396
864336871
643836534
302689299
809653537
247610883
915214746
501876523
144059461
93599392
770039398
134879221
722745522
147236635
538008070
180571333
242439174
722114986
628968426
584296742
409652564
793221742
880792880
910568247
20995679
216815842
729534822
422883649
528646640
964053326
121937353
456751003
587514689
777217518
365105602
379900066
409876726
519438918
110627460
372940170
275336596
546320949
273411111
128660484
822599574
817711118
351413254
134896648
918931775
860050792
486976212
996237490
313501800
190311711
648497761
451061843
249726943
155636691
852775521
192424500
273117192
332751649
230814867
934907626
968689226
770555999
13263702
203930140
889771296
987158633
588026899
716507895
51365197
466098741
897530545
315104231
45371185
861715941
120148492
811466111
154096475
967882323
870935848
351286436
598854929
483078157
674804332
555363099
790992478
42153285
142187191
776234382
215793549
970874349
956469486
639762869
114388959
78778651
120304017
71040022
337432236
885558985
523712493
774835160
154603605
29088266
696116578
403400852
157113505
432933281
513704578
360702551
594248516
666018630
839836570
722891727
111200729
331901122
378499046
925531409
775923085
76118174
736777821
317075588
646095880
158332922
167836735
672880501
40647222
126682791
864877758
955729830
63242831
768819186
496578898
808807377
603606650
614280343
610369251
535280431
442159412
871604077
418359657
458981370
577968659
998409962
742371523
481133447
84236892
496270193
340134805
629314419
913126972
200893301
322316963
919768995
757661073
265912817
227111212
967486931
906495791
287771687
129062547
685585207
666494779
372398836
147766623
990128850
24659654
292393258
790778423
943925285
531868581
812476752
670124342
183536083
724078515
920023613
658424744
747361215
231073516
107467475
834219734
843742237
917770965
389473438
523507794
935956370
22839766
828229758
619226005
741502924
670590446
602997802
595420821
982359908
151713350
715500804
494954054
886952170
500306869
822557517
872726603
569962603
202568215
100821076
598110925
779376649
800946431
459983548
155706909
901251653
836870189
637835005
533133052
692138724
103222312
969219189
462583292
189858108
980452668
307618751
58553240
146494343
293335914
900616826
295259408
18591427
784761777
625867629
729503411
494465812
788934270
459673858
419160374
104166502
377108097
72065225
481223442
119052493
881629491
982546470
753394987
612780143
795717363
523404372
153304478
781279065
474381072
848490870
222859515
976637454
662006607
814949003
657160937
686993338
793594906
737163050
593187442
537622292
407470863
56595307
823431887
552756396
719176523
960401709
687218630
134227214
701817113
107150576
828908155
617685805
734083882
558586705
774409371
176165218
22090211
269834108
707100127
25706974
152075610
108890067
970809753
723817773
950923881
871926713
418949915
84981088
986203028
120141945
463413704
957336681
820296127
578724029
978946871
726640542
529568197
748084664
266147414
528136646
412150287
205659165
760780683
639686162
365486542
224294907
164634746
387926803
628485298
328583222
281153293
33222505
811443793
510377325
218872281
580899507
783911819
713079098
62496409
107270506
628659703
290498443
244586473
710187614
300364254
256417016
309458069
157998963
899212086
635163072
267221555
925542120
162358290
725627918
833183338
650029661
56351974
209209504
239921950
988360944
269762278
904753781
594151324
568050728
917294177
110221754
343539901
42326760
973111383
902839350
307624362
128365378
161873271
56168355
91141304
281386272
264887849
178830695
462858691
678896570
253930239
394030684
449881735
825732693
465308752
940172195
232935667
298234239
977536370
169170665
11927793
213204127
621540703
130265473
886247758
460908110
469275516
101376599
787921286
123378833
238831550
660713668
954569069
505735990
692573461
183336568
799158500
673434212
310631667
841216750
16079059
380454309
640575927
166484783
679993980
235567226
618146012
232317106
840835383
28226827
925773988
62017601
647725088
585058639
13907539
88146946
630161033
742279904
456456843
995376691
507036559
999159236
677450021
728428013
732228311
260063381
589162758
707091086
992929196
985435621
605680137
590097456
290046247
142399785
898007046
63178843
904148578
415210978
89405051
550768190
53941672
934742958
456829229
550807136
963197811
279785032
612055108
803482003
436558614
486184059
471444308
601774738
645127920
860802608
306806309
743740971
225209163
167856273
714725085
505582124
229075199
763789416
965934305
603493084
855528831
511151243
944464286
609358978
799328575
296835632
906650984
705671366
823447150
536287813
781396029
14535477
101504067
93546076
828599046
418248550
364639088
813993466
298849821
357693760
659023996
870448641
295822395
533913144
461335326
661092855
944199554
342979338
147300412
560740493
731407876
567663671
286102248
552598733
456536442
735560180
574798465
742948245
591726727
879728076
125069851
662906904
569438556
611132127
659700483
690780437
362069083
157564660
33760134
572455507
368250807
995827877
469479268
372486587
156671174
761598356
447356042
468855310
820641320
417204352
648553578
500017293
462245669
699800054
408889565
714408920
610272444
707496846
412946234
448584574
493625028
171893768
598508541
686098907
138483401
974245933
750778826
786558981
240906339
688177337
807272237
376056099
182412376
523151311
495610623
458046928
744429705
854522958
64457717
619710391
66766237
902616877
306207809
762585762
36551800
739949451
600489045
110338968
218721873
981802249
786456872
718689010
348857201
43072248
307572329
24171160
233746979
165723972
316982285
813961419
295085884
125463470
182218383
269801593
247166926
809561649
995179200
759841136
298224880
629110684
915629843
314624082
448775756
141200291
402688812
239246273
454354068
152877364
518575563
949523911
989909616
62949957
546446493
282707344
592354647
238345370
521305262
671742722
836066670
525875222
423682754
164486448
513298285
912049584
496158155
334553267
104067464
578189912
924762165
146562268
795985372
610169205
81990923
771037547
84178253
622276938
390701551
290253483
280534664
499443233
578863390
340923211
580422438
348637690
85569897
312185357
192275770
219505209
715457728
178136396
309322134
232394411
41638877
50886850
437942385
595402400
114678383
875558192
589748660
521942286
633445833
391216809
701099988
248013639
444766644
745314621
670861914
859546872
771857625
996049612
518112548
903962702
840398033
593552034
928098571
534561134
239133807
94819374
812310966
357937471
980327750
274549122
239575471
186055466
572062739
185618338
999693764
523550071
712394872
157498361
914557042
141096564
443267212
275126641
108695155
234394699
78103848
549386976
775101980
754673817
601335742
191115951
601988161
80858209
247696581
319888650
68261816
418241661
250780177
226368060
268362156
289558197
427131316
488374261
700403688
786344816
742552491
622072984
256745886
907855225
666403889
689045402
969563004
144761614
585410175
261635131
745615290
445770819
784417409
634880495
928556781
899774117
244831328
522388527
465755463
64188547
926825216
433080806
618403065
407339127
585201734
460795424
642449500
785217891
593369102
534087913
773950358
140948664
47732759
564746561
431861310
172848410
10856173
185895412
725243993
722551713
923130471
519280855
474941242
996578379
795561733
205542817
992626973
503023960
928265092
71062758
120515535
628169122
71198931
82265298
273636571
762174334
866885015
134677542
420489460
38908781
950687887
812443565
669670837
723865431
198099823
284822621
28006368
288251618
167778952
998289463
70836888
126975071
423665972
852141027
899253720
787943007
724585245
53340781
682115387
973317852
11500324
511791112
582829477
684391557
407035898
801677089
353172786
587600438
564115790
908874013
685340076
805146233
432205230
193207956
414013459
31505160
386896375
50679051
665663040
389407671
759003628
311449592
606980796
868245116
107227498
527724718
741665182
88482712
670752951
998878972
18267289
992456153
307865946
707284448
14772367
118102571
434534259
82659615
411082366
222943764
71381952
964154136
93122544
892175452
720317691
477421677
670513752
893917991
818379818
624587817
55846478
264508407
325932671
522961174
595559536
928891967
388608305
886736993
587776695
875451766
607514121
533626331
904053234
495185072
900362443
260808563
294004392
55549742
376333050
66560329
172449047
370386709
283510377
531651449
505119644
711175029
232511180
969199906
349587133
447111700
115481709
577162566
851573163
287703961
60519002
411769487
716514392
428304316
566705287
576890312
462761932
783690332
197029634
781418069
276559714
37956721
63386200
645613997
822773989
438661314
400125957
692828952
728759950
961897755
887229270
429925707
810590994
436412587
375265145
48041474
597024118
485067652
457063820
765006607
996665499
951606579
628867195
339808158
827105002
203244974
703670175
619821515
909392407
749205437
512725828
784073725
864901894
503416543
107385923
852333667
996356013
969543486
222881267
697729588
21351573
392372431
726038462
531950897
516196851
591155140
667916466
228211761
606423344
893072853
481858548
752777342
635659497
915094012
383094259
469245469
579731860
186684554
519466688
443466573
625212463
191520666
290215566
15420405
138587825
797579093
241022920
166039120
262966607
780086471
153706024
303678010
787152213
705813727
724707879
75729783
345961285
494053061
440860307
634170363
267767725
531558066
988962622
61023815
484967196
794505827
480304108
640853740
495944391
710065377
893413743
760061830
255305303
630278945
952876174
237531611
439181579
897264701
696863624
226859963
208117919
852405420
72040507
660950071
589639099
758803526
503125503
295577309
71051632
771743436
336689930
727046121
882047936
925706747
501719588
830114457
517187780
516662201
45249008
308071597
928984866
842792316
603473414
94107647
352378807
99080069
65986063
303537759
383676153
988536320
397356534
428291577
349784630
364766769
979980505
807050376
329603457
733375560
953715452
795826149
636178549
229012025
965121222
862927582
461134919
266778508
36223305
964642979
105264091
34953302
281313912
638579162
119048846
334085095
84007656
613159195
833261543
513693413
341445309
965153231
633280847
109668165
89491940
111764149
887425622
861718164
444247484
341121993
19492864
899920426
130669294
138873225
159527667
816258953
413783722
718966808
748590897
353789605
979779232
879115712
272937917
351641951
333549517
54673259
914508332
457741800
994211561
488912864
757042183
629975187
777818632
783689392
646545197
695153490
168762239
675337742
527648799
486350688
907281437
668078018
762443339
391387693
922640808
693664318
859358632
290479346
63169140
964789725
833316033
356433086
801996818
411452557
817065454
899392649
200063350
836335461
606168404
822210986
568642774
585916962
417647005
562730051
788822913
335047339
306451318
652996548
60457492
725302476
183706546
804775209
676471486
87650485
935831774
144524923
271982291
600215817
69783104
120009852
138036858
423794222
429357785
358355096
89580969
675372194
756156321
64120897
794233425
213519719
242440939
934477491
955872104
905087526
598369175
328105072
345332292
906452763
344867493
620405622
168289460
960532634
285902114
685160904
921707310
852162063
475617488
339544430
634741211
769584718
149270576
954713716
542680609
41901444
105850045
257228287
152816026
62810559
254721504
33324229
980385013
672675125
292027817
965689259
532400780
918474236
432662509
336175088
364918652
269081041
762048119
372457906
896241562
565756332
243176694
583228775
422379605
957327701
164355274
174198576
151892356
390891148
935127223
596841595
826290445
897283183
203098937
296825397
728823076
430851382
899874230
503477694
424477416
653586114
152526902
826390188
358866061
925389423
853572798
696863584
411270509
462277605
704092513
690145529
362216889
160529098
571517808
958528558
619920477
311251364
596894016
568609937
882895022
195136624
24877320
293956395
427387326
185178110
791424905
517930843
213979752
224495085
907963685
259857743
358711883
128328664
978652654
620602128
935105060
228156121
253689987
480939559
614999622
376027617
573960752
954153562
466715211
302912803
543135983
749968967
355262913
311194504
558877916
956218391
610817993
942572226
883744506
344372728
744225989
683805221
337632057
214617123
24948532
179585101
720926376
110307063
12247436
842807589
131815289
235353307
289727161
181627212
498887436
660075191
365001436
562045882
253645748
788825117
184991174
432828388
191621923
219790064
654715714
455132516
116469486
233504848
912052384
79285768
989987158
916597927
276399645
402448011
482541419
667710756
313445402
173004280
237250004
154859936
872208190
946566855
127496466
28981876
550093489
812303770
777800363
425958969
830695232
13329095
729070164
62323063
79612126
930698324
164051779
253418534
896972295
877055405
943271522
657965060
757730783
851409595
231941970
293461070
347470974
983580573
885810664
803784362
348780085
911413726
198179143
586309010
778517722
523492104
744640358
865355393
936118651
937115867
34527127
600301049
248541156
628431263
923872163
434577477
194004455
960203133
775225361
248065462
335164158
473780788
329168144
657629689
747456328
886006425
756853378
207723567
400942807
573340662
321065273
479604673
235684377
939274836
898377074
192951265
744382885
836747485
753052963
135176535
382881433
760077814
493720705
528320093
668027672
791330493
336445208
279064819
473426652
167328934
722611135
424977317
77299627
409642324
322516987
347067026
934268291
631350177
126227881
870568459
257216384
655233169
528593702
531954962
268729515
294879816
540665303
304455618
716492868
372467891
536827188
925327531
86429449
724872849
16011592
627298161
371904223
752583920
862911214
255233622
866118248
773297615
842017475
532471611
850092438
551194377
895117953
668411689
642800889
980939975
16818065
570904322
238329926
814962515
777094332
803530587
529773735
817429387
973875788
842808307
332918321
75624184
653685187
502163318
434891854
959432973
248024928
940267835
790958490
782026203
660699444
269968983
569265165
62930641
264899723
243125492
831320979
515500896
443219879
756198414
21729534
797774204
180414713
710318810
964139677
211930680
82197610
151479693
997361080
265599609
42484675
99915388
905927836
945327638
584666335
433568400
815571137
865440944
851182288
630476415
232881200
407829816
403416556
179461694
789256980
451705503
677612011
952433881
889411386
645531674
270744606
617878687
457703705
34235512
972138767
36686799
573547177
870614998
540289750
846960004
946312829
34433554
632968815
644383083
348972331
451205484
934052080
577763669
378466015
89665309
361403546
18268443
97647976
977343678
65682578
516707971
336832767
328860934
436462966
988989227
579000721
775209761
619474059
848153969
336012985
757679666
985941164
479482518
180352538
281477083
692073966
990921112
309922086
932406304
994942945
806720464
406853310
873828793
666704521
299388850
348414774
182759520
690935706
789640460
107532563
172783805
307353426
891762970
103633321
57611604
659786809
89670452
72459929
334177647
830198446
780572701
780220786
726171235
226484055
359833564
22531383
699846648
803361927
733135396
76898212
501910382
749465117
327410188
724504342
155840069
368259329
34601200
162249215
274596016
90969790
651561260
331985918
991269262
364655913
725770518
897883933
276779299
624420264
846268118
504208166
161023096
622101890
949843199
695079936
379114824
903142081
996878652
667488137
811930226
377202785
338454531
777541747
166070443
141242003
392813451
440639171
279640316
381703589
724134149
782038602
568863238
328839931
159308389
545859642
969719419
472161256
96734243
115628036
239679591
285791865
560676133
220935507
555713270
398480711
52386711
581365667
751677638
919092272
34391251
733465726
854550054
290139707
70501453
68335219
376330592
824312916
15651002
565500135
682849979
549624848
998424661
262922958
769384588
668051588
621656173
224959428
807021280
341513132
12384587
730616114
660835707
420107383
347520978
450468686
247668110
163567675
490495913
527202079
268366083
481919895
722648212
748990702
560487647
578994106
672896597
785956322
954614694
766202711
507420035
679384687
739350813
866089387
282297427
557869807
796844290
617127756
229889879
652647633
50817988
958571259
651607423
388328954
42835705
875831375
279362000
307612131
861556742
212137786
972961280
495185888
816947809
520313991
205979266
908192823
846746263
866634003
789835240
574057484
866243910
939443535
376282298
129126175
880675346
744912719
272457666
73263088
929596314
46808181
165232509
949915073
191685237
667232670
71809588
288814111
76227608
216162951
614024425
495471075
772579395
614647272
868933829
424880034
980262722
321825169
324590843
608632767
979991479
696718268
304287706
177630637
754175037
321506304
605751347
276207223
291225817
752508158
46255428
235531522
48808662
632586572
366238312
855233202
712733597
988669429
169568793
295865705
798331559
970279674
823888127
916077310
486163300
404783969
586346817
237295070
750132915
667905021
713259596
731426855
551894433
761181025
373309106
580387173
502566846
526349649
661996976
23547094
726588683
592966252
418972623
415485336
916538392
67261619
919628455
694278168
548127081
12622881
103610644
602497559
141201877
160923825
456047868
39506671
136678970
928452965
459492800
807488502
76824464
79520085
378934715
638666332
537093600
824452733
817971549
762997829
468897301
603487586
85595810
568305930
782598979
647667227
402275383
818526175
344386642
421312592
314031227
116279429
586434425
215237068
368997970
980287673
512136408
544500476
397319835
121470986
23985198
398996925
436541601
937193572
13219689
209995168
224703353
591288406
428831890
654322596
554788882
990393018
102810743
804075992
470090857
222615889
361770040
892270607
262391213
811873458
103178190
432804700
741644191
689377213
446244229
859451593
113918926
641313088
973501680
325104713
390509398
220245797
56447393
746448035
746012208
274063865
332290956
679854434
462337669
89327631
130822921
551312992
852708555
757959309
582394825
866455237
705261631
576551181
693476039
128643430
916493329
97862448
821381287
235547429
820028278
368587075
144298800
69247391
540715815
439426637
174650801
922498211
923234184
945984187
317362311
708142165
258257431
121648272
754880810
191783101
585198118
534667205
560711467
31211949
178722065
536747491
598723587
623788569
597542529
113621152
298983113
586260318
814761320
741183369
179288715
226740611
195058375
869055013
985841883
512118136
372995907
56742794
926137305
408146566
44376372
269332286
884754467
236340573
735884211
491105809
489136901
151600827
778288967
176565957
188962348
130237871
434250839
810723391
671972007
633028654
129227638
294324697
947213832
60836799
515231707
815470925
648508422
768977025
211687022
123087901
643718077
720137341
852949998
819514221
154878902
314086511
824212229
589772877
983550960
322500740
436719182
21314312
736888185
306738224
227150336
537991388
338602841
431584665
171867988
975996872
897521382
450310645
59065050
928083560
289092335
857854551
904135574
418632315
114139441
558197261
743874896
84202214
387837438
154072124
926142281
954025523
191755897
638069287
990438745
272915197
275707655
39365424
173674677
246353355
428547043
261624146
694207202
426580176
578651545
579144775
501520752
620322234
654194847
298609809
376095837
137920475
240360465
286001289
316380993
264257845
872449985
728428856
726112398
530053499
368732786
892072861
539346089
436148787
874312224
102661739
28472539
118565911
851052381
986175438
650753032
487396430
979944981
422401198
189263869
726545025
114337865
831341570
801650178
365644948
963334575
485458137
907909698
522912576
248801016
762862137
384099178
27080642
469115143
843632162
441556972
923140704
81201974
368281644
998306187
741249328
897476174
643084552
110053405
442622195
226341026
70199870
954445684
351545897
744417097
651476582
177621883
596180754
645983432
308541920
645021558
305639451
749753405
23387301
103212765
676317830
248825832
623291869
697918092
875526979
682331473
374317876
135379517
20657380
462517465
560639593
576599013
42029723
90197057
344046422
492353174
147056038
445061267
453225050
264638782
812877274
805567945
816037866
987086117
206061083
369533115
792092277
286659053
31737184
70872557
899110444
20925049
514238798
836958084
480476197
347405884
41117043
856506209
841288076
385474015
392308321
427341598
149953821
471232116
348878795
89296618
456535087
188017358
343421388
28857298
997839151
394968506
506836943
282173894
619787660
50216984
166751955
516616930
790037359
833291237
927418095
757594843
157900014
408618798
682040062
548699356
250923039
797834122
16554288
225498659
226460687
293929272
39454778
246913641
828193571
211712434
672238683
468742337
567132702
82024624
259006809
956858220
959890055
466040350
262061144
236113086
403785301
27096939
409124419
74419430
104092140
315329858
955170992
53074313
192294587
964324815
139218640
590865547
178480941
227274270
751647954
478486013
719242397
696802888
461107292
489548270
148968022
935175779
130164907
206549730
134307489
579853238
138293304
298178053
834444294
149707259
856118131
879899191
81192927
711700526
661553091
483596101
774597265
875246341
290193195
740995358
674879461
165273836
241459803
872760949
757551476
982548456
68118364
335701873
965086696
574507963
59527858
387795825
31996537
408954373
474345803
256097516
672081829
496748563
945597147
340697800
607697352
341169609
195718222
893350382
378156050
540161613
883873249
906383133
261358540
156484405
176635650
869040376
485151717
294941081
894858377
20948154
312186992
318506985
824636838
899875526
761029426
125630323
159453702
659322093
742479030
178603821
856937695
968404091
290090883
662666468
579190412
160735199
375740571
583053810
772908622
414004091
22681937
346960344
29737711
965289127
110339928
521053527
747845966
673715140
226563625
100018763
318631343
390075710
775813573
250050034
870366490
77182410
831797865
562656202
588387893
90282287
890994823
89551708
606635575
47965298
926137392
47618208
558556780
434546469
581374495
585950025
134341440
205237120
871459778
345989743
605953656
185122996
594555959
412005080
888519119
186188008
810382847
14778365
600104196
630531367
215390335
644987986
734737369
722408816
832888708
53475889
772408296
480914730
108287725
90884115
215076187
881148462
807193181
52859002
721729333
343281428
842871161
308612092
241854143
669975457
486651096
74460663
119372858
145976975
568069387
605922915
975727623
948567580
99418651
646576998
173074114
684051093
463434888
929655510
959698411
825051662
98456937
293334586
106072925
547414736
837491542
990902181
968115405
710586967
433876232
886693604
949063025
98357248
100091345
181270920
673292479
968535213
938777172
917972912
809323436
938997651
378529995
596279646
424113865
485229969
37627985
829371049
732007086
416214444
114711561
824981074
629224850
885965474
127126119
189787133
46004941
681906967
295180434
166794406
776134554
541719150
955494243
252764001
963642522
881839806
936768031
696529025
997638726
187563581
95483415
379274524
193184826
902237857
557805229
91229855
577372952
234433551
770982518
833075334
457971318
708186642
742891263
679390596
317441721
639891226
533626480
273987432
374181315
262965584
151530975
98604469
436124357
825893213
812893300
998945306
132286683
904120676
362984918
819989269
455654072
831433878
409865697
737139781
491038846
439745193
232892242
997675992
582414671
25147823
996979628
799442846
984201383
184455847
760795328
743224373
837520970
376461234
829180925
735755539
529213128
756376426
775709720
688748792
388556244
254640907
321859506
718315496
668794911
681824221
103144675
822541995
491115370
245995376
312743270
150173005
215713802
83865491
263121632
457646887
63886330
932819182
885607152
910543186
616766825
126170362
616706055
375794910
802330079
991366115
539849776
955770907
437275665
898322018
62299039
152210377
738185152
22239915
62365577
843336282
881003114
271064584
875561345
687143595
635317355
531247960
743207886
86497980
551533306
393569441
506065131
890521010
389855662
417686676
555592718
540501078
559500091
589434091
55778336
785584317
397097470
588251855
670354168
808182753
757002234
796785034
517034907
544755844
395205693
510248051
969003703
513045878
971938934
583712190
798694483
131003138
345700392
646842740
686718463
689169467
712801143
982673238
598052890
766047740
313072220
116708044
115617003
327206657
976327749
752490279
114209659
952055671
372797455
239851197
588640663
938698561
803161856
67818560
126720735
349489350
541423679
22936873
723057870
900805471
611508811
152090049
106721436
185560483
163554943
837656001
988572875
538869052
264278244
693654680
852347508
412910943
58120686
696728113
525936573
365641000
388657399
577457362
997017989
635187906
304583248
890932714
444407266
763562013
439895183
523479185
135635724
437015405
845495770
679727508
865533565
998226356
211321939
192920316
956591737
580628591
696486946
977220831
430870663
116756420
883438667
87791680
852643512
779857997
95093364
81603155
830154987
727974217
698466089
844610349
363495855
511795618
789691574
726718634
827326728
894971307
836463531
565029609
817708489
753601276
60082027
322645822
547405592
536186411
690075940
438804747
361224666
352064161
475365217
300783272
31072707
167301332
520092680
473373135
337223451
159321757
478504763
467448680
715837667
907613112
357178920
624270993
516689734
357766186
901972728
11744935
338677621
206487499
22457184
44919282
199537884
484270840
740554817
207030656
698151268
68319683
44648999
790937626
463799234
128735095
90623627
418024079
688250323
135863796
482049836
209483310
794112113
390688458
402522604
237423119
477793296
420757671
837010179
565448490
14350773
580271309
242333040
112315159
761980045
748003564
842738502
784848377
525421768
797174801
328409888
813660427
457815874
556907479
802529159
471394869
704959570
267414383
261477266
665893662
578331412
746687112
406844000
490930358
525892812
257436233
206802819
989389733
390901124
780675540
736193453
675824907
513460628
162985844
767955567
753572072
583815259
466591924
268897057
866437639
623777687
329798344
273280955
72135911
249294058
728900121
813227245
39337740
715929107
140051048
665691188
348011255
931090111
443144014
817531669
246935278
396649102
661783611
129785251
513203729
991905665
186908391
47859584
254358386
872624889
963234149
305614482
317467245
653462006
994648789
972705833
341573551
224483919
396250529
772819370
914230035
601026529
543064928
496127298
687287307
417668399
186102318
741209558
876195611
812071969
65110309
592420411
64959780
660246223
723722022
356273702
730391869
639078736
69321322
737613547
486980286
595281427
386915909
419168103
450168420
219056400
780466162
902004953
427925659
528100164
488992651
880664033
607772978
173511388
925899089
149063597
467404721
938234387
693576507
656921186
581773182
983102516
882566691
553389301
811041944
460601616
392263279
823280302
617759506
58209461
521849031
546191691
699657918
507051336
464695997
951741184
288236959
779633057
348913763
83532188
717685239
259833949
962455788
806682647
145033748
603125459
262687393
268980102
413850123
898980126
364312882
321141873
107013179
528354944
989255265
20004977
187691661
150499030
789727831
995468242
127240242
419702388
881876662
808361790
708581239
80088076
136007300
918131134
157575658
741776264
815286531
456698197
711324846
552120841
464474391
103879016
929597146
624017732
608517563
531005994
346111527
17137298
949558562
840610468
822700673
736181324
736571356
42168678
436508556
280257254
466136485
841200069
495827559
26757531
128306395
244619525
138412221
257592589
851089563
78662128
501722371
179802161
492039663
853577347
274859152
526292552
700650616
725041444
711839945
191862751
290761568
731179557
350714875
861034911
619892454
578064635
692804887
893165919
274745372
793488142
602101614
385678864
532686399
427562087
127435915
939247033
803709173
106361485
612581312
305884734
422472964
368682994
783667617
691891793
574782412
994277036
999110952
376199730
25047649
776633614
307718426
622608642
114275535
428492224
346753427
817928419
940150156
801454135
647634954
209198669
818176827
873958291
459286799
19985783
633840392
952037207
377470555
221043489
99871711
975873100
75280701
397013735
817268233
165574363
869289697
75495089
88998911
343875722
910714841
276487261
639080525
999055002
742180297
798193563
750460711
942054824
868339577
121984695
497881320
727057420
244458973
723820616
13948971
767448233
175691122
956152336
759891608
223227343
276600234
284846961
462354693
907252578
597914860
117849598
455155308
676891910
633995314
737750479
115774323
84322286
92027250
51999339
44494174
118447571
613888086
264832436
642470843
250863128
104462521
814116540
768303026
797809058
939291589
184344501
381454002
50561027
109961227
85911467
87326549
745054194
851587037
22760037
625455348
816138829
546835244
599516606
420894711
347464596
374680839
37855938
495448629
583284134
808749827
310655493
640756213
668058678
376048553
300671820
306660532
137693123
12980099
989246842
313659810
285465527
800050251
763356253
526650835
689723318
400753810
762662230
997190350
332062378
277405219
88159126
542805915
992993170
898614206
651307840
825616390
841318810
970582908
639381390
601876794
356067188
831127376
49897098
959538095
755757234
591355828
873979451
977428768
971395185
308849920
457452931
471871874
848244710
666164368
239964453
291120325
829045758
890749923
224708753
695549634
171844645
135743833
462673070
114584977
582555753
713157088
670952987
477035663
679098570
466700790
499968765
839542955
466529889
913590019
528117094
344925319
180254585
166394580
95731022
784640301
609780983
502907709
285844900
503374155
901288980
31643505
888916122
219829625
77638210
233797981
881666416
241118506
309490084
229623511
277602116
819701471
329168046
327758447
275798283
955054734
688736523
65272168
802407893
845241116
941292191
90395600
104884605
732886273
410310455
165318280
680985983
840782778
422509932
992381546
135206262
617289240
430246013
448131645
836533318
505783458
728016533
337994499
698251395
749570632
263141130
782889861
409663207
634678828
396495882
724859915
515421494
480743862
45626802
602873265
945955010
102427083
937127061
765282188
390877388
337165381
315477686
58547987
850768402
99170007
984936416
879630364
935732275
809738515
321799773
547803705
83610774
964992423
460666250
456611534
258126054
971655645
536417052
392262284
826459332
244334681
221951858
141647450
91965329
165467352
353054476
438246748
760228732
600053995
239651114
426937793
409850302
404578368
963248977
720807629
878615088
228201400
762697771
211425851
158071013
788672961
141604235
582566283
987413589
731798471
169202126
246944892
545535728
641914832
149515005
407776650
841751554
652426859
658813873
457257634
186328474
931385640
122293415
15597497
968959616
994154047
292067112
962666198
61332214
678136826
18660374
215918406
717307686
228577540
353830608
65417100
542322460
786162935
927188895
336543042
696859648
208393206
195796668
762938671
787756004
480761472
840520289
749706613
417268375
881644998
613187647
754412547
564135897
236847717
276034450
741027492
774546868
130543570
408567961
23146713
146677397
65724098
479780991
222188039
582912938
870730317
148714640
429793422
133491360
560048715
416571319
217925538
561748021
399084216
436697852
411925082
126448501
70417369
429435279
429365188
671497931
826710894
417752412
582790344
312272279
421856432
718618113
557870962
995974581
911623806
423165720
990787013
113052016
565767558
807881705
296764347
614148287
377733184
904868398
756039059
501234730
860379823
466026610
311607907
959353038
919821577
683178585
839107268
107070441
90591955
13928346
992980431
870272207
485191599
765503388
281493827
270859032
735863309
139231358
138520885
536908327
616849910
683080552
277070824
289148436
887767097
352399114
405994070
877378240
453561277
94198674
800738106
204963012
316756068
938718790
457230841
813657006
989935734
131219754
853715646
215347990
850915176
941864536
775947531
345382064
946225864
434428606
66293313
801079366
999529137
110578236
288771116
634722853
38866728
906542135
715837035
906807038
945922471
690637575
595692027
257663693
931803899
772654236
811935124
10868356
835345026
762535300
155953597
447540725
451347424
697663942
972493684
61315983
67139460
570452187
37792905
930713634
366312862
40135015
365086691
895700316
92986702
535443964
939136753
94404875
30555519
804683534
179837190
326371953
307265748
972224876
923089833
206764591
258204939
606744278
507256865
489632592
870884960
639747643
739077994
619443160
926120727
836657430
469616740
927081971
452947781
379804253
738892501
160235402
298970125
272565636
105932106
607275791
79841261
738802850
731887139
405178269
264086689
341156766
299234011
619864136
228630389
800883832
857225017
287700850
885440960
875845968
491094899
181275897
316081275
29422369
564894045
563771007
220068023
501217553
435108841
381562501
310991488
32391100
288523688
416343931
794342833
193978642
625694703
762742227
162441100
719883922
787749260
639945429
12848891
797824128
72590071
743306874
402848755
441833762
266139511
379871820
835935460
118278282
534277056
156644610
576677422
592300143
990856026
326103107
444030300
368587642
345619688
915485268
146025158
438926171
94325307
38197701
978324780
102635411
133471540
939343921
972415923
684160786
997688836
195658861
54223061
66711953
299730371
563917686
123407317
922658187
437951031
444228668
361486078
908821310
290635046
617011126
312924614
166640598
894145322
409328351
10455127
214622910
79897097
248340516
995870049
899559519
831511081
132113043
127327439
872863144
790917683
717491420
974878490
595035001
878647589
829392967
559166715
159217846
96213799
877608925
851799475
907889072
393718043
757593866
404354019
775750353
101489769
351115050
617349882
156368124
212972975
191862061
987655772
631402136
968676650
374638485
799976378
164897146
794760253
402834069
692587466
54621733
660667443
940818553
877315834
642125946
543356053
212976954
445363771
132518848
732334452
217081002
379101383
262818991
616524735
105063153
433808479
351913108
668401781
971029900
579536767
864619109
209756292
246831351
702412431
835974138
916875371
417366403
880183433
644894122
493432132
405634959
575985524
319664921
368489644
225729696
537332460
455376576
76787382
888014072
101268677
338106416
308104930
334091298
243681218
337347201
560297396
101166156
585208642
553360539
780737397
638954683
699489984
675155896
423593301
339249787
17703611
474200334
988194777
949211232
322537868
416162173
246466295
358929910
268118367
297896992
516890509
432976057
859963578
77484754
360126631
586355914
92407065
752093216
256094694
323346853
72766062
933297893
405932102
653843480
482725744
574071122
515325770
435273879
159708599
286067146
572202843
165690525
685871752
473497751
296795647
648449198
740235211
702878882
39163351
84056290
371227170
505581032
505443529
852317549
183311353
618930204
53595140
340628134
623889854
330004886
582606914
984301930
494425704
886623090
141908476
226967355
928875400
389315268
382085214
455945413
781425695
291277279
386755683
90742645
360797104
884174899
534044518
951872262
821101329
893291341
113874620
36753136
359924215
469379218
995158656
375681566
113465932
104260103
340422704
238571403
335149273
46146016
538685969
908834516
258844607
974743864
535015779
354385681
59926424
664957558
955526257
565576072
246052047
51902021
166366283
809906231
874511373
532509237
646582203
366068300
657800008
754210690
655262010
139576297
26718169
92803171
410819109
869671086
268792602
145642578
979024920
147542557
425265093
753226258
57924219
114981594
506656503
843628620
85358233
754508527
212077145
757383338
832612851
385010616
79929741
170003794
557391294
106847432
817949417
167795145
36590573
746318871
979825631
849274739
756579537
847057659
844019954
929263870
469309567
118680263
841088557
932447940
80181333
754360774
272322553
156801726
163776253
344697318
865962370
36349733
130729153
101140737
721580633
118761027
684147632
962013495
150866262
169412753
919563308
793770935
398284291
56684951
318035233
811778313
699740344
479106866
87868416
436675281
337605057
46843260
30749830
185803829
241892863
401307213
794576607
911921862
421992647
983729880
687657461
783007990
459627011
711795007
262997922
586424227
332097989
180699118
617868707
545002421
763945089
325114962
438186809
494721985
526530768
245222766
159080641
132385567
221310184
779772486
969741163
797446540
575959778
917657189
902461620
406550334
26488389
673054600
624377904
930954950
370253038
230408930
450315396
819574461
338039312
717469107
192365885
744459830
893108908
650705935
356491409
944436087
769490923
902083432
309048058
363176922
240045842
537711710
260275045
459096344
341865050
482988460
513346658
27884927
971689789
965194304
890497317
874401397
718553152
535253394
421343115
214634119
462873764
779292120
863836413
197174501
44923306
567830346
20627045
786561365
667926280
916192146
347077374
922191702
776461233
918210329
999995028
204879306
779382935
482085334
335306744
899657746
441959818
516389187
616120042
103924231
305485948
848052575
282708366
260572850
932307419
307543285
132165811
818319813
994979201
663988541
564516987
784412724
696219146
359011380
763142561
723415583
238295359
642407896
445079952
424860966
850613335
568283984
989755472
766977415
343464176
787108863
159940888
971842075
440974184
725618725
962701748
171874044
973876872
656910441
883344697
292033704
793478981
712843099
121573439
721990507
154753732
687530125
974810358
154438300
697600256
774628298
200410701
332409395
766583161
908237547
253278351
492782652
11980326
740086761
715874151
722452088
262564888
510489674
262592173
776649274
443169618
818330409
675458262
674704560
839576767
929449643
445749574
151227073
374442370
642081995
935135698
251257576
757991628
365900526
599098412
465372233
630098690
893677238
318029452
247267828
337399889
637304035
932032006
708097090
738437932
190448302
664544807
374346176
167284446
597214806
605430672
631861444
955104096
739648542
537715436
111167987
721011331
85632043
837775587
578356190
77344332
389801679
818915175
105636509
799138900
422941976
969583486
563524272
662806260
469113696
316049569
356860207
611240608
31866775
298416341
701094317
598056131
630586689
915305920
19680855
348441749
75089581
943415117
549016891
183241023
746578489
819762659
696345159
660333540
620211814
980585994
732865187
341406650
839942283
763978520
232675250
731973525
121991388
42095768
701203980
426114234
613371093
805303145
561786153
972593070
512001246
327590072
626941512
570307539
637075327
804027541
738314636
468698309
314933966
626878847
542818355
426404844
651397940
553461489
241228590
788664382
310629543
561637485
363885326
403518792
685671261
594268954
120868507
290806155
59516674
454863318
880755396
638063605
934045598
839560758
36398012
140209197
658189822
386683821
245991429
538601092
330044244
85382481
941932332
742972846
788282839
200354879
242004086
753948754
778794177
458136571
85086413
658818136
875737019
821452115
666567809
656912695
354009241
693415475
804307554
111328773
688199534
885674351
848093227
280274597
195597424
375293759
995629948
21696674
910249419
976953038
179905513
10566898
840510943
920334247
518361003
239121929
633298341
111050323
534897207
228773827
939019537
578940794
404987216
662643584
880589047
757758177
163503490
851787914
38880035
598700612
60499149
490258014
457343827
875796211
181181493
851203652
246112635
741575078
981212012
580603027
300961128
856504113
942487847
513288395
713228772
512236109
904140008
927284250
220314717
538537805
79831218
951361589
409817235
846609016
682630011
951125145
871500086
138805533
423334036
764083465
136862925
372645275
439209231
592458963
358195716
464470985
20046704
589516131
172458750
929011744
162122480
654032537
453014348
196520675
813685684
520830955
985702952
103838625
936849157
627191146
482526758
937670360
690270597
278527662
49760132
617777561
535233459
42615728
92835053
16257171
836557863
570958582
644286478
522090235
564335898
419239150
911540899
557157937
996771680
919650578
790397289
392681422
145842358
980354057
969366239
408605801
179612141
51666530
255627010
282765712
893333117
791347086
441301547
702986936
928090942
810202478
362897845
279497600
552225171
266508413
375740082
615818864
350467985
700893985
261841224
29676857
909150031
456437311
139029147
548897036
11125649
688935707
574130214
886652153
43619231
874758906
986128892
681364977
113665962
371311322
137014027
221720944
393706604
984722174
511222211
529925801
869589313
395431777
948279834
384227639
804203409
224597427
958252165
556188036
713789728
531996691
593155206
274322985
174656041
864038704
20792236
58505582
809236643
349156150
635040326
777248168
379544900
625692480
218857735
219400062
133721466
339651163
520380449
959207467
36327135
566590928
903474299
806131511
519983579
930111315
218013293
435106403
758473154
469375129
342335285
819001283
953487189
518058307
63664131
452210919
216880971
753324880
231895408
568355704
792359004
510012960
699012776
566409691
637045674
500649822
354156880
287198681
51323505
592603208
679313961
900594463
184979018
116686948
862298184
440173201
242436953
570557384
167674670
790349420
104826452
808835701
158123386
770952823
451770164
367438993
348166353
935686695
368116480
746254778
909661966
175238311
565026638
78597935
97588132
627554830
141749834
761639683
431259649
706079468
220951988
933213571
23856992
218134313
575884358
943648031
56132460
561776059
34220610
445206517
210877089
36879738
863039364
452566961
194559275
849312822
844012486
923758417
138440317
245177300
248461838
809780937
976062554
335362659
197979853
452089527
648750686
732561829
833075242
278686827
897627340
858776809
700923202
175483827
681925478
137792798
125103211
417255107
875555696
432642191
605145709
47640690
25109113
150691760
632295943
967182772
848567476
994522102
57087522
509547391
577683006
453293847
95040315
728077973
450593750
573472147
680754340
479949108
315243932
364225811
351188773
23284452
742634235
826989265
546195963
290284617
993741502
735328485
157181515
484152673
193251002
148428161
433469575
750052915
276287308
393351358
310366414
744637605
372253894
853787009
290042754
889757095
254736412
382662927
384456485
506814683
896838670
190310595
409243386
217821160
367836985
274525586
549182760
318394788
926140339
109042782
257676022
560687651
714905783
361453487
493223810
703462436
511477474
770684427
587023137
165495374
109056640
440254280
269413045
860814488
127823853
97029772
653847387
188597222
277899316
60581267
61901516
995033602
276585359
562940883
233905075
61164432
563835677
152738676
254128153
434431877
607392998
694166263
271625985
158692709
182419933
403367516
857731525
128082627
570919284
577484702
496103973
98769051
715816726
316338921
581162007
145697763
851380383
86015441
54087090
707817729
285872420
588721950
893847951
153802100
380761036
901813229
699461547
806807173
253623295
467813889
722252878
118494022
132689458
662418771
884563351
518991417
137325022
860029537
98975090
869839162
734851143
700295879
352898343
956464843
543394069
689294271
121441982
640275176
354030968
279961436
674518634
209692701
637021354
453048285
764966089
412330961
616818558
770278674
615943916
467739121
369204820
993403692
852855932
975414941
642094871
248072544
28871077
103747752
187176372
392544333
208886569
16247493
262566436
346055733
632585700
776534210
343956596
410646043
386515028
858055429
729975892
346486369
208773585
922809898
977389795
820877483
48978099
883082566
418595908
894573927
390001111
517119491
846916548
986051963
42891839
569401464
242797077
707282707
245762467
227784023
179473355
561105528
679434631
679502037
412326914
304192774
137012944
974061094
899587607
689950115
823768207
785384566
628531557
700940095
400277561
922893272
456141636
298822394
837082098
867759828
122495283
59305915
890999249
962374765
186770897
768230722
384325522
659793681
152823199
950444391
881727513
293496247
61841783
808156548
728209675
45946750
310717412
718882735
454840624
569990687
864078675
622823214
575008875
851336250
384528962
212913958
776340249
900099157
773289917
407410887
91810528
846027622
897751622
290496645
968570191
242788003
579772748
763067201
534042183
143816617
291613229
319093068
799350243
872528625
723979355
933444356
940105025
438698043
134434722
94883957
118456581
927986509
270182413
276994994
610168179
726658948
861474195
865664369
282315110
683641300
775217391
148215556
885871797
427513754
614286439
647000928
736393514
552815964
106447209
144689135
445903624
847688758
745848712
903043942
830455999
760936658
561391866
640884749
858396395
463034582
239581232
409749625
617895785
444843236
813891318
123438025
489887868
64633200
445718949
614081495
790222133
368088881
195928608
908642578
577734949
766165944
198724277
582103461
490315070
184954253
886586911
865389588
947039826
200420196
460500409
208962822
864552177
143587192
184205218
806366405
367622913
770951722
755852832
62666460
888390974
656236523
561838705
86938452
707340193
165682595
413949180
81835681
992740702
82455165
271229178
363973547
40265856
776228553
426841255
472141060
547066554
747235823
787509451
951998407
117058469
55319389
490406172
483755392
817530904
889991185
557490756
110366278
665900238
139936326
805920657
355737515
566045441
343549065
453786684
190345090
472584701
247999777
55701328
972062098
285523171
242453155
812871377
633329393
565109378
429456477
364744727
765005804
204662139
222544334
649938215
337213202
285693762
61408215
536731996
957690479
189557999
39559775
617918984
968141305
623114745
712192431
249124504
17297349
935372940
337312315
428681445
81854609
376752150
906596080
457836519
674200158
845068428
64111606
487830770
72963677
573541956
362016104
828700323
641562173
943735099
142967592
237960415
484421631
678237265
28223231
704769266
32089918
551998038
49359226
738142455
55346618
795397359
358041486
129448755
67745931
680591894
47397651
853328801
550121305
252443899
433838260
613958253
888642031
231205523
492644436
182355962
489746576
957974610
614699523
706948284
880124254
297777876
968728869
643967558
775909737
822741082
830012216
291094274
986500887
241464245
802506893
894282020
151715180
680102122
961893710
442820563
932134894
933582025
607815132
833472040
476616328
680896621
848957157
358581287
794765294
874775938
986291067
622839335
296685685
548789434
423792152
225852599
831159691
217010027
133219870
959155114
444764083
12455951
724135667
982944602
526933223
840672022
826182432
904694104
634320271
620565681
507177162
118147321
81000125
51646162
427982687
978630851
509973768
916967087
697205695
518697240
674740784
229771942
271678076
793085741
258676473
420234598
854793977
447283158
244158206
161852816
637811959
524720845
229817814
592078385
588780118
209052783
815186649
258064301
42948474
428375619
893893168
444083733
123150192
389725825
329464376
775003170
307877482
709906990
79320652
383612835
376587372
436458305
387986791
594898281
647485299
453109687
30690766
455238417
574848866
721986548
25437756
493999046
69788719
292041742
160139408
556116107
561625811
783019073
221761272
864149341
358874348
561723450
981313961
641685877
668437018
404683797
461314833
638856116
26092982
318002978
781019029
41395461
255899144
932713800
656350205
639481276
505241590
958757558
811370587
880771988
699984328
66199628
715149334
109476892
914118060
346815923
81719711
735072853
196584160
641531617
28930385
975088666
475383820
690439582
699746859
533762525
548810826
276650665
341511805
954254956
73591093
935864864
381064437
112715858
133358499
31063426
404599189
21603107
498640440
952441469
26689245
579178511
282042753
726141352
711312098
22425391
103196606
911650367
684529201
270999823
153580339
213077769
313527949
242210641
599332465
448577936
668506219
379994005
63967104
661809965
526943649
972513334
759039538
234703536
78150869
695316317
706759411
533197840
849721361
660153661
102577987
772984195
464534140
934951914
486012513
471455928
690453489
632330087
710643546
977020506
927141004
804342435
876191185
907974898
526285123
251845828
307241854
288936214
784405255
915394468
203066627
990328956
451305155
30854953
392954960
956570198
928570315
602878117
786107124
84143176
293779192
916532510
526923450
582505362
405743571
934352521
434770322
945578171
19613459
792739428
912049250
484471730
965756464
564643920
13079125
914888137
878037424
602665062
450773190
941372369
636525969
23783926
856882552
809923138
309668844
203881847
632637343
254834122
744050944
827398222
652622952
496237112
162900798
705267465
652481780
304140166
110306854
184586701
972858038
635586289
648095069
645685089
84142905
692771121
443565619
30172264
948418730
521044382
292718625
937905598
59846847
658018482
395089122
421451425
122599082
856861809
221933889
159643826
276962040
888223898
960566520
91428188
448076002
479923475
722110438
568467366
311477555
230579332
194461323
100583310
172406957
254318228
229457045
156984005
808510928
49704285
429146515
79536936
179796774
338734744
883323851
594995569
303357597
345697466
280699754
879413449
188825814
494872238
555392801
520749767
982233168
803992606
106944385
634416338
856375058
283940195
156781259
800456207
311532214
678905960
972405518
707140016
645588949
194823941
17622386
873799665
324187091
320334105
335654954
48113563
614860405
436848476
115084672
348505477
599380569
742597244
997823398
343307873
960241056
643077072
698383169
788959094
948818386
57218014
75314795
262215788
835956153
165834862
783653274
520902151
99983237
538770249
908139481
730903545
908978932
254235770
556251446
777884957
181426339
657817841
26594902
931240483
868277072
87817080
474997245
161175793
387656641
780160414
374397751
55705385
713440453
458078888
902454742
560427569
534121102
326348717
928392726
897961574
963361896
77325437
394749374
341407396
709710201
958114361
420971747
208806175
558235276
892062997
437524406
829114354
261303233
189468504
446074883
33629887
864235147
638131056
688286669
146233002
91591996
935024463
143019380
404023851
189065570
305888177
230854397
987610784
875194583
840373336
597274092
840353568
586799406
306658667
373013085
703148872
793543599
971340179
364963214
678278394
680106325
899003115
437136303
59128092
259529166
487582046
867288300
914051320
999201476
590527226
690602433
450113097
87633177
922934239
906520475
767576149
806077555
888278807
149633715
803178296
495283269
894878278
401050092
556030876
618167782
267459081
25887845
42080920
814359965
605474243
560911699
270102838
917813926
764510099
892824958
378766083
573131948
446445473
10529133
61372611
292605831
901436969
648435515
319750329
118982872
135077203
374832089
137496608
802277479
763773605
193942279
708296057
764640887
300992754
93533693
897568698
869542266
295454040
999227666
765553529
970122096
536248292
886788770
901638942
228350988
789427056
360237536
334463729
78114801
765076081
66848549
877032912
414083688
362712613
834776407
123263561
849043117
329062559
615249469
306442865
161344784
699159494
747691146
550942345
806782481
72860000
507086236
290886467
643001183
769116585
444679334
833967050
484916101
813012443
54885066
610570212
326607044
778985830
639461282
821099625
173975626
288295077
144419569
152942676
580681591
466910450
777895626
946723242
729620071
589267215
586793674
70900609
450542158
962947639
171540490
779940940
995050255
881305605
792956955
96735333
58610903
238532618
234925173
898137465
697041876
727329220
88720770
283661715
681746118
156318103
906654552
612407656
682767641
615005059
442636481
678188327
496769664
97497315
952668119
249895624
557630012
478163762
593028973
904823693
624601845
747591369
998210731
474924617
56566175
562610052
432594069
724926710
380438489
608896864
39011727
736841760
680078496
820069522
730842472
261399116
762915867
251901262
264196815
504023879
532031102
835687954
347755325
196110773
532627020
646214495
950341839
292940458
384588336
898771942
328282834
272599289
967712701
763669581
730343677
354763554
41576763
252895532
885605761
126053463
526196689
601506090
80355329
221622145
914020351
918422936
523047504
495031334
923575134
512518710
682996955
773953121
227571894
212631021
237597132
919185743
398886359
682062934
987873233
881098642
570377793
223276743
29504680
182207552
803909538
167293438
24473927
46042208
366485039
91529461
124259803
190489703
637213577
70866036
857978723
109462810
12080557
250425107
831210975
167342274
839312798
536407243
898848744
330969510
553855410
485934561
346319690
655365543
527708273
709055679
443777136
21294756
456912181
931526626
648091039
773704571
62858167
491244631
354275013
806990203
771844344
680850199
399656978
218376164
288224277
766695102
90942314
545993817
669960770
199828427
716323943
541462378
19850853
742228335
589228190
771198537
487982014
36268134
521223204
599445092
773994718
861698719
616948926
26226589
251265989
316480520
308743324
357355633
538244417
271930228
623252683
282198465
310971227
420331097
546868839
186587375
205933228
805258801
624850423
878562470
496738592
439658035
495209632
131153928
396123145
805937803
243441439
625441824
489364979
295840978
322999980
739228302
520051375
224349060
870969068
959981270
530845602
714184370
263006679
995553215
443507403
324687207
38908371
412881719
892821308
627012808
941400394
896104439
50779126
484123165
194141485
988720245
670193812
459475182
225411633
702498194
239204524
147338159
392067680
565678209
361397188
116665015
132803349
479359204
232915266
456572821
513706392
917856815
765712058
752728728
137680719
966977659
598235715
371917106
946101034
486616219
375006969
226603562
192846333
399004409
58405864
191350247
281707812
307932132
582204477
948632591
368856712
346168906
401065483
843721285
466916283
251209252
157893845
63520861
700804260
376304277
520123464
961009644
708785666
501401411
392906073
318430591
335229149
319289815
398972198
572231969
230507389
482471674
576486338
160809864
18443977
924995053
460811560
598142204
39303249
593274054
962657374
941170031
272705481
422670358
692555531
553894223
46169199
880148986
646374396
964904393
877610711
680593622
322699115
888998031
549587246
199150307
165337931
334070913
597212020
666895398
604425238
616683322
403986058
258798474
301286896
687258562
266057510
407325140
197083671
701508579
761786716
322381054
440929120
145251224
480045305
167775345
730273340
571216297
537597415
16257739
321293719
344207661
166807175
967028240
884786937
781049337
801097347
752772089
371600520
606368679
870961986
970956899
834540870
51091135
720797568
328276377
836784379
537850211
63660515
929389077
605024126
792833405
19849800
39134686
928115310
715789827
428309679
643510376
582193779
178988356
574116781
901520462
542146352
141820008
240931174
238027887
956638106
940590281
118197575
71418245
418471276
800534355
955792196
587692820
711238987
814714879
686628926
375013611
600597495
260945782
242589144
379761421
449782556
84025334
479434004
394399105
399763460
576481500
70292849
314671477
666672470
559542639
185002336
956734493
897080433
451239328
943997068
138731077
381351433
750108326
682230600
550505328
936791600
488968263
351932644
445748867
825099258
869833209
121710762
76925993
941104794
865582124
518518935
693690494
228342917
134280215
417112585
888203164
282401478
452902578
316722161
857849831
539827370
371944491
891753417
27946280
667286797
458662439
897526245
670043912
336677271
618330567
828436533
122533724
128527463
329009214
609424035
867786369
248422926
879338815
333585893
797904782
444189443
340702523
808302488
950582121
194734230
479253694
617731773
150944378
818124364
629596453
760265152
690711278
338930378
633635458
646265270
774333215
683273564
368845723
790701827
496298233
322702967
803413753
712477090
723207955
282154805
398825012
724234072
100745671
632413817
223218276
793144571
902007395
488655393
756355739
57740222
767917205
410393437
272470580
649693744
120881499
186979653
793874245
213131045
646480177
223121997
799105861
878102097
489423481
463991398
874616334
211552514
898156962
681651858
621381209
432796309
502797755
333633181
965550812
719359883
200566904
176554509
867198451
58415196
604099597
872333124
333157357
596607436
900282335
389814794
770310327
253286254
534538838
268921914
922200045
512402739
153325015
329503392
570154433
31502553
211107214
550647350
289307096
550286718
29691933
930355134
570323086
374017889
340374120
299558627
711958839
520895272
36190472
208497091
694270072
396323820
757016325
242492803
89353864
397323472
757417458
332507003
51821713
949846972
870084295
811890191
535734810
633208940
52507343
500737753
554932093
890842689
953041413
735344755
119933026
118639380
341972114
364366083
294643180
725484438
708245774
91292739
816594521
200549742
811875085
589941589
877408766
885163415
190108626
578253918
860924210
270322746
551605215
863631145
187102558
236762946
605033032
786305083
892207593
726840053
404871248
806419691
913778234
365435366
293963542
791334165
36885401
948348377
859366078
728917389
548882419
196940498
638459979
879556130
320291528
994079537
87761400
370538026
804948622
742565263
304340910
134847583
919809865
316147515
880863843
71319295
640328330
522663687
263481670
221926966
628947444
392387772
649197853
413808239
993971363
391681803
993806075
199394237
346601853
876732349
771982358
146692761
834073313
572402168
380487334
794328498
933559247
652591391
546827003
560674814
946430641
949244201
804339240
793617968
765342843
668923282
39924900
786438931
877140551
816334427
84453414
758267215
910293291
239172019
88645298
769719047
379121505
106874100
218400097
109127382
951405584
766193268
351800807
147599949
511241604
969597449
703368438
581503028
17414802
496431908
486450447
919242141
446047514
715109529
829974345
19897749
33360551
594158464
993217892
915283340
628715716
236419562
696928718
946919820
958950119
240875721
77156973
702071509
738171157
999247602
431399897
228221373
921220817
407051773
403248191
223971086
317897608
847139486
879485054
407271797
251869830
506731904
756411736
520013518
475507648
578828740
168093513
526048663
676784419
106546765
783874527
256477266
905331229
113765846
666787605
749360343
619685322
831251954
558126263
38189421
33708161
884750597
112301503
232741847
463421836
915134864
257238151
205923629
531854657
605111422
307957558
396770095
715189807
633628806
617791500
530063328
134184408
473737744
928864205
595848446
238608172
288485707
836152021
830061572
199760995
527492436
264351536
910999864
376229014
460464845
979332256
225693603
672664400
269938889
386450533
376830369
64634363
392482177
451510991
518953538
614156119
589717192
295374268
266409139
269656604
974142853
652429951
679639797
579996335
832384490
77010117
297371101
817787063
881370228
604775264
456957531
433610325
786392354
650234768
233812451
44104622
752186656
930315934
743783644
309514187
625735724
404294322
259590522
837468194
335274892
490581924
44024088
821565344
210568239
242579425
735301492
126909298
538590162
721313577
207726049
329580033
808306355
892366850
581335523
463589928
210837165
475335414
494674077
14411608
372451555
459622193
399316208
699756650
806932213
256603418
672571979
987601745
977202397
819390714
259994447
943656210
621909562
155813477
561075263
320292793
181799493
317643996
107321441
550114471
181755138
219736615
482892180
210671005
985297637
167261946
661916971
764021228
118588946
406446524
47673153
333384136
938087025
892653523
286698006
743143466
602749023
28570824
837031013
330945692
834117002
350519185
333116784
820616237
491278235
990214836
782053927
462170086
761221082
626504935
411679390
626179542
382608939
82824564
741609180
151858235
947503721
898015592
611775800
280854644
380101845
32841732
204817487
842474270
252505528
920953020
73863666
512689496
975643270
74514476
831938222
565168099
630905735
809666362
513026423
678779395
96177576
737462547
23802305
954651189
928676610
53683331
386077273
573944643
779199584
623654943
138215318
831306388
323600312
577557647
19917729
805192892
147172272
339875793
640817737
239321751
99091019
740187511
742833774
926640946
601690049
62351598
881120553
852996438
493557815
416898907
411162520
92417323
569352778
40131828
121397708
19150944
937253560
210571163
16009991
579812471
936860251
570574902
137430568
375606868
534908697
215401632
230617699
506803427
467855378
555215785
728374458
316247653
980168082
60803052
664169346
545713600
768674670
628763663
801371011
884337667
718962416
904274877
163653729
269217609
916858711
157194565
913185956
119602638
218651949
404368835
690744191
416615898
445595352
831504632
769272926
209965684
246365193
163220343
658574380
230360601
449343068
768868283
928759838
863793429
141381969
451957445
492380530
804658011
921737568
581974210
494927822
269006715
904764813
641341809
825598204
624808157
294799611
262944078
518473312
241771791
422779051
407586079
314460394
23997274
549452755
722363919
310121480
353287743
343268781
413671566
698823890
770705384
946201463
386784973
77526158
471908454
568157477
759720912
46393388
862335972
572494422
168657803
847742209
871346554
781623206
884934926
88935774
997021476
659937195
488549746
154748233
905956328
114108367
808126273
582479298
924064971
896312530
576867579
193230809
534526827
374308497
809271423
115106710
859731922
295841954
351230131
152284411
615422613
514063453
384363115
134314282
345695080
14904607
197484681
624119632
331751642
813560619
205848561
477561477
556920342
754607584
769860959
113108658
46848165
578394833
731056594
420716687
712188921
994750131
453542175
739483820
955298328
449123257
519689217
831233513
724992263
875265421
257833640
807958810
32604799
198214777
739602342
353932143
106020087
570593395
575400867
690029765
981773805
497523439
206805557
510115120
574279848
11055083
521494507
421859246
318128183
690708804
756844833
417216645
267594865
681292873
644973410
748237085
681985582
255608991
788530049
221471797
930322966
420714950
480108591
569373300
185011069
283928698
753603364
48951638
594542957
320719501
577645625
842008719
670830031
974628412
511035877
57147185
802767492
376964446
374769859
166517728
485422239
768493799
971741369
822428005
395224918
839082107
322386423
940305018
141540440
174930713
489142586
48254897
258700273
234244772
44873130
722196164
283129387
567836385
34256070
395402016
492699477
437228413
98797435
892090728
337563725
124815305
374852458
875240753
735689183
49908357
381128698
33936845
902425444
594800878
82021225
408168776
53413953
664275368
767763694
670763350
161551421
645900354
605569188
62906540
140788637
935601190
452664343
307954682
251518084
103591653
70267357
542372086
531199907
406991394
345883505
18319651
707170044
479714144
554754720
16398382
848045635
832127946
906588288
579122950
954260883
217120524
868393826
447013633
655005705
658232978
503714065
649230013
748029387
883908587
429279204
803410649
280436428
373626014
768735620
960042071
715213980
211939704
650104374
966448520
982739515
533699890
591399679
541005169
133114905
489831291
789926846
789852144
445715271
143576203
149649505
442494070
367408644
144191826
865002238
602357481
970782316
521871542
162546103
251228818
670703878
551841800
18251672
540407554
988364453
323519498
405100791
837874683
434468873
994823111
186656047
351624473
736206877
462642420
928506328
32266780
226522825
902109966
90838958
801009432
112884845
934571055
150856045
362455705
543715496
908252524
724585437
588828560
302332038
45257103
148836493
240832669
210252251
562789889
99497958
115655390
183206167
564201394
136338172
270788759
193589095
878707979
195573314
169114664
818020709
219299044
156216504
848777674
35302506
562754141
87220042
753602468
869881689
570689715
710737788
457536227
597894310
866964699
99058791
85779709
159785537
274613341
597052278
636072605
135658301
625679700
806135990
104162241
886117437
320575284
153270898
319543271
289787852
298551123
447371204
471279449
629061639
810365207
605303953
323924227
183347123
299825229
49491644
690320321
803515083
427109949
473326235
563540156
238772196
329632948
925606770
37728407
396950573
383781602
946951715
481124047
670026920
635706534
480914050
407749057
609986717
214192565
556254041
32892931
807493639
467596709
820086340
959203361
151722872
133751908
12877073
633828045
635261006
658926067
824409238
754054137
511258381
707908694
344797273
939059430
179512869
720199165
727598774
101636528
659704399
321668438
185425518
237354250
178953179
937443262
911161887
373632526
930579356
828321315
904856779
509526341
585096952
857618904
315087921
842171905
737167542
299989815
899526785
733778818
581336780
416700968
580248852
37026826
75497585
218773329
822314489
900965696
785648640
385376580
215539460
638368781
814730018
367318832
729887076
662877665
587053387
626077908
717217724
799427800
248946375
314503776
430370262
962633382
925910101
802520230
922526388
59147420
727591664
361960019
156294953
938861213
877746919
459674978
217824209
973836261
899800175
987668603
738520996
829454787
51544355
129688221
257062147
564127536
934587305
403614591
12462596
961700507
554977832
153372083
669298357
623205627
180474674
124231244
402341720
545850576
455169981
816292843
195943872
835026446
776904497
132494835
190848743
736663518
25106428
771618176
680587771
13070079
980261170
738371538
319437578
329036499
584357924
35286948
17433755
996738411
617033867
783043444
350192898
880716987
760609954
321967433
825175673
592992220
718600895
659888612
358735181
201694955
257776555
382182368
984758329
16380828
388891054
730141570
94263675
121379211
241520654
398044278
506854179
795508484
284289900
19624087
135634095
310473906
744981311
543865163
928460446
21591950
900642183
816613929
341266272
617445366
534289547
694036113
355861760
924901992
951875789
256587588
438815599
169225662
972903104
522539420
759147679
176133433
32054088
853664963
738217789
25085989
548065249
298960239
316757372
818496345
89978287
937893801
364681547
878390676
893747415
885509207
697208485
292418590
266501255
999114619
958419305
56958672
156806575
538733604
694645862
279398607
323946256
958608180
396424317
176940976
645835107
949045873
659230860
508856266
402568710
343665274
610527987
996302443
991412708
927557199
51816433
823232961
734004012
119796197
233693781
566828638
57381001
812768597
865823903
277441790
381637839
305162512
854940094
952963998
226854741
709109464
606421012
415566629
547134558
971717352
869529449
78837776
22562183
65572215
605727644
110283720
701820544
846349481
759110673
275061343
657048335
843690581
662781731
864571093
870367707
65081151
791193596
523752769
435877271
59482149
986644528
845827449
889533329
910575678
797004542
924864907
499113170
564296037
567767610
132096432
260884622
589260323
895033005
176937010
432843952
299768932
907770031
774885205
661504429
855722857
829467573
859730413
596742418
318235573
469631609
87100014
530557561
653588790
806204365
304631421
22194821
911781541
163273743
82289103
18453196
66442238
748490967
69906643
973243611
417423163
963960165
530409731
880876481
758990028
933019018
508090471
411948248
94740545
644137912
87864221
287199763
510122226
636544452
189794819
33007536
962451709
771495916
750657618
791895155
955299668
504389924
816621672
429789159
701994687
47188241
879094957
116906868
219928619
843900561
443159125
781469738
950065473
404533361
237071249
750087444
810941084
786807925
562666912
958736713
147896151
572294558
302296664
970693618
658679156
172083049
559750266
894794457
670374250
437469682
971528670
781866024
411066696
53319226
788274584
916924070
724925372
910672805
602591108
263964623
298999139
119882653
594367227
336275309
174102940
618414937
938646568
273107943
279058727
644317906
89771560
386839933
686100527
135644647
395703605
558137812
253656527
802573436
225734613
747953396
255358219
46190521
887064841
894575294
472650653
200470945
739951136
894568557
670718307
755378761
513782795
768884679
19713388
732233382
585114216
444412146
490187618
916944746
247803462
482744938
940901701
889927304
685425296
579233663
871346082
480355483
269997641
423015121
788245498
353592759
354907348
55721247
482781366
765032960
456433253
637899377
928657385
615060300
769941204
243714212
343809135
828320160
340259015
167365874
314519599
297338503
910431876
110237988
152932746
908676524
797588274
997871794
437916792
352136307
120644779
256214667
55937000
465070270
48782823
978614420
400848026
825341686
235578548
255020133
579572675
646839159
51016281
95823267
829107082
281815428
60336769
613269181
811338375
683931426
610950693
311094874
256068864
159911714
909767587
725832061
608092608
132893792
538186714
279074270
888052897
746854552
760641250
151829902
739265000
619243994
234887515
931199465
87056064
623741183
222395153
708960678
644028729
474309969
870064012
852776993
960032942
835411091
261503359
995543188
648323344
112758195
161525444
825037643
691666276
268023219
91559960
451607017
140658694
224497418
48153289
876467544
355920726
731375378
66044900
226460913
493379739
399481638
560545988
137771073
877993168
585336506
717756745
315122256
836077062
834153691
765957824
312278685
629748089
517271644
177468846
130367061
683259166
183719253
862953778
864691875
83135831
965073366
770962734
539976986
125898380
625169640
750906411
572001297
325278186
312573378
919608574
993374900
450671906
338641629
220690884
373528449
999289840
623438469
413908012
971684712
62260196
124942717
385212740
356927208
535607955
486540002
169643604
474427778
94412869
694537089
334542598
506620040
490835789
517401021
679958410
13887035
334504451
753496862
606742358
913130128
320330942
948338805
233073302
972729369
521658045
24652761
893166683
150953625
34642140
910179885
875013109
220728432
365062271
301881823
740987911
829717885
238151062
14037325
87430007
654617157
213326549
250606296
98041980
120731420
789879136
450409944
704891817
949317919
841724191
13779694
539800750
773847907
339604132
719262569
985917332
616113727
274517435
245486571
391302135
361050264
188461649
361617443
854093158
109235250
163652110
33232752
776638953
91028356
923073689
966818333
647858324
577569982
423999779
249668825
264880573
32698308
160509060
281705188
614882803
450790213
995594463
154797846
614987483
14773593
396034162
845991976
642398094
673828449
664087128
808214052
668099279
334656655
266524578
418216383
681844558
22770024
468095136
146172879
668231921
595893638
578301770
171149896
987362554
829194893
445060834
702010970
981099697
905046731
992134113
66259215
33487456
612501503
772245686
493103646
233176628
132549492
735501518
973086475
719951072
56127222
580358121
267671909
573716511
674808683
722722556
504360180
455433194
942665704
314839741
741009787
497157183
877602799
827245924
620146670
721827046
298581820
250780700
749919293
522370683
810236846
181006067
955065217
430433146
23472157
559151164
436771814
52580050
829893984
405743616
100779492
812617644
159030883
370668580
823939600
672070454
129795724
94820798
55021088
831260562
416068168
395314096
873506473
97322154
801508871
23813550
966165241
358693149
204487413
822675913
639799096
609375727
839036145
71072437
321700523
80872279
207031803
84711041
18403239
133723280
693913819
410950565
146054471
357396227
148630680
762598295
214259736
414117451
714863815
283813708
511020744
265870860
405514864
756398107
914911980
856207043
211454204
240555442
157781083
435421904
550147352
455370542
949137493
376581910
801332657
607742601
731456701
32103790
82123296
250870702
790052706
552104741
318845316
641972510
228915894
723325670
441737532
616204067
755182352
205853135
341646941
490488216
192884053
424820237
71739338
156950476
350226384
362641718
836295569
729704073
352900017
305432558
974413198
100517925
206995426
616120000
295580782
573061108
613047469
655461656
23101936
380336431
544678321
379739243
259883256
857347406
446405725
15807162
312393774
201548791
56148863
51753706
831276578
270073102
740780270
598231183
622988619
708331686
730023817
244477067
446963504
625198975
388420979
321585116
772038408
136851783
689237127
273710301
15269586
461182668
87616979
653823161
338397038
590561295
10138360
328430784
743994192
860802994
267394358
513691409
876567189
891281519
777354018
494916405
112410878
405645408
374824551
761937633
41354720
768112061
150603948
951178023
793279246
737771364
547916287
17712984
713536824
480921308
288685369
963795805
499390859
813238143
801918597
143555380
359505266
24369675
784925822
653868763
846685396
380248322
638960879
411526554
214581706
400605390
376750034
710925708
773832670
614261876
538102257
330503510
378828276
136356149
123704888
27585537
928105986
169133886
195760719
988499541
58919618
353713588
991817318
921903397
872566973
987807613
738550948
545759662
665388068
964433747
67410592
222909696
964477735
475157716
272239743
711862965
22250578
280993463
692704657
37781368
378329490
534632672
919803054
809455881
245798101
958846240
88355040
174617145
314424193
102544358
120556765
225737282
829142861
106911973
142537332
438001386
169009709
238882357
57275936
617479297
13578620
529866814
534752330
190980012
703609112
539589258
483698800
954428588
733030417
891730331
303428622
595402749
582021880
846589323
176452264
535283589
117130270
526845863
557672071
714196449
236226712
449362089
252619940
505495868
892397231
331000677
930628671
169079962
606018299
577663173
508427894
588457504
344917137
72610315
30227352
297540498
986817378
732905315
462509147
184716762
871572270
999027092
743026388
866128397
909318045
980003372
766742080
485849723
69769235
254317857
167251666
525716928
212986812
180813938
689833273
420755205
50186547
34719710
332618329
270527470
629243795
301486014
410228767
776407408
402668158
360400029
148511640
22413096
125043195
775527349
584902152
599243396
574251515
81478357
698472818
142608795
263603189
339624523
778027565
505795061
729612221
112828828
806706689
274821509
345909334
899602716
851609379
643036521
856652475
691717682
120489543
255554499
606338234
584654706
382379914
846595224
681763634
905241327
288510060
964465111
218760538
125666375
915714573
180869661
993277238
680929644
823038067
278421376
176995209
559020378
561122365
586824438
544384970
255198191
73927621
296527897
495043538
719219462
391951727
265096269
394485725
581731348
530243052
473806620
297189436
782603557
823591121
262317181
433766491
90982144
992996917
98579695
649236902
592488802
911448621
80341109
308416463
80800176
566330398
108816775
658110793
732026744
67334618
647675611
302287282
527040332
677209476
952058399
662170486
609091677
176011849
763973408
613191722
922923128
398551732
763040405
955812557
130072868
83247416
519932969
982888870
297963760
835438110
238185935
712156465
465963237
500921238
216200125
866917589
59167135
920619909
463291462
499580454
695074849
668720066
961486551
67858964
999465227
856172991
883132018
843328723
678290830
143636965
872722738
645893451
279421335
654614776
933780976
209107510
141108981
985579415
377570994
850569329
580386188
935039749
686843673
381421781
240606706
954767076
270309721
242423945
531479891
720869506
889094600
866462609
232009894
66854260
839353814
315515194
393249115
746633650
433393927
502572648
586030023
803774418
746911298
152109489
22479345
717639656
858139612
502226699
550546268
445251523
472135622
748942123
583410568
555554204
516641522
834227532
470660318
838446086
875660399
618159185
794836543
639746644
779251788
641995868
551089321
506043235
111615667
373687749
965979953
334473826
619342664
942124354
879441970
426765641
64382873
82197742
108823880
115469589
254600487
200750443
513382815
760006620
478320687
804775656
999555295
334564960
716324284
981275089
269349462
506973162
854458141
92889776
271789658
788002340
456211374
160906626
916572535
406248978
476683388
25698094
96636368
720896810
170133228
253941063
584627865
902555009
213015973
197012059
887211631
859940853
451995809
351449458
757277399
326186350
508599691
523376173
463545810
113452004
193609048
801553673
711040063
146536366
349398520
569349820
308950821
671724783
834225280
252950637
828180570
249792393
487871282
993161110
382779556
127777332
636276176
159690709
489742352
334052720
870855963
87642531
228028701
753008156
731631233
18705846
585918233
269423055
440512911
357856286
717040508
968109307
186817680
152119786
156613088
796387431
661842001
327974450
41472972
157252285
462759219
471251801
902279825
700343463
198503491
774690002
296618507
416102346
859696300
775156457
377782321
494610823
519171508
102969436
248141054
842813368
791411611
333998416
461135912
561897013
981874371
310414317
634486637
847069551
883579396
937467926
700944571
128891486
31915672
60330020
723138467
252638311
425844061
641031347
76747322
640002331
428179583
654298359
406668250
885082637
164558433
975958318
314489743
689382317
837584080
66940913
196019842
992627622
857701523
232273628
910047541
895174719
552541365
380442483
855117970
760638361
755918210
178366921
886324208
282099683
130899095
255201919
978008337
551767440
998021408
948896090
803334144
488977515
205017748
854814068
85072739
527891460
511884859
784579187
154925553
163360932
623776962
454193086
806581167
979301053
490254630
691394713
168889121
340334153
854438623
961827566
965603482
407164677
378315964
161895233
31060035
220979488
533334911
789916356
219075238
203831490
426009870
297543156
796851804
204711424
508705926
179341113
867089987
325668899
972989497
570056128
409384143
602056861
120833991
394739655
354264990
290033850
265818292
864179664
190163378
207512149
422211206
158761413
442040748
826122458
262524915
182394836
583977586
401994983
905062009
258666003
117318832
88351906
202111753
196642525
667017548
585793046
596389156
414062514
701976565
540364524
896935090
993090336
873821796
86596297
346814388
937541507
864715151
289437466
190188787
899668643
526103808
574818250
113203193
307161741
494620744
564485569
457356758
575112586
580760181
29685723
640874524
510675885
791916787
167529365
972932268
57020938
378243511
442604081
265320005
441144745
593437551
85171217
350685489
935006675
484613524
285639017
626367550
265881726
231742445
695990095
943352777
808148182
899643685
540542233
965496848
156760404
764992191
349532091
933760607
743115352
715328994
27885691
967000903
463522891
655531764
968447709
593306965
530652819
137067778
657738423
137870503
548043567
65826921
897391080
959754394
770495901
73552840
41718921
881298415
200115281
455146116
978687431
968069330
827258902
57083821
557161709
295244221
193515921
869560971
770429680
513661914
335686962
892082955
863823699
551340584
40307355
558867202
242721400
287977944
602953204
542204647
32812485
954305169
830291159
973253428
805674941
740616988
149226871
288770097
469124724
353848192
331613609
913783364
711265962
750465458
316216053
820870070
36937338
624773618
915398323
391462645
982011926
95240333
898290414
773219997
348779784
784382681
856727206
338658644
504281187
897082614
670516776
869338887
294997662
892370302
90656203
468603909
327231862
276693577
819141333
947353122
193747171
806965585
530363521
87459807
147687361
785380765
832708823
167344694
38239824
43069066
180476739
929939807
399861367
486176774
835864011
708815228
489895942
729224976
611637131
921131158
632988400
909358111
43485554
960524432
342036998
364366183
187233828
684903830
190114156
365293558
341216897
473137271
418046373
425255249
830435262
104775045
503433202
16182249
160475395
384626620
569977788
522231657
602089378
469586574
199508217
166649071
441746783
665958422
304724323
614434691
58483503
839935866
771282860
162292621
450040244
341135772
737460520
140850428
689661220
120691600
277508303
442706761
67851722
646723145
643032738
866063640
218656053
852007205
619634970
888690265
291205985
117507113
143528484
636341958
826189079
680610550
298818657
839299089
953731725
238307213
201042047
114337597
586648424
804487376
835730534
468912025
208841530
93111982
603221954
884096143
128377873
482357549
189085987
609838198
494823717
245692474
586871470
386551499
528203021
162762120
39563046
551420903
538484059
776913779
361923892
563635109
538817248
402033880
610787471
503693411
143724647
384282172
768629803
68952968
495466879
969223801
393669267
158940303
404670812
368963161
939343388
44399535
238521528
914932383
120682188
310636370
886889378
303281715
584685828
705589068
116375919
822036140
802594408
420290570
383609764
795523944
693205382
474833790
56811052
677999646
596602064
695489100
93261327
719488238
731511185
141508963
683107762
743455085
323888533
181620071
208152426
554993697
821796058
391687923
403079799
649435441
139141134
959263264
868693864
394020424
298211522
761539373
947262113
366865968
79561695
961367753
983446335
550192016
50302575
210080780
548620841
126721062
120928647
569661989
564936140
363020189
756638292
441104254
561827686
908928644
974299767
180219476
820475579
308445744
234025174
657066346
744701797
59451281
796701493
264765839
632642856
724882353
350395878
996848815
859803651
276500705
890708546
632021448
876431103
366252924
831920933
287160847
424113917
876211211
426100590
724786328
419472958
585846593
139951744
350599736
664245613
697724647
495790779
841557196
215141959
894864751
786667593
722635292
358112665
476395301
239285496
181749215
753251482
272571346
472621384
283318948
968480716
215047056
96301070
207065473
67169289
894835324
856520862
498861410
463699235
304003224
205175558
185030478
727893696
20419894
801607301
620712114
408085909
448493717
88639609
845566436
674039921
91830132
484906942
827866921
884469902
164018579
429111741
725230914
934824781
133316543
503780792
201921973
706394238
447728882
780474357
353561752
491398198
496090565
448781251
190888574
207833225
501387438
34344882
41036720
579355895
394462917
666490725
793519723
154681925
470353996
815510661
950670944
500539052
277007008
489418247
184478369
236887223
416230124
516496513
287183893
563141625
547840293
310664356
884502275
590112106
570032351
406575529
86336891
766027187
885352479
225942596
625644275
721852229
429505179
761157247
195085295
136198666
984650754
450683485
145572612
275864839
573239561
704915927
815884562
634564155
876602290
358793519
697782442
302712448
239983366
215602178
192928497
859722862
485197166
376228756
602659908
512986379
887667485
329653453
774654226
571931620
308410175
345974562
813741846
917328028
85484163
656508916
91824974
798000250
21088527
860919492
98911883
217769933
811019522
305479085
504337479
409577367
280820554
891266698
488859392
421039788
927318342
595685407
509836776
816065198
483959742
51119162
957303714
433870457
473398436
546616842
351729806
483789647
444903330
855650914
227571708
383799121
473081907
118666689
453300677
102965312
265997711
284210521
633714856
359357391
799814736
194072934
353392212
980476642
439760476
322826423
881976646
54677191
683058738
296837288
571813824
314853028
787913509
541408136
780740499
44063193
157787865
311897486
750872304
803702133
145050000
721218598
344814166
166939721
748438904
742737694
617210269
426304761
668104565
35695799
633937232
694051372
629656885
132217530
963248712
36944059
492318111
508887656
501628327
358787663
316075791
12689888
588317100
12026092
927495953
88865430
590007974
40287221
462285395
428145827
409493658
707841086
476673743
513926012
431965381
573617813
559117690
211664631
98778888
70516172
136769675
921664046
372009587
764429286
773897198
67874133
147986678
614210919
122223923
327667450
745212330
414973911
527023507
876038581
578614285
665927698
487519349
385138696
732195794
191483529
843346230
584777329
423219300
863453011
158321391
559427974
301489306
477506733
522686565
940263063
993591061
742529323
213587194
477708174
102907948
989759213
701665618
950600842
534683510
361048077
581251954
894948612
214553665
423258960
506413397
643836816
989370411
562296334
58666953
916619119
744362987
440468420
24707729
418153689
875850650
24345666
721016147
736974570
761987535
582341402
936909521
389106971
265596602
67723310
951978647
306737167
80883830
472348235
208834666
851482964
756462518
332530896
255767292
254926508
254548123
512063229
814972384
361464231
788786278
684216920
319569002
930163702
524598028
429700595
12261198
375235884
702108315
75043519
847869192
24641892
942598488
477086655
874379637
897020124
877746399
931705024
793687030
517293221
238943105
616041907
745457389
692580704
239301730
217222255
19618611
715008014
434408916
876226756
582509447
456242170
663972414
675671423
686511883
864714328
574778458
960922064
522482062
557692548
727554200
258883457
370854748
304803314
739682250
161928413
247189758
188407102
950292757
620693368
358890210
495155741
492586253
539612864
439730486
513932533
100029521
166209047
67914665
859829122
68938937
105549123
410263065
866322187
207575485
258675304
514256862
60318966
712318497
460749678
448904840
844841333
277491232
30372734
522200053
981353471
926562053
774538632
64302510
453956196
465803949
261587176
718054685
739556893
598257510
21360549
33804704
18614275
900629675
462394683
833111867
914239748
977639853
249885459
429489405
93034587
73715706
254355755
649975823
674847308
536953605
817296095
191790528
357044778
127790940
450715667
201477058
177704195
389934154
705648719
399204606
385343527
98406477
375138838
799068965
400996644
578471184
839395818
734350450
261520966
47917529
554175980
36799378
878702477
317449223
456321184
200762270
242179739
604050711
235137267
999823212
946338515
270239262
752050108
967648952
86624077
843835010
49667077
75404279
872322152
727160524
131947960
164424414
126237964
422057993
507265785
630916600
55509697
294975668
970293071
856963633
670342113
877182309
560881589
116339956
241770309
333497017
280051061
858225132
197361544
178062815
355221356
710739734
436146614
10599380
646750020
212467370
745918538
641580311
622347483
844094405
292838801
887061393
574614093
362859151
360926512
303793772
854388045
565410522
791613538
287174747
672480404
237425365
40436387
816171975
677015058
342798612
759674086
670606004
696269641
624425255
45761870
386003455
330787101
197421688
596556363
434872839
914396825
923909875
660089713
379386273
973482801
659291460
324051375
927490765
342850375
506327000
745155866
707018400
376804173
679145525
111743877
260649101
658111570
150667071
747325023
257696887
286467156
542264297
992836368
146361376
51596219
35483836
633977909
40139619
364087578
536381489
21238531
237101607
424205780
139330355
437048313
510883429
107918288
131560982
384258868
32037715
865533477
54038919
846712019
435026252
311518988
440477122
603174964
238426694
889430719
802964357
273135186
783588706
516237942
343038854
842979355
961592425
875427840
439164793
588779658
674952481
136433387
64325225
130352656
949069344
988524259
454005382
267625045
556228058
932470459
99042799
265594077
885558719
893996796
875066614
72880048
242855963
141049029
67903336
789883006
547070290
412751671
934131444
499909294
299908783
65454780
911620936
182130975
737410129
517398247
115277732
850068287
474117239
469941281
491159630
654384122
100861353
638259916
534549667
896262041
128849026
797722419
101610179
867585381
969351917
978225130
515641801
830935238
572435225
588018647
439596160
77572769
417364438
926538323
378833676
754611921
911172955
807466862
653626795
192133069
174780191
916347527
210491183
883270341
722590738
277557473
120441945
903826383
404529248
200480033
140993625
837949182
579929613
544093277
979767698
80477945
690442617
730962539
941168309
149224478
654018442
279899671
92251928
980770492
447430176
620972338
111720711
877221271
787888765
627963366
759823846
814922738
500618953
576613989
20730642
450665259
382809622
661832117
961478844
982076098
193471472
954556008
49734514
668107996
558799950
957445545
779652479
59325840
303381353
967678822
862356646
223405132
622652442
305622438
667706484
993584768
406254360
713011711
124991510
328095987
339046490
463391563
51332116
18459441
608650395
45835418
873361602
864782969
21096933
90218068
704796319
572489338
973877842
341116133
519797892
85802741
811611117
762117413
921075673
70466359
377447025
581886326
789950235
708084955
461708859
26004894
746670951
869506837
792056348
341962921
130742243
980395850
432050978
520436374
619403070
811996673
810710300
298970534
514878770
940106325
252141497
712015600
987573671
292311217
182389966
506011980
206169865
724518669
110831375
980698801
962835369
347969377
230133983
964429232
269990609
817843327
338839324
927954882
371215266
581610252
680654059
23466270
889443994
590864991
638049476
448010861
757521396
572098846
192299065
466548786
903958616
45877780
171385891
230838230
625975049
269612188
111577779
624199672
221013292
490266663
267682567
262217217
814536023
893270575
269549467
961257279
207651366
286940677
978837727
573860353
755720061
957618924
309568645
167609600
846925750
847033566
127657117
791130166
303245005
853211448
220606031
873828189
975731584
521807321
554752291
987973914
148246296
671932318
953351396
919287148
195821156
772233314
828991742
933823143
285027107
379883535
364904690
908166789
567971462
766583979
91294961
949244816
819243072
782658721
991695494
870467645
73108837
725363728
498317950
142261010
852497542
278282199
509441591
871528598
558062802
922238079
196321635
662484238
910835288
41408594
404998181
314537653
294310244
662076960
54413894
251348510
266392328
812076081
188905196
79266392
750477769
390512325
227295952
94157950
723238602
685130412
857512790
830887982
717004022
442699822
625180125
724710335
358365121
909173865
160869672
358468017
649013840
412631790
779935373
792415554
696765971
260067312
869863310
405392401
177115385
690179661
152472331
701834811
504041895
599405873
481546428
120590368
128367384
402227923
50218870
122004412
567718732
516360127
772480362
614915401
701222526
782288557
197776083
67500777
23742650
319278805
842301799
845154651
520910944
110439676
455084734
748154026
776959081
991333292
782500191
916326485
254303517
179528884
391677269
597782426
93616664
446932046
950751362
59230406
103749517
211437403
787538125
940075479
706358687
558310140
691986375
269917166
280543235
742891136
101350484
484015526
19026034
210836716
600940712
553193607
396516675
451150334
669868602
895084505
777489477
439367657
39275820
817353956
702479593
281194442
684009846
953564904
396945749
883849263
395647389
394933478
662290075
745407777
193869166
309040264
179686736
636847404
189543268
451012166
617121886
938181368
497448840
113479601
61881442
81102896
73587529
958969592
756678713
844187933
444944112
583499443
485888803
216288324
510851277
990168132
720387078
474673690
360675366
705738890
684986558
33209357
966370214
297765038
899868319
666397631
371380976
865058578
792556434
608297296
739556898
440802752
532090097
718794848
27534027
74961331
250006785
263871268
420049366
240284870
444604582
185029297
805196516
895445101
734880484
691698951
198611170
562285964
537302081
348259633
34412324
304845136
521321987
331807595
227475795
637934539
670076051
366879693
771873787
114694182
706723171
151382863
292530895
26844948
398023859
501003967
45804022
692490584
689333592
744893131
125153178
31191113
927553669
29108183
210341094
850703496
990557221
297780609
726990547
321843848
81482954
263802988
912521370
427241654
230706138
171589265
928705216
915920822
993189955
340668517
238394678
233675386
985526879
350541698
950200907
164617096
821524502
812443854
905453709
151255129
237633344
761025571
352882643
90528724
128243156
712767608
393790760
355974695
507779353
728114996
761417163
23289960
574322426
82189126
131914935
314097877
873823713
524469915
983305277
852342086
545728086
874114244
200431142
740632441
645291698
174245242
398540747
516873804
267581958
135706976
408761164
381410684
633445891
823112261
289369497
541577222
865422820
351795469
978339980
873101397
216566271
914548482
672209389
307690876
880287257
878868830
200770480
463363552
741196315
937094599
813828027
380457546
33425439
898879691
513462373
368354395
972538282
568478033
168525569
752797659
432025209
315751189
105647096
167022676
83360442
761992044
228624640
305281042
964037390
517762101
637379922
631168252
991242613
948951194
954519601
592118886
339782564
962106762
929244606
319464087
975220039
146159868
41127984
284851220
363537661
969401594
955536103
456186735
580209215
166578286
255053002
426108987
240469756
456847750
753086648
887779489
547123089
181237102
414027026
828971451
385382980
424328364
116386710
927960054
384328561
469366173
823965447
587757612
971820599
16718216
791693320
921676182
459826779
707249031
712330827
454349963
38193427
925356427
816465040
409382839
972564698
914823279
317219001
845920256
923821753
587472216
638941274
233347950
304957125
214572944
65429890
102368269
877034100
142865949
113662237
742916053
401264044
683131049
614751907
707078031
35155446
163331093
320827819
144351563
827972964
718826528
637343263
133454358
652618196
132430462
205109776
619012711
114942831
919775555
54678738
218714036
253425271
236045573
682852356
717685720
634276663
401992449
656612965
679168146
798434989
54624852
560318848
359344495
738589370
73777189
27945499
92526699
525618438
560482306
911605988
860395476
74506520
782882638
116385720
827927830
139239299
691946244
735432659
286852482
501270354
888354447
683838004
185265676
872172203
606996216
495199960
32101278
897569846
571890500
850676732
405557441
968952661
600648398
816740085
901304320
74366014
669828766
248176544
388062267
995927170
419974766
668369534
401682984
288079870
520987714
726027380
743548317
898494648
76663070
913674666
439534954
497570862
83696459
959509745
878356976
185987112
313430659
612013079
545189646
425626250
619196990
979629957
497413185
881365840
163065791
872449032
969382687
79684123
359983515
335373214
39584612
108504756
996223922
804164219
527342613
459627058
46616975
674156456
31804183
345460160
877949024
969301592
80494996
893354587
395758005
492934545
768306296
394918142
543702720
855783638
334026367
404372076
267958265
25289419
631142592
161911810
348256993
430784047
713854452
75747404
885918485
580855657
992971551
767102793
276032731
64754524
892725924
835534956
582581348
293806356
763833040
754433079
960092344
37843667
726640838
925759857
37776929
447231088
22013815
451018295
203560069
265181910
854473753
829943042
366346234
884584962
616533368
893780326
199354902
370724222
154596853
673987802
403354541
566851189
675166245
56403600
155212946
299513457
471375540
217311869
616311135
106895337
624496576
86468632
906314355
841903495
921115157
160365799
852638134
142168021
499183687
290511007
931797866
543615884
210190229
564789211
742762528
615269504
648095986
600811858
870280277
785516082
295375270
327770561
636218861
638889700
614329409
155300152
462745386
752533265
545835646
609245544
902682360
676088702
920891403
774841750
209524912
527724037
320262836
205084499
676711838
415962350
813843475
528286526
399684899
940856343
534099961
142790855
961219400
227867833
819796468
89994469
26845123
946255256
602514963
579501836
252371604
752506012
746401687
709878928
373690066
64211818
460181662
396213207
299573595
364907537
780351753
638309759
55215337
841012587
363114122
979234493
13966133
418056609
696264134
659430170
768127282
530427063
264742561
217918332
682300246
190087718
803423594
589484935
301699460
566286300
363431372
774322875
386083694
355301544
820640503
681284804
784375174
75383198
326820654
718309304
764663140
584248345
787989732
619331280
597940938
527930239
794579272
85688838
585809487
361105986
262874997
525082462
926585169
423182346
321103546
256983348
38675791
992276974
483154321
19341481
524025077
659057647
167500935
965255675
564121165
619716849
441645810
34512098
38167271
255065199
854881632
42903570
833044224
737433576
250975716
950292151
327244886
188250859
845155992
691780428
916116897
994184466
615652788
456124155
549406477
869950149
169582746
423437024
114668059
188696720
498906356
488931778
437624327
367875695
967430675
367192207
612358735
783699084
390651916
579405758
770693386
934098922
463956096
793110642
983410819
856666497
788904827
299224572
470179466
764785305
255978241
892069125
902063181
816684384
439375432
451297089
668244024
810027218
150352635
280154356
939028004
956084280
511000697
74933529
644543716
781878874
105228715
502971794
316173386
218841926
341449250
651727291
739066187
507226887
514835130
85239174
607987062
622066253
98230045
602256888
764250578
646003639
971305391
576913191
463274791
458939727
456796267
81887885
963539338
242395094
637207668
16480191
850632680
34097357
168358802
860142089
732852792
845065055
965734345
655276685
561274744
764293879
593567186
442928432
412365968
329600489
750061499
133036921
293970666
652067938
67456303
761560026
152218843
674902164
640411428
157219180
29653399
365297324
839875351
757862478
703663749
672405767
815471747
495993953
806637763
474522608
379199972
502613883
621010859
431130497
810288682
667446855
788267277
271767163
870603309
239204981
33705767
258787578
299262028
737533787
654115881
139510199
795002252
31280957
679282851
19867984
465581246
821826464
536635081
703480100
316964512
680556215
403217338
863327877
860046569
294055362
74422450
571359997
673425272
704561083
119709975
168009190
305835325
413190246
603243253
970172085
221368470
311261158
654864366
484223645
287794886
155201387
597136551
251911092
696074409
589668457
826981574
266622238
356698984
486841427
196921695
989892330
529876359
700846695
233029418
72394576
394311950
856987649
257328387
329516724
844970147
632557172
787192882
156756565
820025776
817163324
964679121
809274063
340961031
950576616
402852079
904189867
45155501
552578959
547699343
245100587
119921368
371346956
667102219
822956952
342738831
139901292
293253140
367966619
964651126
635074844
850647810
795732990
558183378
346488494
861449418
454988818
874101766
213700097
297882572
183795135
780262418
223160902
320337541
103634070
683298227
433476158
239173555
173241644
624509087
266391358
822062778
856851816
423412788
816591592
804488881
295525011
112224911
944638179
964570669
359525265
82057184
441364801
882546254
155298846
502702218
820797830
297904652
531779916
141319202
56303117
392361403
341617703
534501126
491331217
602095835
139184540
509066983
128304655
75245189
97576116
224697173
660041507
373801167
908383605
806491699
798738362
706026123
928577722
578008695
565229286
725474769
798594763
399813903
485037534
26501208
262003939
248361456
88820967
66176143
909326977
898623244
682942028
550722076
350961898
542433166
694831152
636178938
973335975
279419056
767221616
20499152
950281152
60836463
141837783
484286519
193244124
692775550
656478992
375621315
770376799
695164361
946780704
375803706
556088134
757563501
135006934
339461553
394402626
296757291
234308772
485547677
313030584
793128851
85068549
80484264
962579998
785140152
785462531
996267874
905531251
539444456
166578048
438072830
887242557
422630714
991504297
866234815
668137067
814297175
381627879
729135896
776975765
673764004
81596817
339919367
110778846
683533460
404955754
316999632
780368813
823276464
984687358
128710790
50747530
437156576
902886451
385434383
631128495
830101772
270259935
787577091
683240151
290184188
516905151
535080149
920773573
295240119
942050193
998513380
442769729
258488257
306881897
18640746
634280029
50652514
485841919
193073933
148787974
991829598
923832873
934073761
838803787
322183529
158771149
651803625
614314585
984896740
578600838
575734757
393915886
55801421
715502319
173844144
894328258
289792094
521348452
155235215
478684752
289491039
265749722
672078574
12725955
539370627
543474162
71658873
599708504
136280129
393015721
261917880
404980348
522555303
968873318
319454358
669756489
979888279
99634110
421871257
845988754
926170032
217901509
503224107
627628320
375760415
135270265
146246660
888208952
765358012
349968400
804153093
717256753
366913473
39801184
778350806
578234885
113517193
374252081
498158649
662478998
348502270
826185349
65900998
467953396
724176686
20700796
29427826
65840366
703242716
272840971
784090993
600096070
354330007
101031721
24101918
957216601
878262936
174541930
882280332
539999896
563987024
36560029
757313529
985035364
947739172
800393706
737380961
330926507
99618839
319195909
368893197
723974095
781673645
68667702
335749556
296159002
66631467
598066517
933382171
375664124
452260664
960392789
958347900
362482185
177320774
229847594
79319739
214003559
581392952
35193799
704507721
142299247
541858690
242678116
614991165
104971814
955636783
692231639
444950186
129749949
470365886
313832491
176591525
489031889
836135675
897263438
998517126
521241127
180711723
998001601
669317782
170691299
271674214
153932023
918503333
213067128
960848450
524860712
888313174
420457619
66808294
340469366
363330122
331095291
123197799
647553692
519779326
863673816
200776054
264354786
108941774
143443167
336176720
311204599
627557667
665521620
119217092
545349589
20638244
741145095
595913908
776192326
948253894
130743988
403563171
566162007
799942538
71728455
514918152
544687094
889945293
732683664
841444610
686853351
977978314
144889353
105809661
753682938
892425761
315665137
221771544
713149503
317512804
581563381
932117068
952405928
999011368
301461428
790222960
687124532
223400287
479874994
555536252
805951529
22801073
446222293
489807962
149152547
971641794
193397166
675011199
149561464
329976187
201444233
399556568
405371957
747976304
339856185
863796257
175929290
690393069
588164267
601907117
276089459
34236555
310371689
742572638
509067097
588626026
557617676
619942162
202691922
908650182
69854569
364383032
458468876
976621515
473371107
229428091
303135490
688203870
572435224
893200925
971767361
841448961
413078289
433255613
685237968
310416696
989965906
948429808
342685681
483102455
515902368
478477117
589967240
561599792
229485240
782204177
306529343
961074054
876714936
979545765
449840664
20404933
594225349
868337059
239871215
932921129
635405620
929830133
325738105
766641953
842215974
245263030
548271200
218739158
428802514
70540463
817523100
471265548
106833408
112308916
445900438
579415739
896406210
474884222
768883153
88850136
687871335
906351854
609682253
867668855
332581946
215505457
670156943
542458466
865025686
33503513
135868267
386428215
509767865
225106112
797760819
903740156
742644341
309685316
857855195
917925130
160640070
303905180
454749718
667629384
486294191
423794602
726878122
977506489
189953748
359515332
202648829
781050085
922272793
32168038
553836308
251349681
750978928
93978146
670997261
968326456
411734305
141969222
992861648
911594650
915797139
221465726
850015440
744759860
551076893
140677045
553529549
48013863
502974810
482983122
551278889
887783105
416903368
656887355
630576777
287357588
897968651
594370396
646332548
999300770
375372066
863604470
501238040
440443440
385042556
639318343
253047926
729050284
773250384
238644786
601470483
731574703
265623755
156093223
604366552
813028848
533619296
141837608
28779689
493250984
375911147
354958277
943591846
302528111
252368363
46988789
862626928
654396572
448583938
218220377
57872877
104056494
529086389
784133138
21100467
591684269
661477343
344200444
362240682
789344812
70519906
306895044
396652188
476983295
698171352
947811034
627902219
360432942
108766140
748931396
539329016
66570741
16605335
779449767
749145381
795591827
95593201
471657863
540259901
740275053
793730521
785435009
465748554
46592997
155194891
282127154
251934747
481678725
876458819
473467425
205660090
314972449
715888734
164894634
816662951
654463035
929791006
157009199
408100675
447008726
187497330
821193774
306184302
446834595
912918782
122102189
27445731
263771128
762787007
17111956
87677279
458458960
231133623
43222010
653603971
38491041
970567295
542158380
197288642
311347643
335348361
806869160
60356177
22886126
265674655
891566619
881911931
847142835
698458555
694935842
875276518
600280612
116172799
53099832
599623083
813038560
166091719
260581574
891982128
185165719
514311481
974404832
259825059
572891664
315029512
723183724
680556099
410638368
378133061
390144598
866646454
236068102
680347637
962670482
276930048
803717522
110036290
905851992
709846590
808383683
367567679
205117457
469826785
346142757
982514649
933895823
815584062
130375199
31488047
621689372
508068665
530812476
50331484
321332414
490872694
72827481
433147601
432100468
666437262
301433325
510053445
17280828
997326539
790320739
420506231
524953600
382775751
929539089
904459047
242541691
945743356
784193119
139043186
88634433
451112277
469956069
442378621
546694446
323886548
772139236
672290022
308518736
603307218
337425659
469317580
910018023
365043255
869457903
507868118
267327711
266571970
603459652
532774573
332117085
561005648
989020933
620379910
117160086
204641965
342475767
730518684
28648617
547209782
285870483
384957555
740980515
883427679
697317402
468102638
135141549
943145061
428167956
195064689
104291071
781730636
510930289
998938155
262643777
945448809
752855739
791693073
493159806
874460118
420330644
379144622
480158021
519142449
523166825
55624048
851072104
383596649
811272665
747746515
555840044
518459229
66139887
503603635
664243109
467544719
944260524
99787760
336284585
979318663
541061699
592579844
64833390
673349055
187175639
217568403
304289585
430710275
532357445
581746033
221076658
602766142
654763459
897465760
691608269
910875740
620259347
544025553
205095126
993181183
970411818
914034850
858528079
397165473
685301976
744140374
211924126
748320817
75686320
560612113
500068726
789506240
541030980
295835032
736065996
80374218
497730302
150863239
551739928
54680493
214016102
311334393
359709856
481930005
274903623
969186360
968055161
13017254
398011410
333309053
987018799
693078630
922782351
181012806
337587055
518151382
750295186
817761147
36213297
546467125
395063100
905897014
385398379
333106182
638445166
25424215
248701225
754252578
999063851
249112664
577739509
364425027
242285894
57920323
829207134
98109058
904674400
491241923
344025411
277374301
813182064
562888015
360637655
24712165
147865420
374963370
929414972
120521946
635339575
995918711
634869738
551697168
302770272
857739155
923794022
155357181
839628128
454468086
46853053
655768191
399370069
167567714
824427640
138449156
990139164
460006660
549058405
780979431
711608585
649605336
766045352
467017902
944769394
407060104
75955846
685187211
862211335
946285182
442103568
904372150
688329944
363692955
674443027
902909289
145277188
824696324
849119856
458268187
712219627
868274750
182498834
223480445
84457402
809519817
708484595
89601178
771094165
56962285
975388260
879322682
959761755
687104138
892982452
924136981
112887441
818953798
302699373
214928050
425680917
975783249
419892618
876764675
868173992
676089508
490510826
424673232
307441518
410941038
322861470
935631694
531842116
733814136
397318248
330085292
981892631
292671331
982120406
646564518
693280717
999796562
115936156
629514011
312374676
420700713
153195204
438123676
151029612
641440459
383379162
267642408
636257532
106210422
663112600
656437022
725150788
814369330
651816961
123314200
34085687
733211077
665496518
856121887
253426847
311141811
287289131
768570332
955813710
918480456
909130582
651865303
897469728
75732431
722493203
940002587
692885465
338432202
590719789
89062242
715867896
505401710
896774537
814056332
956869227
861351445
143500001
755604251
66193138
25542717
798778627
313631313
740344772
808720300
760332464
961546232
335672252
907362333
108881011
748894858
33269527
227467389
870000859
888582256
107611590
687429015
164282763
410596806
154482599
473746407
448086068
557941727
403771638
405429728
879718539
598453994
247391097
487440439
844126134
640901797
605437729
490471278
785087934
307810663
595422995
461462357
868222003
272996772
35920808
666243293
413007102
686926887
802890845
720034394
80155540
726320435
598123696
238859302
626805740
525461395
705038600
175369861
199478437
563523190
417053691
42829472
690152505
414138581
346831457
286173709
418375616
835352067
44786428
86493087
30681272
943223037
803779673
755231502
543754508
187906192
244289391
630389576
814902887
669960937
661208747
368314889
175294599
391860528
979652248
383268897
92287629
189542391
102430454
47519604
785192596
350189463
946590608
144205945
698416798
631359329
656631911
967297224
534767692
47152295
375396134
315428765
989575894
727285680
433288351
33210980
943737580
165957235
316095763
129152006
433440447
898544222
676819585
349852529
865465699
857465623
540884159
582535575
517971547
425317450
784404081
722437262
80760733
227495342
979791632
169244304
628764504
168626462
992271386
398516667
132382374
882568455
842770064
780357822
818110622
758522468
471400515
668348991
288853722
213009391
14403074
471310168
347519620
924936076
466479854
864519231
833105279
924934382
128669555
849045390
278901501
986852767
529947614
536492602
106852172
303254950
85744193
566402685
731924652
310189707
37142034
127778139
587151867
779011399
218564040
241577041
732295989
660572843
316323061
741071630
992153005
811162322
559422678
877890697
568814904
49968348
707191316
687486717
819826568
725410841
924339404
63004391
690250733
883362398
991930044
984423574
465232489
729752373
70862237
48709358
370562915
630474213
707866118
168781132
435365595
505662312
976121857
641965291
354717556
339032878
208252062
980688379
31798223
735297985
739112099
735967325
395472551
220760807
753454556
276212509
13626804
332433879
940093861
989310429
408247609
263554081
488100061
627965952
937811873
22890803
340378227
617704851
352528362
967470071
237061789
63198194
835373246
885966754
428874043
867715059
426857845
921723179
995401405
618458703
471725069
794466646
725508549
487148986
280794236
615979549
90828641
199534319
138476085
80932563
112783730
630877661
335346077
785945422
74708059
470686335
423205332
727960049
581692548
19595111
268609248
909938260
207916549
845767483
856428505
402692482
766787394
361978526
382170404
805871295
806370093
630334677
191824970
39638613
564591163
945203198
438047365
820936037
315769303
36097800
838491186
373662043
562064338
141107557
502693062
424101112
221567534
889954439
160879618
323820923
830011981
433434009
246344336
862949680
800441495
184236674
900055875
933290909
868970602
889157152
75854140
275106424
311157851
257749626
704683468
238043541
229086302
600317288
121473187
258063451
955166186
890388964
436973647
628153276
684107357
166698491
738247667
141837586
982495108
399582414
163872654
287400407
342145691
758061588
451974112
310998953
784703459
987205086
957405435
805108895
324281160
88239475
303252411
907943764
348566762
150449502
972234176
943897305
895502867
738900859
938945501
975596876
699083610
986366263
500175135
632389907
611047984
499335254
851351899
11944425
417224349
964897003
374434616
218050281
592402826
435989687
652339650
197516920
446000274
301826429
933771092
949610605
902373240
890856978
184777437
571617159
80307571
980145042
836400407
386713257
115120567
598598922
694788908
698124295
197554627
170902095
304031973
390090530
156107750
789769173
199925716
260911195
818634865
664918686
972218228
650241057
774508340
273938232
442305606
507068659
99798780
796552746
593151413
259626001
672730731
764902992
351693552
914673344
92079494
94326095
457339144
166266630
131214140
152625715
568742186
543281490
532108122
577229777
319686430
751029746
914204331
620035582
180916369
515444700
600592255
105355853
986848600
616199696
437414199
478030884
381206947
703671898
349782812
192947248
479264763
454168466
799072579
364825601
698791460
15862527
468060275
27234117
973941180
311339940
47449104
690449210
180444318
125557236
871347906
11037898
197762829
427962803
640602477
64890340
568631556
981550948
387053583
524666178
615560787
811319258
481221375
527536820
353557299
459315223
781527864
920032508
762786221
28772639
641095055
842818963
316281250
189943440
489037800
624726215
402324999
581659462
52468627
807166953
224427499
547367502
442752988
228325510
809907149
939920374
457338483
933953425
310407922
852602042
292292810
416889617
234838459
281862907
602027428
715508472
221783605
143278487
52910080
360338865
374587127
353640003
977392573
659203268
28667146
830518817
596761188
486194440
920116807
271365385
307529477
728617115
558918279
939502898
680325459
52328431
263829575
403390342
496030261
423120942
26545391
180106918
237603548
590582396
258683294
203545344
807528279
158681756
455833326
934675730
695787657
348451451
284097137
400634376
382965867
659389958
222887488
455816359
268706724
324350605
572522552
14975182
669383662
267141773
21314120
675984418
716645124
90639855
574173437
911892317
579058792
29999428
846531515
356921135
782029953
287593136
767506354
149832379
469013028
742698988
444853396
76127515
470549254
479111473
488304331
401104992
463536525
294606200
35038786
118776670
562892359
885292617
57217532
154491098
522330755
626213879
109561870
218749822
600891690
252977024
115463987
368547278
995494827
167987657
203448077
368131171
248362874
752456212
240097140
455493744
348643402
916946664
761546167
995478803
190984154
629922411
895746436
864489896
920527170
48183034
801396989
181997826
21724038
534139805
497262439
817569014
601665126
706899123
281968801
739744195
99010789
366589400
358805213
732078532
260937119
653384031
112893524
626254384
655393395
348766320
824863018
553981736
366447631
785558889
394134112
597528862
288403948
33452454
423676069
135302409
710805331
383223642
835350904
735038532
910316321
430373953
235543905
123388218
500059450
643189874
699988822
772724013
838544408
928246061
176769149
183393460
590719158
515723600
930897684
690762097
953077809
418956255
250500434
337950317
373415132
924649358
115141243
362072864
66501820
334926768
420383243
519531232
90979447
600119170
966606927
230285084
217941344
834160249
291139043
945650409
979076575
139775040
467054446
398823746
838480332
486137360
200987587
18774188
135465369
519469730
813273160
597850091
384750002
824968749
289100555
707229953
686044932
981164743
543822603
746772658
871082869
262249771
856935930
573564299
178463756
440655019
381062623
408887993
279842032
160014976
408856768
913158166
185009879
610729448
122436818
584169112
952276158
109215791
743179148
988998839
884112682
70056013
732294317
203786364
367625276
721642654
848189753
417986867
914938411
499599900
828182448
345466029
925869809
820305393
67937391
467360729
634817056
348769029
651600018
890070557
443775959
854981014
491649265
830766486
425359568
660530227
910337105
828918784
122124453
402330612
595963995
287034663
479565694
446145372
808817468
255018579
798764666
721245793
12089758
22661195
409725837
853654351
914730916
510957984
385876086
664236035
289426547
614572986
203026228
537068476
887927247
579327438
908343029
347171261
31440328
87141358
223205419
17023515
404318274
89505325
603569585
852992684
983347210
64016981
787541549
440821865
587320377
458113356
778336749
480613109
39813303
67084452
884761148
293298940
94077569
575077028
417420029
787433627
107145738
613883308
322274452
154076922
522856759
690509906
735913421
590928470
362883908
669191424
156163770
472383623
559391571
38433201
436049442
796476116
954401548
807104306
855023085
381913398
460416074
199153261
149223392
448605904
550258950
432035333
907209937
563040519
738792771
818238095
432278219
97943861
806747708
690526364
593451204
751988660
301326767
520682479
828164900
772601694
455815335
428059104
143521807
322801997
93053928
367701479
521268840
934644160
386937609
649484357
814540705
660335767
557424318
489452667
709232529
633247879
432294068
739740279
749453824
809264234
853190384
238025404
93862504
295533343
428920739
915384828
556612276
908649152
223281737
686404889
441564913
506098399
655385161
868739011
382984800
885947856
96377885
264898283
512686384
174571894
58675626
148815235
456409117
401171514
299398635
468230970
402697128
611342303
231812176
971397287
785503498
482523997
941619630
819697753
27545291
924417934
83359744
262662234
820588438
464563762
379377576
290314478
526081950
329892114
700296709
440169873
611497309
670892535
433260736
859431255
684323289
208428843
231812247
175585274
720197430
99393821
868247716
682306215
194550464
430729292
267865749
237102979
682867622
676386368
933836328
865376781
599097002
615862671
46473490
30057590
935060184
215267091
922644421
689592633
440770737
779406243
660716458
439831952
146289508
108892853
822831958
193344920
289957436
170632691
47642232
80130561
15240471
636217604
497680342
121108764
711775178
902201687
655696741
387606628
254577196
714551908
123011031
419558848
455733234
213371618
279322461
158385676
709894931
157030171
380819991
781473351
733521616
867100685
92083292
357089337
728845773
431894057
985434242
328311262
286618421
825901008
120432406
936297385
742329248
253445803
221120333
115341966
824822293
594294263
114698389
683898812
926848521
554074144
441977237
176213700
149279251
991505487
290700502
416504161
545939753
514643367
751485695
843049428
703188952
47908892
945418562
834018696
641032859
212211221
851026230
494588519
654338559
678006743
390674298
280642112
988355254
430386941
952326059
119174725
771561989
806180086
38149541
785440262
23600677
577612919
242195453
382754194
297039971
200619792
816944389
751854541
175410364
732741050
435999878
393074299
812513679
879827623
827526671
93356439
808450186
819360812
318001162
92807258
117885788
364616925
959098196
317181782
178987240
696250079
758259958
10880007
46306543
407964752
903490891
55339823
741451468
292798196
577902666
650267635
152073395
167523576
65279166
796211095
561458226
517026193
733060894
132112784
41106751
568632618
312979389
444069451
886901690
687136013
889462015
720776512
571751890
270144870
987511297
518996192
327797007
884112947
241259697
640837518
341326556
339538299
66602034
907794150
322892848
759310660
661027413
132588211
196745217
545129450
331617229
921085016
986605829
614934600
656123458
403736660
798882976
765136366
720664555
421123857
436690793
784742480
171512591
617528082
586730289
11809335
982236253
366942259
39370082
872087026
94233368
475468412
464952628
138251475
367544754
675366735
353364017
838406241
104955887
252908840
400641836
601134592
509317878
140542330
749040383
555127704
442666085
75464057
284446175
397313391
718318393
746953602
920980707
15732493
499278220
946827913
350613950
759459652
853198330
498644689
438796460
571077778
81263640
373260805
382252498
201338941
834172601
719507532
637579338
44113413
106360902
279647035
926628228
127023404
516444930
679165896
65365427
16088877
343112757
465925125
535735368
543877529
849791316
307147199
49953197
466012294
126568719
146599296
482349865
518638624
426348896
347615040
515324149
163654675
326074849
812389758
694759880
799939414
604818415
708435939
618392136
657349034
489788486
909136247
939761405
620886147
392157521
408696274
492663198
459210225
972807276
253265843
155711923
472821402
41936841
23005276
897867662
267751341
337084969
577136896
539620770
760444147
537948255
825776565
242828962
904034049
541385450
995214999
369907711
324102037
565067223
168181498
480364727
218796751
286844665
165418351
278853871
471244211
752559616
475193014
687993702
720659879
714157513
236110937
809606300
540120118
170695992
758695452
358138826
408313347
136858213
630233710
803106540
831300752
752619854
443764353
790980164
978837704
223198911
943260776
110705026
592921143
110505802
377773867
694577275
42374171
421439678
172809949
696057408
276408418
321887103
622185158
517853893
311636580
766861271
550952590
804943865
95163603
427851636
755536792
717359114
245152819
960879983
830136557
655690897
758364917
739896014
695355085
270510509
533575814
876525063
449276061
509793700
566531887
831379077
731401490
683563065
927380550
602522572
43395495
856874883
212774468
247315731
937139338
836239045
517593604
533143036
706036200
643401990
869384556
940004378
349325450
493331078
886166998
676805412
874647998
989859699
467230765
555456233
372010725
602346062
961942853
522743586
315942012
131495866
899907273
665504187
886375136
663338504
970404283
613037591
711239760
824524852
962492989
829545582
332434220
890982354
89800160
180454935
759561447
759060347
175936453
665253092
464226626
614438711
927414063
736640234
390750207
104926521
975912866
170146469
937234908
333799557
503451222
943963601
327073165
40477773
720226839
552017242
548218314
390784265
394742157
245292780
972241486
713457803
876527153
468799297
303292098
77258967
79776564
918708530
391359932
30873997
134831569
427613342
633893289
773125746
345824830
344332198
193874523
606961469
989595533
671297097
160254099
391022204
935201699
341031009
527753478
36998491
268173785
451190566
32819584
263722523
230752103
442245502
217653172
88688523
679689287
990922609
761524071
631413973
841068600
229235442
823422122
550151246
162641987
495148468
721545362
239578890
775515925
479253710
247334954
24106698
192203063
729647944
923790689
634132638
643596274
80903759
59579007
308272930
828714770
345705456
849814415
775316793
627712215
102149340
62330157
765725206
855047509
907595130
673352815
972546040
568621226
536163554
864945148
106610620
700104258
642180391
974522566
233886713
850886416
741692478
103385327
239360638
870550576
514244839
62920501
452581260
178819040
268676327
815373995
375061206
929679530
270488861
970261121
577301257
241599204
189954527
808566231
764528675
335803153
859385463
999074546
903669412
974448950
373414886
893968160
278430909
714335484
832821127
380546788
231518259
920777695
340316574
642043377
407919440
771315943
512261006
697135681
324041236
419980326
755136111
403135930
788639446
13081485
845906458
619087590
37675385
542258960
373566097
665431610
629534845
254197962
634699514
273801362
277663701
587027849
363300668
163885553
427902477
690287445
116810639
796495362
657114263
725654164
660639040
356238309
882570580
863661938
992987880
145522067
287394924
918509009
452864363
886187245
893283918
951781112
261168746
570836979
724329643
791758907
910270704
75807684
850992652
610460788
356663953
836933041
129993854
560279780
956641136
730247311
249312295
997366517
47147639
488949499
398432527
134620882
748313113
738359597
41154387
409099861
776172889
312563620
854126049
539976222
243077553
514957091
498728839
95622557
738925813
603942686
551091132
70787766
810284350
221988926
575532149
600326104
597103428
150920958
69940319
511221601
93563610
467479934
282728524
502398417
162838172
138857121
248645662
48833556
781049621
87043193
28631191
140982797
922019896
842297592
460870382
281547534
618053215
886414025
188575366
20489645
228716764
476964264
401604735
494953601
187653065
453452776
277194532
578601178
384146411
864722325
923314354
319898230
499133248
183725189
77287992
362471412
785852486
457876188
951291560
404549409
855956459
343354278
103529794
68736614
715670528
533046153
561086593
221601146
586750797
622630364
764088488
869587648
492855571
167017179
354165962
461940920
515948721
613717999
213276094
959347656
321181632
323707453
821164278
247312258
677245549
828737523
610016309
28357130
743313814
507290370
22790393
652045729
430153958
384504405
870210202
623235981
70783325
318867170
925297178
83889285
419022680
765049751
386684301
142965322
386449963
91257640
913644009
372301498
52938186
579259790
492349898
792970377
85970147
670871225
177836196
25304660
894869952
809152741
669317086
497883370
103929502
544491559
884533668
671703365
685561506
107141117
23663352
214322428
310378665
798618999
898626924
529622713
771157859
209972165
794521093
330662403
276914212
967266272
715681679
940339549
163392339
278319620
997378280
556217043
421706348
144986278
449606884
534604520
120900335
258838825
174704154
668009455
842558404
60387498
715462869
462558031
969426466
830435335
795102781
59268863
723471449
283571165
250550590
68075962
525608643
603690111
649126873
975314916
650908945
712473872
913764690
116870753
165152289
636297315
126200266
947807294
466478065
232380954
605153659
225946698
443796423
682423137
634193914
145837324
185129041
330857872
365093602
484842216
897566323
567499140
516737665
476144049
609103171
769323704
396336048
223152275
952982473
607951461
638651903
827423388
964303683
806408857
184121284
975237639
432460795
665656048
748918909
40129140
938987638
817268885
714019756
320940397
232549073
487185413
427368158
231460896
516154190
227677101
961951931
20443937
499593032
888261755
413224302
551330905
424036497
920303550
10772617
937392443
943826927
333309854
360300342
430520705
942387657
784670685
193767542
761412523
69177439
136146891
352175236
809426360
787715752
96738032
869774976
773587671
757009277
551163943
873239659
43136884
664543768
855845272
706896165
95530700
498094960
741640271
299342883
909328464
540144413
430110149
999337200
578732155
47899300
504323950
843005823
718695423
763254086
878515402
248716052
951708418
165423150
43206782
853548527
849777984
69831731
966146043
947417326
181796775
606442873
597201606
547656441
43305707
712587148
184299815
812988181
865807964
717640651
556523874
276843591
364214407
379748575
898362497
328033837
323056388
276120519
324651492
705924079
761059298
406572045
577335922
495012912
944677054
373531524
574212988
531874206
896335090
266037862
295820111
337010311
467737483
463773285
83650238
665629199
770037337
627098688
237058986
449223098
263564928
685599099
274939971
375352252
889121475
543449253
499722629
104820527
905177767
830325780
814502760
292370430
721978770
364412673
963098721
388096189
950662879
13114300
546119421
258307194
588803003
449489043
732090320
921301272
116895796
519685368
600704508
220160251
418726377
982871632
949866053
374417441
339180335
341989625
24839463
797282210
707276670
46126839
712966192
282773685
310877413
949012193
617775314
304026846
990856256
888086691
346430341
693863008
840485792
792514563
835305903
406957544
952314636
628101174
844772080
732678023
986067193
37764223
127631620
188167810
670593924
537776482
627374933
666267969
920594121
106959388
480199958
393214509
993573644
317524001
367288902
977669952
620314990
10307751
316272190
22864045
778667047
918654391
357457465
138874333
86402672
585784990
12863815
855306106
15021892
161783064
875889464
780329677
946796297
480583261
299033990
274087382
74655792
800486395
416154794
795865226
749225529
598374177
552925215
263511832
680264243
473202015
384508518
129942801
869911656
42083577
574480108
444681584
214252696
822435533
870144578
134770677
773271630
628901758
753889903
938231964
702024781
290362918
961875089
506104616
231694567
850437685
201199188
502839053
188738227
115149590
927735057
834333919
694950125
879285061
506287280
439297535
609305658
343470345
457479229
33891161
615594146
829695347
957552349
945935531
389639651
528039705
389232619
353134005
743146321
92589947
963843846
192657696
174059927
615864338
955701638
262483975
327696583
602477657
35823924
243272813
72643663
91356897
688000326
821678446
470043681
443569955
528337317
28495708
183616717
791634072
448577754
293701309
291154384
775888114
10660286
922170195
157377741
482743763
542633271
619813632
905896547
943616398
445773768
607044353
160726180
879990302
899174594
694177396
64737163
26774781
487206812
861307565
524330351
311412503
780437346
377940953
528861215
71724738
366851013
454418544
930813928
478718540
519242934
624321808
802666965
861517850
316341552
903389307
789522510
823619501
693640286
911977026
629563378
487018008
218714572
265295871
128463357
426981106
46965024
351468340
260146450
677654552
507964752
623819810
468412545
589385915
129307800
53292613
319154295
829066576
626750199
620245554
986772585
494560077
309645595
877525457
167289419
158701297
547473650
425402620
979952798
601548445
573355537
287428567
942993345
964537916
764063432
982917625
398665044
500466999
194155510
160627785
834285822
426374810
197527662
312137076
515947289
395991251
773477839
379879968
884931619
857770237
316429542
859092773
625838909
322671171
238306423
723680658
135301798
436111367
744424910
351828780
627212608
666956430
743287447
870952368
919456700
721764446
846807583
88874885
217247581
66435463
214194435
505664565
524600287
254621389
663429541
578998155
14900375
133359249
907103007
231817390
437620692
384047233
380669641
186284576
607077005
746375144
949522010
825119571
405320648
118039988
566940595
832032731
132570641
166008760
186139443
497079320
196538062
834897511
297288364
192846463
752986016
582646541
925853706
935649035
491069313
448232554
268191987
872378572
641066823
598696474
962009199
114729634
626555627
837135951
358506912
694122202
453150069
757356082
699675481
252418653
205995789
271062166
826793312
510070159
861970836
416661085
71342807
375713256
43716132
687746034
693292824
120640211
250313212
643952024
351209508
189335095
332194804
661506750
27735894
68772356
239794286
157872019
271945796
560765931
955980376
616888808
48813946
304547886
762118029
626158102
536287483
714995457
489412125
693459075
251827576
598458774
789450890
617027688
543626043
220114770
952536406
973297194
555273195
431036128
446117174
292030670
845064111
965669362
751971929
122442352
686570611
405725168
723103545
335375522
513899856
389768109
321763577
874136440
408840907
128606837
417700435
659657192
989054577
148223756
394759692
808417584
762465716
902463541
499552447
270753180
378266404
720803012
943644989
875499818
662616619
637122195
651959923
706722877
397035609
624912620
111126101
518396078
289121325
97102433
189738426
275145667
912714243
582441907
921885510
414252075
948310243
234972599
605238845
273624351
76780601
129983074
130330166
915555721
156288525
605314488
115438943
80173072
763302448
540084793
528321279
930832685
893382209
706527180
680959486
371072665
161476819
334941959
208782234
244026534
251581227
552882613
577508690
758376930
565411219
512830446
605454889
769520757
577110095
594973724
670489810
928983987
712715907
430320593
361179828
618712793
787992554
895173317
99374027
842422044
215892023
558496049
809245030
174120969
96641810
938091024
203964266
173492750
87890737
982449754
816967218
293515972
551649692
894257951
500088687
399860129
34962235
686865766
508882158
910465451
894073830
204438671
683288138
698605627
892376323
594433785
334991744
127873334
49471209
644226584
885568695
139339984
126850175
730542483
895082814
822221954
210412870
420547467
492581594
33012762
429445853
948892798
752118449
15907245
882859840
291358129
272685757
637113021
653612492
111655435
559727636
712541756
336553853
58092499
788846604
318434750
798634468
29146362
222906627
778953058
603006086
512505007
111689426
687097465
975439239
110327471
855258757
868429163
599245290
453212143
490781012
729203674
219837341
916296396
544467375
174636442
121811655
24452810
44019293
967713597
274825259
222183114
702512840
896495739
249477913
240703463
632550854
19748067
941759880
449471873
502954183
235793261
729155509
432128926
843985599
269695460
604904768
166192468
410578988
802712298
681944390
471030844
868321056
510052313
391996595
64510470
589724342
187232890
326597378
414238337
523064861
812763554
602061974
635282700
917355810
206658141
257306717
350423749
904246532
777848943
817439996
302581996
919605072
275183751
99321734
738781831
996720985
483369224
351695154
925759458
398051035
775127998
356882618
256795105
246495357
809595074
959523598
515007375
922312244
786467262
134597237
402317542
108497967
626668984
891902643
527150867
386716954
971036557
842914509
331599958
341196095
507138895
153618078
943807959
356376335
611890475
205579721
264573642
276388960
520844406
182844885
398036527
477319386
779724334
598116502
605087643
230869324
747456666
443799846
967839932
778028481
288254001
300320349
256546702
461642646
218398607
37497135
519376508
454839292
636594297
176613391
409511617
258643434
760538473
645251965
942175026
956249296
227579228
863646763
731772554
181285646
143174007
384341528
955534677
81903543
558291756
938403642
839246017
913351643
980233160
28514494
715282323
743066497
753777774
847367817
442142405
415902607
457712633
719759703
250016438
28805026
233509725
731433844
318661368
531851655
580666981
605970694
769995399
349840005
839732614
289375757
293169856
876881222
48677516
695816220
847630145
554926335
292870246
286409630
539208531
693383240
222942451
934089374
268050471
489509068
422023068
452233236
171085810
828927289
794995908
423682715
932656333
875892578
166222870
303992953
908889746
544807546
56939218
718591611
231138083
614060879
178669151
751073367
638791350
234113910
62668347
429748149
138541017
342940765
718096150
910272488
143149298
837170205
452349679
363106422
514447411
81230661
762931850
973705825
447157397
336860361
721126495
850605423
313578246
408093139
531401895
98709934
221687657
839019820
471701550
611504006
511863920
680039769
513603781
825327576
154612664
160623754
88007670
809776945
724747061
38553206
877283419
445919340
824381485
554502951
444123752
697781419
282010755
322975455
323238327
135422181
569428649
348539005
477733615
606235491
512442789
388310204
216564683
484377599
766566276
806936679
302459898
400992572
422786410
770754346
885191314
863402182
67737716
335471766
87831438
989383831
541642564
455305846
818622104
630668818
933193204
780307802
867487528
926699895
331674779
371408093
632103987
246485178
401859990
932919476
334398154
875283258
808870365
904743522
437336432
112442318
966918793
493849510
155569576
338169060
286604640
587306648
857368078
20941227
266155314
175783477
418519299
573322481
399875731
616653106
208807424
765781251
299498225
366964465
592812949
567908936
858642819
461391571
556418486
982442400
35197479
26724461
440162609
325328525
352139855
985779970
877500013
967581975
555374810
817480180
329064976
361185956
207372730
304868360
854894469
189533776
429502684
822140195
847092622
849415982
704928687
719450766
725400285
688519519
80492939
276219453
54416643
396395898
143770323
870123638
976335735
540931327
609932983
71210044
443383167
674648966
626230133
439655592
263242829
843642412
705337165
60038634
801142150
931180163
972209224
574198762
516504297
719628741
390080731
989117368
699747758
894746986
856881513
827374494
809397901
102367471
958686103
233649113
835427014
427079430
884414009
79998978
592844264
788744092
772516804
258074503
773273500
396402273
868529060
67522245
165675929
919091384
438572690
940703591
778460061
193165808
203627843
106335083
497615747
363058536
514376346
284295308
690492916
812153406
535412651
974205057
263638941
320379713
548390997
957327306
356566089
902177706
347133819
261109655
766961446
361573578
888477639
236558568
163771148
877845644
999679687
137620733
900066262
754120748
304718341
680762224
798762987
406137424
723779071
739814284
658769112
820999126
187686956
817380754
347752975
494816857
654521892
891542792
253134572
539857924
298417114
218667270
617057402
694919001
51015357
187262349
267033637
301613088
454053206
778614128
558995588
959621874
106039145
455489338
434761869
959382542
200561292
996649758
79494930
509841809
871565222
306225829
888924686
402394559
333424080
20100759
965664173
750554848
728560121
858260664
213835159
252895649
565071613
278629289
305331542
637695206
877236377
462627845
13174287
231881186
766251794
435539903
991005647
520264175
362580284
225548705
769970719
695185023
389345335
930569241
548337611
679897608
658254098
260372282
506149661
865699790
611736637
975582828
460768389
712774010
32489507
933493282
743773390
384113929
991511546
558535368
122015019
861575289
533650369
893842229
626491057
641747191
384683508
255331355
67781334
73721656
765971911
936464393
839718288
832385367
842243143
30515408
564921375
27349757
197499363
564059267
581555529
413110721
271325417
116801936
450616882
976116362
876572540
461093863
482794059
723281711
997364646
168581347
556194088
491429690
807093654
44436421
774006868
687852391
746515956
951241528
639087443
949756812
181924289
872075982
864254452
295827053
485089599
352305606
910455656
167401104
936702266
304541886
885615416
109936041
299441892
868666669
153977965
685592105
232561006
778457836
358947718
503957337
340654931
73699828
232067200
645620395
422589153
355973392
798173578
719048890
107757140
573319685
223798702
371172449
383939695
524675353
915002682
140408867
647728863
699541020
669937817
867359778
924003277
599410033
161452008
463575403
283654382
196546687
900581651
766676425
371052838
989681898
636170444
879886688
236242307
828283334
251787862
151128637
887422931
450643940
72818623
335078560
574915768
613237091
644663922
341497930
613501482
82633167
203822408
83474184
98250182
925080537
501526136
507829473
38518593
125062417
406583210
500500620
397102931
837945351
805043541
300445266
510161700
323243555
986644818
739881789
881118480
978074446
571707150
748284594
808354774
870350966
860279880
586275353
815914377
359663293
261602269
459512574
678470542
983628024
949927319
453176364
137653887
906359567
409670681
538417290
828133431
256166422
23830997
838822433
48721643
931155631
591302074
647395885
54462220
836507650
263345029
332012657
457695270
340507522
934802152
744020960
218735963
616685503
66011196
138956965
771177556
753486091
37521298
273264597
749257494
857722822
44330171
301373806
727191265
101105634
566703807
655586868
635987300
845205941
540558281
319481062
925583120
34247966
560675909
231308211
756233089
710719141
624687731
863857052
280355784
426163243
562987156
893981159
339513182
788628797
391107988
536236794
573970037
317424633
233065409
698145920
917835779
859862328
145925205
669419894
627739761
298277269
894181303
221430379
301188746
768982027
645369470
437919351
673547836
909477270
600060755
588721462
447872718
374414951
520447648
865231318
334649424
862401643
421982215
180435479
526022410
491978558
655186132
603926849
157535775
24850223
932043981
716282968
107713849
539619091
750869127
433437716
110601373
900129938
50739680
642324106
597150062
386128321
530840510
878209336
177319858
341044572
501735612
140040611
901587890
488260297
969970300
13669369
657471385
806614580
695199946
565950463
210047661
763246719
307787548
411204736
477529897
116224744
388972236
591368625
176394141
102670890
645616680
36015336
480764803
484918401
548236872
625792325
218563141
707379195
62343015
110663268
379212171
777509305
613998502
555489755
891675471
70481203
865523302
547331480
314731349
67485429
803381697
620962791
671380090
756489820
129319218
735438839
824111286
489543199
360286649
27983333
508184776
666381629
268793414
590785314
941025393
834711101
194675156
995952393
449263333
796350968
699689387
10221694
655225749
827522215
538767764
11998560
803314561
819710497
792077122
42596639
431299022
731308855
99893893
554982926
706777526
852572935
904373677
840719714
24188651
133379792
102998478
310513740
132907394
92598497
136630411
205269303
763653268
800629796
798997467
234909023
146191871
871074100
656308075
958426894
422545477
619708237
996028123
371189601
574881202
865284157
534308537
66453014
138725922
36663473
469242322
443781905
880793701
713535263
206847691
874507690
767755602
665705890
47018837
281842504
718960006
32397283
220986751
604146293
97088562
979787372
848105241
144490275
659023827
350811097
520458154
944868366
841607279
446807395
99726960
587948062
330082359
576636692
176760225
300067305
505855428
647457479
36070682
863308199
772389396
843921960
321493558
549109054
84067789
462068616
639000230
555011846
134731516
735020294
522720837
828340147
579430996
376371632
53140313
191646141
516340199
825974837
620290081
837540129
609087228
719185962
914729705
237472264
887887997
725350711
325428846
857866325
643719555
522293158
395653829
916571832
736390467
477254859
119964440
317388753
626393178
147143438
169186007
319034276
163025666
474929449
341171219
502035583
738802620
91209396
739520384
84030504
636784163
61632291
49902277
421108787
756795849
686927320
174140190
546838209
10831017
83432756
887497385
988878585
167614418
407453314
628671152
959285659
930108622
299688486
903908725
78921170
670855781
710882033
713554844
861599277
216655142
996489882
935389615
433528204
633590993
254733327
470500305
393888448
847804130
555362923
376408495
776950684
810734734
430815041
368770056
598471969
541436722
735173670
618316946
510159455
173476357
317639199
172264703
557916911
726031341
546432438
478054129
872748835
364101453
258668581
601255753
104858321
289732466
381354383
391900888
953185108
765544287
764259810
374964025
91330605
222188987
479120782
977489658
797435423
901420880
630509985
876695548
898903059
122407478
66758784
345318939
319047305
403076967
878496563
690812055
94978233
247840176
136236574
634699973
205561084
821828783
739589366
752884947
44096956
794298600
770610461
475680144
328922323
409174111
190063622
750973035
607734447
768330771
202986856
137388943
740382205
734128474
530826905
500743330
964020066
998202567
713592817
853315648
578007270
21531246
601003236
55991871
701500643
126933793
520441187
233569032
157839840
237484648
964110048
271832742
226401798
378214569
623722694
393342285
703442554
157934618
655436098
748802910
324372781
208319368
70487099
32256491
812712788
648877022
74350783
808460575
644002167
481473360
63230511
497944149
140795119
15777844
532410475
820969687
688021820
686207807
281155335
677145914
840836880
654426705
587001057
992915436
733452901
855346467
391034765
188963746
702360915
828171716
496358647
88798576
911480900
452052960
25579953
232026335
981497482
650318207
879995750
640465979
56370678
671195555
912654595
368915322
421685179
482315996
717285993
870344477
297970998
496332141
823809994
67390290
684911740
129313311
406280968
317559860
500332168
626255326
406881964
114962028
956302533
175618199
759529239
254260288
734515733
915506898
778319380
692251882
555396275
116454817
88991998
805154285
270933330
483626983
919396296
51315804
627870011
450101772
259038223
902418275
863775793
765663619
583308399
763385728
956325225
543569057
788796511
591186710
157353553
102323145
357168334
725247535
981266448
492904175
173989618
691335300
282934036
268345650
746441408
728031398
244210923
537781175
844306707
342217527
564937396
271560942
185762470
554229071
771133541
75705076
765617180
390150116
982794480
712763131
128254568
179014857
606225956
902556141
861148143
865441997
245803506
903014625
533881142
904434018
90197223
274413912
259814759
542765817
619127803
799235580
969815187
689010332
468606746
359449180
78179167
503362646
846528810
803063921
595916867
436885199
783035048
652730343
371837323
551794145
618029748
321751448
833882263
212368755
486337063
72884801
574697670
111977379
896652804
501432756
129364031
905754412
665742738
584088386
985259147
609951104
369908268
312565824
264808875
113344759
331734997
482789975
404234891
456108039
926695004
459421752
197421877
947515648
885951526
724946490
766616691
228933098
79742199
621853125
707261572
366864745
371816932
62529910
220032037
453558876
571470200
665839974
200610635
201326100
568108648
569870299
765568121
711830574
563210938
528501347
400790855
904758823
648877053
506083654
849403845
761887641
273539786
792628279
16996905
493742249
513534195
487105940
733718872
619095449
637633329
351611792
525747839
463126316
405186497
837356364
22121433
270253494
408541579
764324603
802979119
219623228
55267495
415383611
389072743
750107267
371522295
833551240
354306563
421590806
588039522
711590132
435700831
563383002
832837813
564346085
179225339
689491757
991498308
521465529
166478066
958100985
557764037
101345592
44987910
27810019
657072214
421928407
138646175
227310276
904062575
447653050
748364248
552571800
321077549
926139515
492576658
426951543
92466756
626658349
443675746
555385268
243992285
436949226
683035638
382388100
456825104
663264373
210193565
345526624
624435521
912826760
656535691
980726921
810975738
139932775
902673406
779148446
854643836
748576671
41731059
560599891
695959694
882563222
683103808
301906924
49398335
731317785
989963744
763867766
880623223
799140778
158543551
470781344
72360586
984142648
889562791
92147111
667718885
705407689
211011916
576241366
379636555
472561034
669139353
483343211
147083540
789578011
24259666
682505916
254913318
562541970
519855728
20676788
267826140
121638012
685341081
734357628
621786651
766586805
850601810
924110186
236339394
610130870
734542112
143104902
842646931
915207861
86224819
862240294
443672936
568029088
544781242
940258275
183917032
105831176
419538318
265710143
260822660
720623283
188799093
986591620
663356551
715681424
387742328
562936460
414335662
488656154
624235257
794784975
829239451
990032792
492111455
639865518
301236609
742672372
109914164
868997653
438481606
665190255
434737639
439585630
752330182
783380000
895985512
648919366
493211721
183127720
472285523
537556144
922340932
830834938
299004226
520712811
501793696
143877681
200138116
918204184
65103826
276220469
510051783
937890531
801871367
72600279
208172543
451734061
974566291
446062476
986675757
892266563
724269348
15590415
64164605
369354487
898116862
349551208
126923184
701195168
102084582
498838313
936638647
577627046
413417126
167493585
204613524
152597312
682641074
645641456
554566611
546768003
32133559
982776061
176139916
652480279
280119204
145109065
879830742
350825022
408693484
750526170
740404082
55890736
897443577
844322149
11333702
541471637
396773546
999608065
936550751
482779277
999840858
329357842
473379063
250971442
282149258
979869319
257921784
483492437
930189147
515785405
808357454
727973725
658027668
809940269
518275204
920629401
55248372
211854790
926448544
354085538
929387603
823019018
51590550
841277750
168375476
126319297
698233129
548602466
553249254
291328631
996767284
658738314
364302513
708506300
122356104
260072016
436417202
932216629
682268510
247081633
680113321
706200020
471634002
264586152
730178517
53812479
962534749
255211169
321066417
741188579
503458302
105964184
465813392
393884927
988807203
804578360
931375427
553471745
190712371
485519320
98770586
790001945
695619967
435205710
719772570
186160524
539425907
410374076
747637577
608795824
992146854
622211386
200090755
664251701
629031278
369255499
71880397
229190000
840179539
88708809
912347628
856543451
776860538
284428027
249356755
612230695
844009468
894282609
544070101
754210719
918008089
189626856
892202543
441946593
818281345
861425203
998324076
486204529
922502152
775525682
427510362
154739027
452236499
964798221
201580735
321053727
967769715
819494525
426127407
466684156
697468189
218131521
133219411
587350607
904760661
621739007
214723167
916926190
944858615
990462012
930413897
915414615
229745096
237833711
824034052
280638267
90453833
329396786
213893513
897918663
59511825
437343426
236649906
175968563
670054639
285736109
204449779
359999158
969911771
80523364
665747283
58702155
372162948
834018362
649463065
265441447
230658913
535577266
256628269
763313393
322146328
60843952
547216836
587755658
273132899
704436820
452722709
437774724
989943850
321712956
287314094
548624448
498677719
89408006
631401000
275145443
856581601
309751406
484803617
891006949
833091704
942499626
452091700
353405062
827307278
774165747
298394667
496481264
879822536
575129155
311970001
365894282
669410693
584356382
99383219
936499336
221859247
266335663
516571141
315891931
440330929
567708908
339537577
713393988
101936864
406530632
499437384
965909167
882533350
752991687
311286848
770119994
83172947
638126290
727440829
76104008
285482575
799407522
477680381
773546478
258620384
135732628
758767678
963590942
666784792
117603566
610782878
897472893
167528573
949788120
780579323
607417440
294292861
51173321
679397680
82491086
681440342
474558005
554221172
495186360
502123885
252616124
582379869
305455781
243492597
454899318
363285052
125560230
626594356
150174172
905421802
852709295
124296993
810802237
183741585
37535355
478164528
241362956
85006513
193157647
454507554
897926407
700094501
116660266
222279585
66117919
359844004
976542242
725557341
663801330
777800203
667306092
487961334
212571473
164767484
854889436
144844997
29258003
525516760
615060583
781243309
979783158
458461815
925237496
830096498
997097355
790726880
216396778
421493343
248387401
508029769
835001909
131168032
86345374
767305234
984527128
188539727
33258573
495991522
483573863
874207747
960757458
152393247
229201068
197476077
730757855
417128963
364109593
772509849
632236524
600056189
85164249
182177093
941545971
915401785
979978675
646302035
238247798
957929316
86648615
169737269
375077661
462885329
690423457
216540722
791296662
664971545
442076889
480404220
157055782
333511422
131371039
992696217
442338311
985168575
964563916
981874445
242140008
727777720
500688082
77933664
910789084
117139164
907597353
562823753
468061290
322877327
890329045
244339016
46272403
725132430
679150010
42793215
255814657
626221534
452327274
964772535
220195564
782178991
997302863
11726982
466597439
941223700
293591743
127180468
746282694
926151947
966719594
883298763
56885427
589281011
612085041
719787598
609177871
570465429
89087463
221811687
256605118
951982126
630954044
220143736
174436791
107471093
674145096
275857197
878023751
123540945
765191315
48079286
656095406
123173992
235532640
521787763
674244221
938562710
709425525
316870204
514359440
532417473
102934722
787048142
720185623
91146473
791010500
916953286
941899427
934544549
509952709
343470701
832601344
795191969
101342926
787945674
672768622
813231727
469086841
79237844
69086274
788604026
291954723
585652192
915437906
271625471
930150557
430173246
450036656
731232849
236291280
434569618
120823289
73753608
511111482
964167156
210892515
282514874
476762748
423903316
296894318
214063811
240637097
147583960
148030492
930438482
177507074
735244124
836044309
73466348
984605957
680518124
694211987
526861409
706525483
486445475
166454202
886530293
791930227
14466799
78657108
982439955
855465545
437974613
823397092
275030545
162237400
365193056
174472126
394925287
975378363
720269572
302848525
242731335
993759153
539172587
511125601
287600021
389051396
352997515
435013428
901858729
896982605
867715931
298636220
823219139
161928550
734865818
443821657
320563026
67771195
211242497
23285332
531466699
615017990
265743571
836839272
676274139
362016256
165460202
505962277
812383602
699534708
977489899
890647247
155104967
256418528
251085501
147987322
24666878
100232175
941213528
782149341
627021626
597228937
59936852
231040666
141210104
991974179
479719983
336047045
812873620
31814875
715395661
939816278
955124026
688293460
258602369
441180015
825970436
785976829
81165840
886015587
14122733
917112897
876602913
263347279
260236349
161059376
403102155
771714907
667580245
39190970
72812573
775000052
111611005
459134977
635522154
993036087
289908043
834328195
14522549
554783181
302898321
606815699
738785126
574221224
293085351
573190310
493701380
824708669
231147590
305859483
849969553
868372286
175184958
444745284
740244175
719671616
463128983
190095386
944743118
378994460
794464934
846992396
809712171
133223473
539530250
871097286
55377611
650617693
182746569
89718712
586408124
269558277
805500880
394443425
634667281
806875461
964443203
123700806
404644413
437671867
589002365
720560605
741322153
166540879
276294098
950103876
259189499
906702972
35523470
606010291
296738402
418008977
352174874
98484299
774373799
189498633
625585467
623785027
42294944
85546067
686733269
873575783
195342801
150006247
814640935
912597229
387814530
308900613
928400440
37331972
999242399
357011574
533971952
385472753
651733461
809246071
160649756
143704676
550200396
765270138
14673346
34791279
180665510
347193732
53214546
238213801
615019729
302266072
991019349
547278095
793703512
686612361
704224391
350332123
704064807
979823224
54155939
214592016
71074490
604343653
762028760
993780560
812812132
127251507
76390420
555744510
915221914
828015288
716789508
420516500
615205811
478355128
895649895
859545107
337145560
484647364
911965011
824143850
998795563
215546000
26879124
520242786
959903311
159149789
342476658
231233040
335764546
203517520
908227973
707942370
568711396
208353611
547151515
649669260
633495052
240068801
326200151
693661046
624139420
895509787
609326600
260284296
141531736
693099648
376734201
589287262
772729950
297270952
461935448
839145414
752881697
215738002
584249772
117409918
863673705
711223341
438668064
664632265
27571463
149205214
193436742
114274006
574530489
722864095
690194104
880083945
299510538
910902321
349876478
390338768
712745467
690140085
550613406
40036590
431079212
140345734
17054158
201273161
482739945
625262756
401947002
770389240
496567405
770652170
374160006
485846527
593858872
742283063
402470862
113706512
499979719
843709498
254282969
90630913
687401391
310039720
694422003
653293581
546524129
445111268
962308272
899067413
808410359
661351082
119105961
559828184
610600361
673881595
18798006
276741939
399138279
781617037
30929675
311317721
584593522
372582659
339921517
986921324
149331574
640201901
775655793
975623973
954075236
98498328
116369380
228580425
796475489
130618597
120800543
264084315
381616994
720588530
161355635
150609003
517525046
38529543
901951261
476375141
14770567
67742262
882692408
459195356
84032662
559498147
722959654
199514385
610748142
828919098
610340283
42935213
257761799
118025853
397317443
363620874
165741364
998151963
144060668
167264483
79008973
691601994
249757356
73063074
630261871
229063165
388592993
661042636
926249687
683558620
70159698
216421174
46613679
447828254
588193395
789948254
960819646
838209581
565667445
337581383
156359952
28188726
425270093
865982158
135321685
977702800
719779402
903317945
708261662
728029583
234293096
575247314
296730072
170171378
579640363
226028978
369965796
627796704
927228387
648824255
198276986
129004150
124565768
979104875
730052809
190147062
620046653
340703539
718034097
41223373
889584130
866124812
513329479
575762036
987065281
568343691
667839876
933726399
890483143
343676831
842280264
694403880
557974882
278558677
625041585
270234390
342816494
106363570
619281624
492775002
189166298
862537308
652648665
522094111
996712194
234088081
520551243
988417679
181610078
883134562
683628175
510179978
86377796
899222495
256740361
530249589
637036229
808587650
897055140
997190013
361787455
875586377
264225434
767380330
953421281
246919907
930603017
769504356
50113769
879430702
336961127
667513220
16419348
996334345
988030009
77202955
702755414
87585928
497269453
466982653
193764600
979085015
519432043
658840301
310911460
742584743
439509187
658056113
16964445
194269028
924554788
419837839
84353880
182512341
776278372
767926394
718247010
204987232
638278002
160791765
412148074
232119075
403934626
813726731
317571147
992059706
75059843
301401936
657602612
236711056
128059688
589408747
289979485
151109115
500961840
194404420
233381264
315637308
731332898
928874602
521143467
984255858
403967226
130722806
843595525
917315566
617471040
519518408
91456366
358093917
995066756
218963758
165085268
238586609
257859558
518693421
324077094
972903416
541153858
45405341
772424430
986962381
16612286
789568794
172262465
760680538
672588526
206143893
496012987
253197781
790021751
545873819
339871668
761267981
635529853
291573143
481540748
509542977
612923589
991711926
910498876
801507447
207584538
601998159
316756681
875873712
418414368
142555065
466450329
947287339
497886439
997467103
435361039
365229219
48269089
888845707
881487748
387185284
305847877
138247125
327662852
939407246
456066713
317320252
70402445
898702337
862719191
143555526
645264877
737737386
418782880
57350570
974623608
512212507
900808458
196625652
26447145
275569067
494728016
389228253
973112244
301895194
327182528
179256690
824575077
441151433
857601482
721409281
353527761
569020078
800868026
361048559
542329748
83667823
916806531
40471195
896254039
543924685
135974664
156807505
465195621
307792845
408152805
642286183
943448375
80118640
945552837
97648953
871303170
366879861
167155586
922805365
889077689
899185866
577625283
279461646
388604232
87345175
967860046
261951039
753429084
369878506
184578859
549199704
634615332
111213405
190406166
640710935
694948186
399987520
291824767
605186806
46931229
436302223
317204533
422177398
671381011
682187460
649865485
723844420
425935004
211651280
515092089
606797189
248420367
187650079
723232596
549617602
190732689
572224939
845246661
876979740
307532076
32512445
871421274
892004314
438965749
467124056
778407043
484108306
664129325
867960433
669690298
12928527
932870155
417213576
554031377
929055638
154981918
935922112
387963621
601058969
109778220
233944162
722511675
358912511
698143975
537913099
321335987
666164490
916364178
238737505
780206852
452767497
196820529
177704914
541695329
704830884
635168231
674533334
199621636
224972239
23444558
479834019
941318072
762796472
275797647
379076506
90447395
126327212
176520191
15865228
149395162
552627897
322214895
312667511
174321558
686480993
438423775
150060799
750249744
952610292
932113780
421138835
590571705
541174637
531848797
602756310
935619553
771824647
173461557
14028067
762669858
32373980
601842350
133707335
950208270
487859622
916218758
638828805
223155860
586410085
592377139
213131927
863710103
264342274
232131611
834469300
32914704
534238547
119986249
18512902
698553349
601484488
604391107
906532030
243181437
991366900
480704935
655991585
156367259
121198662
615064869
609135309
145822098
182147071
13310271
805566670
490085574
269211859
458916955
294097011
973542950
988098330
621157935
707016191
425276806
924256163
268155994
721745788
158310297
491662403
490053180
148064775
827956538
494973153
264558469
232669468
903974384
807371351
797883057
400988183
522904566
979829576
33505676
32832200
200532746
806548609
826632636
849640020
646577184
612683259
476843758
214732434
385470301
825855482
298465138
243520520
573788349
806772339
405541341
469472848
162167215
69132586
173080405
95442895
751211559
135539879
827222914
381984316
70995297
322152104
680491675
726452921
852914534
571166181
24991563
994430515
461644354
298116518
912285207
75931720
83365446
120728321
217297599
515413465
31480667
374224657
126194794
891655598
530167174
89922962
219145669
538084343
289308216
753747708
484840950
631961619
333459755
602176741
136277908
214797592
841358103
732208920
823322488
852350910
499846293
261090235
73613398
986013886
731821362
848020652
744929280
359037897
757823654
16399150
911798859
964655884
77881213
453904860
815063527
180604833
953513414
551878281
282263537
106727418
555933353
382060940
723626188
120950787
967941851
567185360
142886552
78053274
924863890
631097614
770041546
710005175
573548065
146394097
20754622
470237444
536382432
724508752
24506817
507428305
875687026
293809997
609613005
875505163
735239400
204036469
486778351
576109768
876310558
652366440
18645835
537680576
558813666
600295133
192247777
674624570
158258727
878983785
777243574
998952673
97427843
42796038
864467818
16591520
940989645
608020464
160998802
797976467
907602993
487064030
343120316
453361389
85816800
501788688
613372497
174701628
649392744
985872466
565744445
282990971
103469674
925020854
499092112
201465885
789918475
595827067
310348847
676832552
673896323
655545435
404787502
658393202
844889169
596071886
634044576
169979730
799484282
152424911
923717943
87133098
894031177
937108154
953887149
885078497
740275184
975139898
966816758
764168446
974123252
855917325
368008914
515713699
75422771
880140038
531438542
367755849
903645866
914634358
359957564
521662018
752912751
542197073
375431675
784668794
954049553
70986062
767571325
152787280
617609983
100645221
953226613
552607982
667221364
502940665
515269770
846797194
69220052
610954812
736731506
655161511
801414252
179585211
803633820
269042575
724892061
679349031
474289204
524756872
259990369
162470083
837418477
902253419
973121667
186220247
870195554
831794433
750452216
440355334
676062035
238319118
374806644
711530123
31438400
305415444
211733546
180963407
616582483
841619246
381247827
159113750
555611369
299297841
733189930
818825270
640179350
387918962
723564899
300842170
133774901
789236514
820749688
932112239
716712108
201215149
786280665
578716888
491711337
625024112
552587746
318370882
762250197
205389145
632689038
17886574
765823025
921437556
356473777
410582696
331199874
87161633
217537143
476961424
788658460
156307273
667886547
310029318
626042776
214214321
690768900
276711992
257513729
197734449
741960095
983750270
618876710
577780157
441257908
644791004
890091848
33257824
592375479
856459564
554149509
127081923
758935912
426197036
808468333
766840609
518532174
146651554
707583809
19310245
410716218
750777630
504355697
830246192
36787368
745394808
760523761
973720378
313232480
583962003
283329385
958326546
49746810
803763704
250521483
251685113
902578130
941311486
608202495
954772579
947775216
748273052
963736418
815786070
311132564
160692361
882271285
118868633
961839316
971716021
349891725
983558034
166216639
219795084
801936572
538824461
702407800
703009038
171965057
909599878
395161569
554107352
451722566
832565255
406993006
747809408
789073383
105065996
542335602
977731452
367427407
515859307
317791471
839113764
487988980
547170076
632445226
862982268
738192770
773999388
191428234
635070980
110441646
683398197
667079210
993288063
22513738
229172715
230303879
838490820
780378846
703757812
62963364
590768138
243148621
427612066
615918576
757086925
346738412
588698816
253476127
758632301
78040536
794610689
179593299
582881036
781721141
604967031
589990807
587017589
462837514
582307977
431012947
650374314
299956183
227898008
714702031
736763973
661952470
374452572
428379709
270805059
108638911
136746070
344924554
572952129
578431612
818294667
145561307
911900877
67706852
597909666
953972998
276319652
749239974
529853514
825621089
381978045
967214182
644126016
224309350
794203107
428896652
638184873
699036846
124339274
93141550
268867405
960303330
670677168
181002975
565357948
217954179
961039554
525802976
658009868
916674818
999435787
872612808
544522376
400746622
730502041
496691287
606957727
55048120
521118824
583303990
318734796
287286245
738804193
432785765
180465471
401327591
362509283
482760986
876977320
309760515
592292655
442094107
441772519
916241297
14373024
907453349
27567161
732688132
533111117
301757891
470707539
642344982
845395101
992351298
81134512
184762676
170608842
368246588
474569069
718018468
359053561
864055010
394009627
45632701
793099987
395515730
449657756
402862588
90263520
359215735
880788414
962040996
734882878
209531637
646031344
481696454
270376623
950633696
446664617
624759310
853966945
996392533
230562541
339265226
83339625
694430077
476046819
950101869
367743929
839863540
764401196
186580122
579731540
164341927
891239058
839266408
706177182
660616776
167798252
318032356
217756713
504604505
71754328
744970457
252047090
209530411
342408269
962957792
374749849
404930065
877104424
739184574
135254269
632713264
578474451
301382360
331612380
98268747
772241763
495701930
907008044
954971929
238422189
923442259
854245725
869788228
71491393
547323818
159090712
714644214
83271681
293782906
212221040
719633008
443064402
974676159
861350277
152013627
961707748
584065946
672855177
748394351
891142288
732170847
285901364
127472097
426092135
677650540
773704947
532122536
753464636
636065998
173985093
421358587
235654430
546264039
512840440
927713189
804808101
233099921
588293256
534576403
745418881
101149588
108325270
679130551
175160005
947050909
920379474
260482817
173856427
475965881
522574543
830211056
998096945
962356599
497728744
660295988
345010996
369295448
256202325
791853219
385252425
208147639
202475969
300170223
920067269
75423330
951696481
622367133
173642841
56199417
722416362
736346609
156748862
841283189
791489446
761876731
943818595
53294225
975690064
477769106
37008928
23522537
696420414
436726191
193392208
206376190
480789835
772476009
671903201
934897401
101128799
115807709
434981741
265341317
936559763
455564917
509649289
643369882
14595274
646724062
333079762
18895688
979025285
845834079
60196767
200705455
135508204
615479622
57752080
37787606
802719565
345488496
873314818
181888096
422188950
77259466
562480808
278329797
610617974
351876366
559690722
611310104
660673013
107460695
368710125
553873774
904195084
26921656
804260881
248721011
34691764
798464991
851187597
860463838
861551637
17334338
560624140
135617228
403143119
849712633
458924552
374182150
216637535
774856368
175781587
30994208
171672382
230139830
425428441
864850298
242255729
810790829
799170275
746766815
74000558
178078790
438295580
523344730
889077284
15001915
173589157
326477355
867238889
345610885
630279716
423731977
600887082
434899986
854101335
265454627
643696653
277342329
801067852
404831138
198888982
93826148
630274929
613288069
474903557
767382282
609746272
913181629
788458528
983484632
793250987
617719324
580912371
477633158
74527333
587747477
941875482
411907190
437978243
940105239
593415701
239123417
888248385
12445318
557506363
837923365
299633478
564763947
294624841
893192113
434647803
246590166
491614078
320560525
655035375
531071460
84216317
554216596
524820281
39326204
123139397
389856069
841316352
802897677
372875037
545625299
249932770
619675070
434206790
955848764
540672123
386055081
146891839
766089038
201937822
664363169
493960395
505976439
786607098
761913872
999920720
749455333
903204862
827030055
222896318
822414227
978014413
164320922
709974872
811313008
786176547
613847668
702620741
330679576
842255437
588775557
401082089
671110471
84408633
343077036
944397109
962921350
914318421
616185810
202028188
872866327
387990172
140672316
469461776
663070414
512082490
192574378
744555283
561675048
817838916
404791545
78748602
160809090
233746284
524469193
91488884
159134968
263990927
338831813
222336721
385124346
734070590
998572093
50034359
395768595
140898695
654542817
202596876
906751085
745839098
47572777
603176523
606247454
469917650
632521045
235386091
685159377
636572644
252207618
101016895
185552360
475045465
542902038
593473730
832970654
928931289
451140827
476659905
785126873
692759990
299289594
318806926
50283040
677763916
485732317
48576550
841255585
715323468
693746081
847490758
188604482
750028292
633829435
830074124
694810883
472104051
710814858
120499317
197499443
937685773
904145800
298742069
924605490
476238275
935354092
783298725
922156942
351702518
477648004
542712836
687777326
645092514
19694168
548706231
368178060
185827040
298789154
551886933
746599148
931421101
435693332
817708542
198155744
230370372
960906915
752327366
13284582
20452083
139283158
162384536
826444127
262279717
208964632
948539153
507217551
705284902
256601916
535794238
496491205
398344710
564220984
191953466
601990096
885403500
959494591
300591719
156427316
602051077
875359125
242317660
625065400
878068896
135626461
401429670
215584492
590653988
295205115
71632797
50933537
297671991
123176363
110607020
923918899
849032638
155756170
862606363
517152568
714965249
17279468
918091508
224599095
93474015
155491372
446630429
115256066
554216809
113957210
310345956
404712518
905627264
270495389
461709615
399114646
604087079
127308634
576872270
839094479
654306079
879416666
866072533
513592932
685895812
267198181
914077853
547888151
718022427
548360401
593456464
966537900
902119606
244541822
374131090
205536513
566715796
155505943
662255513
442471152
613467209
642058115
181119533
984076162
315365206
799968569
422858780
609868317
781357935
897081796
790600041
137831708
535436822
30251596
707223899
192550875
598979391
217879736
978788517
72448318
343152174
532744536
628351377
72707450
942057739
340212136
790027543
954976817
515394238
606296476
279587175
979599567
232573512
861427242
295168064
656682768
410477728
405953214
83274607
859915371
233178409
659119538
49955468
660348932
674029056
685761484
262546466
22963206
812581111
972445738
477249897
276802104
952051430
49817883
642016547
146749341
953383032
143714656
200709924
793647413
601401566
590934680
60718194
667853078
394805957
679397781
35274732
639061727
47551808
693985206
695046319
489837116
711301520
169819422
704191234
128362264
149372979
718412582
551904960
135924067
813214975
998659822
131432899
619946614
266400338
41340317
961879100
35397313
447447890
162489787
742056014
903345476
343161731
17012092
308838801
797699593
375571194
242859225
414348067
923576322
745225397
815021418
887297099
195665635
280635264
831215983
198440256
503651178
870952527
616899115
503870537
890159541
343595278
838657342
753823546
176345793
449574873
280596012
336726547
738370575
355890851
460889246
646136383
824951597
698340808
926220249
886612022
368566489
393289249
354137775
873664819
733396074
982202667
339921609
830297174
327029467
806563666
399410779
703089636
976841746
519826794
270766209
423367301
604705177
511785417
184173069
955536946
681691686
40737685
60701580
393743073
907619115
69393002
377497495
145311800
882487059
110836034
988166597
968013600
874095888
340398067
714517678
324010541
344382506
613744929
273430033
823120793
445744662
134270707
797116476
29518514
622171338
384501964
567963696
152108905
617175651
343418244
550017269
275943682
838402974
921501548
329212349
575637404
428497853
146028969
241803179
846321805
688091549
656852835
627712427
155219127
932920419
830218903
671201907
822680036
405292755
591846159
453119161
498683875
747069838
993462500
977676367
32898754
535295260
349482143
60950578
245284387
533170179
143951806
949042476
862325335
656012612
182013317
221628985
430104501
517007846
931129487
140947762
399005735
595694460
405575856
346804708
561721000
106380586
999778845
387057339
969248730
84689263
846405683
872499372
716306989
138236661
753736333
602405242
112826071
99970285
550276442
364457388
127800529
467798597
985130032
749127535
847283229
877625673
102980398
215266489
422971352
972161563
837386204
307906319
718734652
624637429
230168754
524817395
881841593
922887993
857075625
983569723
42691513
144056331
849554072
469165407
435899228
305236537
241625124
620266389
799411378
365602945
946837680
277205829
21158113
725459753
927315133
998863553
658224245
88762263
274879954
556682814
540460997
526528326
428819482
287567124
92587407
221231967
577169782
805336799
493570938
837777248
222862249
384707278
415181245
428373270
163279364
20373761
648201254
526699568
156387140
162448405
505606673
730679241
49326341
717541532
134988649
969267954
252083651
806965524
870789436
665679265
80934424
342013493
471717233
715523968
897352637
143467476
813547549
171353279
778598470
517317677
310571576
297935875
929785300
900362965
774017015
85922271
658855628
29763251
354223458
84603414
402913047
51515893
844648007
778688027
28218267
906088645
759018791
632993988
99093005
65136709
217094245
384222556
595268682
690674523
851524670
483428763
226351913
30665572
925727299
234118495
349329573
85127957
972792249
378787788
379338797
437181079
497265982
372714743
291414967
795295879
532535003
913514487
388798915
347872484
696436476
157723526
631910502
379496649
625312783
180483486
174192234
272380942
440288532
559954346
236044217
154972189
491535981
71015371
161294595
206810879
764843508
679026607
619215537
177411226
62646886
355446294
273860527
852844350
297314902
600614698
266983882
490219067
635198607
283944495
254436858
971051037
105756900
171198474
352097289
422566425
214182676
301070410
312729938
932089754
772895329
963570355
610486274
841523519
995395276
410561485
786149041
862603720
798564686
320744537
673782368
99714542
77130459
989778820
405674466
762787564
453974796
705873408
656372952
821866216
589591051
496418943
530665123
283452468
535963087
765916704
503812599
804131642
587472904
342298125
956563739
549399827
971292807
793437086
61488290
181886782
823210103
556371369
283534419
722719842
103770425
885499921
184877343
912738815
142024693
865496207
11254216
837749140
49218093
311787471
587930504
163587974
142097498
690997204
552206100
199851386
703144270
596493086
385830696
572117806
823415139
898760617
800962102
573027113
19406053
556968214
195340253
482227443
858689545
974172651
692215799
312180122
26595204
268913308
203818898
975493247
440749889
17855726
973650691
626925066
937262413
579887279
709061328
887091116
753696897
266472417
894069775
854431210
609435384
142242161
981674713
62978886
860527776
350806819
568608061
632369365
868184315
683124799
373118416
947697757
451354874
655134336
514483048
216950181
169672961
563214082
179593825
669968849
260646656
829428468
83684135
881932896
313117026
22253782
129414949
679625073
371606486
300616276
761428318
348511948
325228058
488008305
437134555
369735888
189095125
921124576
374375886
419661096
887430434
174047192
829567139
560877990
416398130
35655649
283781644
371456504
32023820
303663367
822215597
658864965
841592730
22223599
159636853
644936753
59813071
522410566
766111160
901586837
945211659
954071304
674582303
168763364
538984217
355571154
457092707
432192765
996202542
37286366
368765942
617654024
949239858
354013396
284537306
615423119
877635011
614557679
875366774
723839165
690446298
961532417
830151048
752379669
275389964
531500397
779704340
785438258
603599978
329709802
48727905
316962197
64450445
556957645
765650484
98110676
543910164
890668214
286008130
563008557
609889315
632699030
40604123
350043959
658940232
817394989
132599356
555468648
276371206
750745689
161485106
58197957
718316024
340126180
446517023
867153806
998226798
22001339
929338981
990293911
155584682
651192599
103876806
137899053
687558102
141172006
866941378
123042526
921865054
994133432
685611703
467323675
185894499
845017235
292032319
969528953
543238011
631884438
793902365
880828294
440046257
451929724
376429173
679142618
488089839
274719703
720002309
890233160
791254243
908514962
76247501
670859517
233106856
838552602
17020430
578045255
127713298
628003084
167583108
86602582
867650671
300366223
894944917
647567152
532919511
678321058
165799113
138851016
726087963
107099462
596215131
409248195
613008103
463782667
684532541
750521061
134750294
468180965
969442754
326316058
420150573
21575538
138586856
643536576
508615160
905262907
315401578
704290454
213205315
985779864
562032984
417071768
612967719
529602368
577664169
447613045
428518252
976399509
59363104
277814193
864315881
203744276
866914891
707141122
790903399
358798803
782257202
379261370
388914959
509849035
855518720
67377780
403336869
813368442
692812946
279887967
79046388
805049226
561726815
920640999
551632425
763286180
278414178
253860994
93590062
575523908
801767997
543505461
834961471
401233296
79966985
996398488
663692352
751003842
192967421
960985242
234677555
390140904
660231629
911481506
498231057
725288614
592649081
233450615
678068207
84028834
245544624
878539114
854235110
800183415
668215718
677199978
281941116
291093757
258141110
785683306
854511566
414485795
787483597
261704696
576507555
841463211
264978823
645284971
421656821
807934240
410786826
847784365
873725149
373107265
831631208
747212273
498740086
475124205
570527193
908524584
911106601
371976010
556976061
475640887
16810260
670844432
699296992
85461999
808944052
829651578
240847585
572906796
346573649
943357459
44573469
915461082
494479151
719288336
959768925
11755552
836356902
209133096
976042289
718317214
694788693
255838783
87833159
504443924
155253453
198492238
645121120
124328704
282692853
323999430
593362676
623170891
942593617
238693624
490371752
508238764
284117147
973008607
536295643
772306521
151133440
891934047
588592037
21315109
860868794
342259578
468604495
252781480
503518819
270320967
821898891
116391753
74559228
874182096
682480213
860772092
447781069
59468200
215197263
829576504
595632749
427441456
602821240
866932825
523314428
459910116
888774519
694669755
591307458
518238069
712124337
172862165
174101871
597449531
111690462
329402437
959733209
994505543
716168085
603489626
755533126
195661433
807352775
611337482
356472822
874123374
724421912
167535222
999308708
608563010
139597227
480737235
130704623
582111010
29692533
832204347
380447029
927033817
335612576
420011430
219291427
282257440
896297221
726531426
497808568
327128778
294976894
349862069
563492548
483536475
460016127
945321349
447507244
412673536
783803403
323171610
700229031
567315744
587640376
169107223
195539930
96795229
314516806
909645963
154493639
403525237
715159186
789068441
840972633
219155249
625550789
923319406
472504932
377096625
15334903
534899408
690273598
353484914
774578234
323226047
682026669
451082883
626529259
160892727
594711761
126484039
493816667
417666512
990389801
558851519
237151035
794245637
106925147
846687869
878825461
196219527
352989668
682999732
58863749
779145068
161542764
937808139
235286815
12014287
19773500
400352312
535342223
948352883
471873125
626789838
654349119
747106594
494554387
793517569
113551062
901957400
565449946
301469629
22046467
897434992
585613042
499753583
270413204
136256783
204059624
285731210
898590511
989076285
510444544
559234946
321820084
794724707
371547025
566868728
109281970
11048935
459966133
729996484
294228321
374092967
853482757
934659130
319274007
801979827
451822084
484337360
644030351
553935521
477131693
476688589
368351288
442633825
399019884
444664060
144784421
845251114
241380889
875325017
629913970
22548944
779341812
569190619
430015674
417374305
306018489
706837599
307198227
818969547
859648487
271088643
475141909
809672613
982708459
553332532
380835014
236800403
276258911
552026514
889571073
921463605
174254329
510350591
143035188
662536347
449231533
426814682
260197961
947804995
709791833
557802061
763904881
425473712
590948535
995853712
92268597
573640268
287677459
70774573
551249863
609023432
582508965
635291647
884014536
340124761
173307444
773504398
163591478
40154142
759854038
520539632
159189367
93418788
31558216
605040862
815988978
797483749
704537566
802182093
164423578
924026456
795664384
251742966
215598855
383871492
904800001
275917399
655102108
91155413
503577551
26190061
675609785
900745215
871159220
464352066
196845611
499250637
806297721
770740512
775816591
167330912
419796243
101172484
972213828
201591432
675468024
941745704
933903963
549850873
448390287
81597153
884891230
54730286
501860168
79115360
988949915
355363609
512133349
233556715
463849419
599008208
150941519
954287159
601736808
676516849
169655913
411143830
683446053
636163055
604939687
634690768
818642231
98969879
23142487
557746568
27841991
998582130
489786832
476527745
506718235
429913859
184035638
822488905
20291435
66211168
490899333
280076117
918711164
712432028
100368859
812186769
192146301
42838143
89583009
16840735
750046323
76757399
348193951
575853500
144924940
424110833
48790273
446052399
581279383
986005080
77177679
759192735
350285123
31022217
165432047
810697797
788437543
366214755
548943232
189084526
519533736
853962064
247287470
397137756
539255176
929058035
315319112
907267441
138755878
153860420
41828199
233438456
142431340
926767345
835290752
355512750
270950200
538641983
605481814
589728691
180854120
130119428
713684028
523878209
987808316
281062016
398681939
795285982
87073623
54342303
510817066
348060981
414068513
514120785
180920014
917400600
381060155
13833130
129249696
442066980
284246776
373309138
985901107
948944679
82413696
126411309
642152624
852252264
65794284
775886968
386172159
994479565
178938111
433482508
704206844
573872770
291460031
269165944
295983607
873646056
530353553
557039610
555706942
460151123
61013998
983112896
103536990
491744993
600379447
328103398
714990594
649299812
938253659
197543510
962546731
230429189
672334167
165155521
148447728
202181544
437106164
218609983
252614864
208042012
554024505
869852730
369072306
576863679
460981954
619699203
966956922
76702986
536519739
35140981
670721841
23671555
878817758
371964733
931059480
840428042
735771742
320809929
293525849
752192968
652859967
592605040
169332493
961623471
490373974
726007880
692604752
469604517
823641989
132872170
580257691
662191065
970429796
304179738
561109623
899253717
138467324
462742991
594008955
845864763
972069882
385182884
489655962
501947715
827507116
85410548
320531371
913696276
848301292
329895366
295712589
938295134
410095846
392137870
61407116
370192820
710611311
313054907
859268706
448527540
24508279
123329484
607683665
586266848
86220242
55411337
616005145
663742638
271464453
605278266
389242474
818452343
339100549
84864059
829380428
12516721
811280398
203693266
756759230
174495495
757850644
881135203
925986175
541833898
237169438
936952454
266422208
937254581
311240699
939787389
572181951
246865144
659325433
322616603
699957357
716130757
152294358
89455974
753012830
109790221
566825381
525675593
284054940
370348316
866536829
337766707
498763857
451152998
334516360
722042608
53410938
352574128
393303753
73032461
232055505
972081551
327991174
79715609
340861855
709264476
686367803
771123361
53729136
838577989
381648630
70278152
504332698
880142079
652878742
638653178
129355965
538785182
522375724
890755728
392830488
44712373
693619391
326323484
635954816
702907594
545514234
89015824
391992085
542489263
143517366
317535898
471650020
132389496
881767899
290011687
740859323
594432584
411474865
203205867
13188022
215171895
564586350
939144864
788586389
989627402
319092454
418264537
318115799
989645692
110741643
792411689
67273259
278323055
110488670
561240950
734926798
667793647
12961236
452663143
889452545
433750335
133201568
632040690
249670290
599521594
415245998
267526396
261012844
958596892
971447738
688748735
121874729
811115863
404892762
758332247
385647781
115505567
364535892
768147502
225747670
181507185
239288697
799308837
788957326
164506791
35421570
783690186
407854247
706449750
15394020
77382417
47363142
799513970
396346215
825689909
658190379
602650616
594969080
530783722
943768386
661499372
698397448
170923057
545088351
165858595
730485392
417601610
727625875
713425654
841790026
59286506
380026620
866401413
898719257
916709081
902064402
379441828
616366658
892133381
57399222
586637055
705892305
55474499
169809289
421095511
48370340
754254064
369657067
178150535
725493518
575167996
709737286
313374458
140074209
597266179
897035400
206621832
169520518
215449405
153586600
940893530
45909929
962838206
327696305
279948296
278568781
366101746
340420785
87241199
486918382
560660811
998231978
971993821
241266496
967458132
162612981
791544989
858232877
645507733
734354009
464457816
275033085
446720353
724340371
612457823
568027168
553465887
709150649
339670175
429379412
852219203
957012181
34412365
552851165
448649562
528783400
475919435
123687261
635072443
682254085
392685375
647563473
384734368
102501351
456707550
427301146
717419919
903881041
91516956
711712593
529501048
266371073
742991394
885261605
350490456
536204385
425888366
218959142
137374347
639282611
177236258
194804175
787167898
843717169
738042439
74739641
481074187
947664814
694972014
611233856
115801827
914410820
581921972
253710261
918621139
384973634
307848700
324244198
858952404
279616200
157188457
404756790
621632522
388411833
92067291
168296355
774486352
642172323
983546300
132349169
812292885
698807478
830532647
374316827
558006016
971028323
911820635
732746760
831546320
181692781
309607401
744361235
631641235
196047455
640128057
891103653
156273154
753095080
67330189
678083381
463293115
588567077
530764714
509642860
860849451
397716648
747045281
110204861
701284523
76961393
825054785
426407568
377474701
775897140
326778468
532698570
341865384
262575181
182620412
318552900
91226759
310217815
770609704
728558549
524868375
247408224
210034086
320308903
577488779
825078212
95984140
984547846
600105360
130668080
718757032
171889810
827905623
859168297
804297368
216631624
92363970
318278559
805725256
904293682
993823182
103425991
623922831
193728973
186079492
96473231
642746386
654082529
199980845
991845522
707056675
429829911
867248216
816383427
491313162
213337021
820546528
920258327
669977234
926494763
518233919
35240627
840972878
963268170
166406926
444005913
577923838
935226120
291533415
236890033
482421406
711600367
10126224
733653410
492287346
734948424
476258843
171414940
630996017
892445046
924427209
415934295
380019262
901629902
673612413
310576964
66602996
443372459
956332128
463460464
95711730
501956177
224837775
143976807
175669636
750008729
851530419
740691876
620102061
302800576
572746855
291635132
188801616
818324003
188086723
207717716
153907694
436947465
392150388
685497599
98960690
89111148
216251492
364232610
946813633
921889031
220688544
367778291
913558441
282666062
962145660
470950950
767703224
860353280
587699274
251649100
264473239
111388690
426563926
907141986
11202013
16996343
17709685
267210552
696552533
499496695
948970663
713083828
225990257
234133469
613892217
189530816
964582398
809203834
947594520
673950558
540737409
311599587
207866331
222950058
743219828
718399003
459011680
558723416
754390718
454938987
803102783
265186775
189805435
123856726
969951677
551174572
594967877
185635615
993757628
91869247
707294418
235319501
735643199
855040085
272761337
668267706
27930634
645271040
475989592
599892494
876309182
147248809
802208728
178428771
529468719
899810397
240487820
762831056
42720141
788786596
883500050
455446756
825407231
675941488
294151221
335699132
801403932
496695277
499011222
600912474
763479187
849040095
605580442
961610964
268791003
955395276
883029515
669978391
736590969
757186869
337642628
453769791
283399544
987243180
722219280
421055612
239453780
777014378
482196180
902555222
446828964
893551778
607487999
373592699
523866018
15137434
790663058
827289307
916534178
861679169
764455980
556655235
882212666
593883203
370225817
305649863
809717689
486760233
502481826
996221459
466929293
82398867
39693693
44699060
433935691
31282334
330573066
336987621
685698498
846716926
77002373
710459227
869470314
655636864
952733577
760881415
256806709
877844049
349989878
322395919
634462555
916116514
944809077
869574407
923647140
941393114
724032318
895007621
888590204
376636750
138192175
67394931
485605673
185059712
39858694
738826523
913807225
604557981
118815516
338771520
623094422
505898866
666815277
865321983
67919271
918291409
636070319
124700017
945094134
345010738
607322007
163448159
743958858
374294300
943703981
356205834
247014943
861667050
519595435
464184436
403273941
296155185
784873674
723850257
771254981
219685307
167564007
455631702
478609381
188423289
765235131
345808432
983498775
647262176
57387066
437737016
78143941
358830615
258870306
248469408
101623424
562169833
856809061
119826504
602397274
717822668
444401040
629846145
243268155
812558129
701178040
443763253
257910473
651618278
226395305
488691165
139407829
389472812
966091422
807386252
570337107
612208509
945160068
168943195
176549875
192644706
695609583
688323499
507623820
784213928
335975576
906702486
956974786
893763968
403589357
901719657
226788149
336464259
520167566
15433231
722515213
151439631
139222969
950479145
15775695
586071491
241374910
177338665
665075138
322361593
219018247
250862631
949052343
703580037
639420165
958000498
864771736
757281778
243226536
519594171
310592678
879534341
753532038
971917187
175335911
151565430
822225822
550716621
678960249
378252410
348409914
857186704
971672996
618652212
876043382
628378125
801283600
225854560
415218950
321936450
388816451
397128019
131439033
805605226
302617356
710787569
574363135
531489258
62730621
633955925
100687899
107739450
799025228
279005901
504552077
859281643
942176360
16166596
670307788
497404465
270326908
466804358
125243838
718830243
881975217
318778169
506295739
154400224
23554267
408861449
674732526
420655991
714660970
704641161
504051123
871183456
991206889
460314425
101267296
357999878
56283396
332582049
278251026
254869510
791425744
374014140
815354667
627323659
733027476
300949957
378743500
719300371
890392441
660748995
500872116
101953976
804414558
842409210
592220774
513960567
300211320
592184815
377475654
728989951
764024008
345072156
634821157
506515213
546260144
455585255
830755349
641660975
836713667
795053702
732182813
975820546
726955739
525406672
798302408
785603636
990945230
32069527
990151000
910016793
911642376
654110345
358856857
254609831
869906554
432948711
883164205
251098148
786278471
830631549
727322337
201675880
451044714
331806923
627060703
84277754
118667200
551633321
287174624
296841290
103759285
505303099
108832262
935595831
430589959
404012162
520127621
258383103
81871418
384220786
384381317
397538094
388338183
972146528
483161543
829747618
512972418
195340392
349521219
179127662
202274974
797712517
441624043
82656990
728555436
985725016
822546441
552943949
562314286
154942271
589904996
588196002
955080187
141707199
633743199
758789933
297595789
624686830
681210568
726421856
89277122
294239537
893355177
491014133
253435748
462385435
893383340
980642092
979541796
149204230
213649617
267810477
701017266
269448706
484294351
765223254
830892304
721741193
876342884
66029690
247345220
278656998
908731888
446454068
999834243
213811624
833930834
327667834
513637574
383915344
485907472
923009082
161377130
566778999
33616146
37341125
697486678
447162341
63065464
553756884
947955399
360034400
186008764
42610431
163574651
218356636
779011479
532964491
83033221
695038987
674485861
946981376
378746648
507408438
441872971
250626931
696510439
101746260
958404157
460375759
545170359
296254392
477431325
104033248
756989937
489776335
911228405
929523286
257933764
143992586
454054785
508699717
383341131
403523376
857326113
488288349
947277453
380321457
264897890
830304644
664719895
233949849
114017208
637547554
701614401
743981136
140869537
870005315
442758332
53372420
682858025
227263799
815681032
416521574
32173291
528747131
946474899
595808256
316839288
394712755
152598352
540547703
750590158
892118345
670781386
558809610
551555924
927419171
507990587
226816182
317711155
200378350
717424016
778718112
762970349
753808701
919284673
560358324
359331789
690212689
467461864
747787662
758104881
986701506
417884528
903615540
545072470
739704110
924572720
786070555
948156502
483001301
861835189
851501785
843267088
105944231
620003014
661040195
510991993
899370817
77008810
995902360
539616536
923593048
639309657
235251454
562175392
704706942
917100158
473482328
269751380
794733630
151984302
28528332
584834191
508304203
200903476
816174496
673835770
629959235
379215840
356085325
135242742
588949901
550651804
137409527
590373079
635717434
865911569
588118914
676692104
385696273
203101831
197129327
571992013
75342545
358616097
82524236
746475862
572440683
343419180
297432464
569763286
31682567
388214034
603170854
674601165
273269226
882963011
689878100
909751209
210267312
882936990
82841591
560326965
416179382
190166243
264167425
444767708
688806656
32357121
913685791
673440990
546699097
473094470
926100923
452708408
636879106
494205370
626571378
524432371
463165479
983101801
849256657
413687703
337414305
645207970
800553952
603330112
907312061
14714952
872992952
495651188
200571190
782325043
590491682
41456616
693705306
782363445
126007653
281685095
687190964
628883875
873660359
25797082
682572855
854905198
518978793
77910269
582408306
831846915
520457377
348414514
941948766
17967539
862208897
212000275
179224603
92843947
968252511
220553087
615851608
971177047
663491352
224000322
643325021
267490016
845785547
875685194
767720711
28739893
531105145
690372375
43310208
994963718
844416292
975064004
779391963
334589099
433390642
167601317
444939394
690957066
172460197
844062774
212126197
364867969
153709832
704185530
559833410
853454621
635617346
422632078
263003265
251316403
341204348
971223023
384079294
600080315
555185858
22155884
856755868
816043285
668192718
413346831
733424448
383737394
219809151
661017838
364333926
409117003
387055334
503596323
274381509
229935669
310488790
451797359
657915624
952638567
59897485
312020705
434214572
52382245
649908935
193656361
123856936
782968121
90829911
370446476
273287921
302421249
567739315
663417775
829285575
742175548
625888135
411955545
219394113
948906201
568119863
127941726
389115338
140625166
34284612
593636679
737891423
951995937
283270984
380936369
724647882
410720088
695051952
164049102
767571590
240224803
60931272
551731723
910780855
219273455
35997402
750283436
753146901
796654270
103896181
188715044
421395204
781919549
862703332
738294717
299875184
419070946
445709742
583216032
972537963
508231439
624487206
261200172
339965894
470510749
311857467
500400176
27637222
644692131
197289114
472072992
427770226
572771498
72101830
805947353
589661235
190564805
565141295
577197750
549194757
938318848
993661142
916751976
391388948
28801389
817568291
786897393
322246638
961905973
746140863
857134451
589629393
556536215
200693450
536659661
285859919
627822905
489802058
205489074
118878351
357252467
670430807
179157388
515844432
572264366
952677383
249854308
808519394
409345901
912759933
538562685
816457529
485734058
141770368
146425449
979803756
805399534
273494886
444550904
818736399
912927519
304812823
872385048
409019778
817314296
493480694
875573706
215314606
369213203
821396700
69926226
864402156
582278203
874997314
615589434
716617384
923854137
355703501
535821453
160375697
43793283
994112514
27128338
343442347
846212381
812604686
868894448
138088594
648667867
680912943
996246804
152586512
517901508
639547033
236333292
219072402
887727432
877563789
656370711
815080559
414906326
839589482
69432242
637857075
797671448
21340385
83239700
34320477
153574829
173309313
612375186
853749319
445413956
362691146
56761100
542218911
782093574
301040829
835050428
906952178
156644943
466420250
724173431
957630620
318375422
244965600
278066885
59363363
796401901
331011982
293539983
299450823
593958029
178503647
465825500
387581039
906902077
709611835
220892601
626010207
876865310
338351043
813423075
736285142
661032351
408392452
241185458
68165126
886720567
474694399
252777782
196016363
725496223
803280551
332556705
255649732
790469610
908062806
358257636
509660051
524988534
534493759
816971199
183146124
193430415
742338734
845847730
846665146
781807537
154331372
88815363
53759975
829440609
440705024
532633545
548715147
586044893
587814382
822897076
458566485
965603579
473224062
636153814
439167235
876399450
17253036
435253747
966057670
891795321
686460517
76599340
930848382
385437649
190075387
950643066
953474286
533147642
498379333
564860695
513240010
341779897
812694632
819612588
393940477
440649019
806473706
973034307
103618900
138673990
673032143
596623652
630595737
359776208
255354452
224432804
664618596
632368396
599179286
862268817
383857124
834532923
695286018
240678965
147624725
192951274
284273084
415958147
929189404
132782281
702659284
409741956
959958445
613949532
211914849
312404076
165794291
789133601
641590686
289630334
264543973
576477398
784842272
299719531
471083367
903338401
641145176
30177778
863634725
283124583
450119216
811816984
507056987
476032430
481108946
545414717
15382713
278873385
74952104
462408600
854094796
173092807
548293319
495419549
432246820
543840671
91153962
657933527
186299487
763530220
222808016
499145123
758676916
410731180
717106216
876099020
894161565
176256635
939273564
138505065
813126248
126112302
486934525
986140441
509219274
306620551
156729326
570018765
313053386
836206154
734524054
145223718
587859169
528785482
882982871
244556675
694263985
738026713
363983315
101936703
690523338
874562852
80925736
592344363
454610792
487529684
15872364
945991178
800119159
628791922
21890759
430667162
608484466
703705365
515109795
433201766
187270276
473456794
653152925
391352443
318402154
860155596
20461606
488289893
885940138
32603647
809137277
531576141
546539951
61332208
888541599
784333589
503070191
333849950
566502503
88256140
423101702
109821057
131275735
86054678
771957096
535659606
985618492
796354295
760207996
713460764
306513049
492987953
109599724
766543570
737022508
430592291
557944116
117523807
223817801
168881660
209575047
683496313
953971198
618028060
830126789
520820397
435910900
786639299
448517597
735863255
203969604
484591021
148887147
357591036
381285022
364909395
206955320
638530167
283036239
494549300
666844680
44580415
222023827
395663509
430193573
477349039
535230452
318920046
803266632
489859489
648546962
955623266
433152358
121515131
465347466
616260085
737942775
625161524
902329960
691185023
991548099
266889809
649733753
15208629
288384448
675744042
799369823
234837020
997597862
753449462
12905219
165644560
150379851
544243387
681443384
933383409
619068468
276910166
582849647
947360120
333414738
688423944
369568030
945673542
116720833
896242493
141428125
603312903
344227746
674755603
292091294
591752648
334413124
498807619
786586429
344505357
853377155
604592886
208786458
955213439
442741619
571569004
323027947
926075706
439265607
323265492
295865938
806438820
587996708
146379056
238249304
673922114
754996637
843071825
683943690
28338951
825957433
31056392
198598021
102082700
765061301
784936414
539075906
655950982
988246752
220105658
62594424
174439009
460610714
50234915
16523533
774810173
595331910
661146544
303906805
559680802
995545946
183448602
613348678
269331088
901271750
917471720
129150493
760134192
725996099
207919803
463698979
445812128
64972521
583864323
378028196
316139125
63276388
124670723
806082232
529003488
644924092
631719850
379680064
346417124
364586211
787421771
286891140
455363077
44596422
298577109
923896083
298614700
742875653
953105911
968618296
48674802
780944668
647689016
232412985
668820267
488855572
642946394
289957724
232160507
411391897
438217867
259267322
986370585
414834691
525344640
733772946
332882824
915011625
10770386
478926084
766818039
226640512
159299671
25556527
334980447
135212884
285489600
996891267
12837860
918440565
372859473
271001019
303427535
361159120
18818356
44876901
499507844
314767005
796053108
771342753
434249941
305161101
364915969
43392077
200967371
839151893
121201170
374918897
291465249
466557100
713348300
34769950
984365097
427047428
234583448
818706171
464710651
429236058
374622658
105786292
781011518
961594470
853747865
216383538
311693763
377172206
90426864
160148747
365750453
274571785
257039785
883431390
733110489
233035399
798636415
460217051
919316994
730302135
860789658
914383866
195776341
321385256
233545254
845821376
770227720
255538169
448929225
913802413
699797940
988385135
774264767
156800239
787053587
535583383
510155882
861289112
334975969
319971194
623365191
847964267
820361665
992946133
449858069
824256418
998044451
485852917
351457784
17140117
626517482
226664418
347356318
972833192
766658263
449307482
502357384
425661268
573975613
579402036
23214641
451584924
325466400
304170474
547018674
481283853
684462363
535061975
129245222
302946025
609058464
370916392
270582364
450023975
157592285
989610501
445980911
423633356
672414669
748235292
286685263
401537369
653228806
576203467
874465526
395992944
64709675
879467925
82213998
29609945
427284004
95522930
219744746
130287605
500569806
602709346
532111564
122217275
571697063
967519224
424147809
944429189
383570373
19318910
462702278
841487309
809669516
506036614
586821522
318065592
142349429
826720660
243235567
318673566
286521690
910707985
407517264
629293823
660418894
106955075
875362368
585731459
524845702
58666877
706631435
247354096
19404295
994787815
55005140
710520166
730525631
425454335
736850710
632709032
957491241
73705360
210321484
244016849
817116765
957667940
311613442
733867603
171588933
962744182
579852892
264907046
641285991
224944587
124913296
881047090
254862608
129507774
564342706
213636064
864126511
688249510
17365871
890912246
854764020
710488275
695800591
977121738
908781697
966286343
398609406
499370101
383986703
83998818
12543745
419330943
910606023
963221606
759557623
850291747
294030516
694802536
92315874
574725838
235089573
586631276
762958552
950881889
705472774
546759627
18708946
315808716
306235677
970183507
647152035
575619664
282618301
98195453
16145492
574851625
189371232
44429468
290733388
325290739
392452645
967017616
766230798
338982232
368427143
321731078
464435738
178395064
129935045
735501281
602639863
438814837
365729515
636471044
598406849
662617728
287250001
201789394
241562968
433031862
869774049
839949369
790820912
278310477
884536658
178752660
289875184
687442635
685448957
115418895
986139068
258366524
223099551
324073946
868776954
648568576
651078102
760407809
959582752
709797139
522540492
67544058
996614567
288170921
623979469
397582096
947630687
695644918
781241308
774363777
828539991
51399583
587628351
411425330
318390099
611298317
726058980
934122358
452597607
598683754
532042837
60884931
690023080
713648111
249352141
453057431
626582452
452384413
288914708
202800881
393265071
10571564
810880408
803351861
490094543
904244079
324187874
900470181
640276431
281871247
113713913
466121268
878414513
947146365
708256721
730760054
728441166
96952544
107398942
291259891
842675697
64906011
77520653
658003426
969666918
815202839
724348719
429224295
530377222
68236045
713870391
543230592
827106274
386323268
162570907
888340019
179236034
347285961
546093868
417318529
587263443
322486145
562370084
888188426
788375110
91141186
598149728
795965674
277408837
985251944
61623143
628101657
732627894
43569075
846224016
617634819
88415940
602985331
951904258
331589544
381642802
548060615
753162853
708137518
885943686
771852744
423893337
837572756
200021989
826057856
876503461
236342613
752432025
881178085
758641827
596717535
153879939
887352675
318882311
927404900
784242270
358212432
527611334
921020181
569483891
675458131
876803776
784853148
316899577
866413277
547674248
811956238
848581836
90841690
819191479
916305259
837522311
970226415
317400675
47633500
324122722
709614945
45262816
354535013
553167507
149379219
788407333
279105362
121685437
111079062
847389569
961268629
778706495
161629699
176247376
47287193
666243571
371895719
151986191
286882529
836067139
772028510
765250392
104158231
928268018
211407635
110962107
382647940
159117657
906341392
514932230
744022872
842135323
137622927
951421139
935922272
855322390
973163666
902931186
744384131
303185070
692421447
877714573
269452004
373722607
722564238
343159079
816599554
592245549
135394615
980709594
173551833
63885189
851181990
974357251
902739976
893322056
168382419
160240033
611996866
993719468
354282985
343729381
111798713
130797074
940940989
420958772
464424532
15096976
702364654
433735608
677871790
366790278
440848243
537560856
797261850
235676389
983729507
753781137
736694509
490961160
253020869
596314140
332996153
633534738
650751098
183185030
609419798
941813825
934157961
226784464
394741172
948456279
909471032
562974059
575929678
635609323
996337416
142675689
585484916
824824361
771956530
998725885
15260268
616404938
33992768
954735025
654422326
977441294
851344655
953759682
827483355
463313393
279319415
193556465
696086182
185156354
538967139
779811265
981394036
856631825
726970498
724569831
81576773
973165048
938675573
590981970
10949847
923859142
950171419
249821595
167846141
632872551
950912787
640917926
703362690
600027683
190346908
978127235
712664932
388422961
840494350
353633285
668382308
192627575
285055574
504577257
834833720
966685208
894251067
391670288
780923887
119628985
489842661
921886979
541747719
23853359
823255081
171933951
102246686
544507178
560651929
90033537
353620309
161939641
999109221
196881502
302233666
742705259
32571231
600584807
807158928
679400115
707656167
356033342
807032305
426081785
942142020
392647128
579009266
949104150
66258215
635592639
512397370
184115830
876164673
904384965
876819928
61963168
348440634
632125998
606257438
419377128
500869888
835548277
647433319
903028178
982472580
182411954
73708117
251152039
44196990
497674934
157694540
962220826
233130884
625078193
124182631
961934669
747776854
844890738
522912110
831974583
588358321
80769784
509540516
715805204
873359703
725939562
283965161
142080005
70816917
803441721
707772003
361706033
349687896
565348732
644177694
198814437
834801349
175646301
581213936
605586041
904143956
382592917
471333042
967234575
870216589
164738887
153087726
494936034
498865932
766397524
782344230
985550226
712341394
155537778
407193886
745623225
541741918
36419511
384300228
424871653
851634248
791164399
902459350
181693568
198415904
338870261
886798153
24971522
148356586
105941541
779011182
342319175
603215006
229217878
619205346
679508500
43847464
316330533
952606344
626782776
317004650
95199147
413198171
57786125
312698727
217083875
45021029
942372785
669503851
907582941
549124560
48342967
978036365
718294225
763200978
271108911
971489148
143591435
759624227
490886985
575413742
937751506
788355861
733622459
105990133
762658260
256818219
421825097
66720458
207223998
744472191
281481935
894709881
626879516
974377744
180346028
592727611
521051620
454177103
790361382
729562598
877562750
190336299
276724458
819744972
68793735
211278770
55438042
817352962
118891522
773859124
927581167
346574918
631098610
16998798
310417587
549046045
847093524
628685880
428145735
139679090
932609252
245679155
635061797
33162631
187392365
491563759
919960591
342922337
851149484
649620105
86423050
729180508
260506151
24320574
376461105
511796973
472064567
991328554
130149142
484944105
10927212
503423726
104038194
328325213
628537154
739025567
819933560
213808876
600679969
648553746
865758257
374847085
336097108
901882992
334971948
87236709
864693489
366712831
699801743
13276950
594406160
126645488
260265737
60907410
209449889
463336869
288171827
814158535
313352406
758435345
856186915
17661624
614453847
974865723
427367038
77771261
94020447
296467721
230854032
436728739
244315042
982770709
196867319
284244229
713362495
907472206
260581615
788091587
366216055
737862762
964264023
457963110
226118148
748204886
945782375
737314275
785907248
946278497
849012213
42137196
159901338
866679314
71305972
814416111
931314554
562158189
573032015
461683552
540273452
865703817
850378072
862087623
687095098
592642266
393415832
789439228
250159664
93075620
839354996
364587310
923776618
197847039
388914490
484316733
505932717
667782539
371854446
791917568
101449019
117801939
172109767
557779782
562044127
374014856
263911740
349573253
606150688
70202363
16566926
338312618
427644926
111038151
950726197
66492641
749202445
267380985
578522980
69400336
266524482
257883735
215509862
237176851
914631766
435743988
332410954
396417104
535713774
147105103
891228877
151460245
127285606
247737705
688620809
174517672
19816648
206502038
257899608
636813509
750541760
312915692
590726176
157105914
557273191
908876542
121635606
383467001
951088037
475236652
168727583
161719371
747104399
730857091
947665938
857164403
19717577
899731147
664516718
533888586
228820789
966327510
638109498
453721358
833444629
634598675
507240825
888059825
19983384
314852814
807529776
464177210
550016937
63373598
35944658
619484238
918844349
850393942
66174275
134307745
312463354
36649465
262961052
98557227
54256952
654819520
223704933
427192209
297545102
602690859
732118185
355059751
737756511
440425892
525545330
513359142
403663503
67897781
902754132
316363449
990144108
171366389
371958092
121846371
548565211
272404200
353881660
739043512
679090136
864941364
384248773
232579597
446291312
627477011
175154391
184658866
279025768
677079628
258805657
606788364
458845174
941483598
250608194
650737908
594510653
876210381
481872545
474295187
465184334
651484096
266822731
547485188
864984109
505573478
656021747
415335250
200621286
826759987
57565947
547356406
628184433
288274275
676191847
186953204
930704363
202484674
589570287
705671613
33337910
471920019
707010664
233898188
300339005
656843077
222450034
425547735
881428211
942395158
891029755
594018535
439090287
666030767
895192689
355462303
372930659
353712887
408892716
432655414
874429626
829939276
816075294
30979570
417652584
631495380
782881278
146672997
96682168
111690673
590179932
246976139
12871236
241072941
797303566
538015596
897932938
534217132
791428345
123934751
25895556
296296363
991583307
869771425
326321486
692201781
535155915
880068299
917401126
403539164
19474178
882326669
958167398
863583978
198584527
730571526
288316250
830133450
40678890
427447297
106994735
435012864
892173296
356730458
434642110
307960582
248875136
766487096
125772979
721278591
207392022
664770423
172394568
27296752
701861386
677759081
486805649
618409880
238430751
156908970
163471940
432088240
215066039
987334485
653339520
231240706
364982088
420200958
583205048
16930786
843630455
715918350
967788875
769570691
580429103
606524545
460826464
907134578
856147247
997846997
885834530
260143248
450953666
122940790
742437799
703413970
602348318
410101659
78294705
960688260
356281389
432755000
465990625
805192709
675137622
84164723
466270253
880913230
320153338
86213586
142640411
699378725
192750630
181911753
212587775
114359880
173557106
918312546
235586323
46994162
494579731
71582417
662827462
192807920
602044398
591046813
922596255
624783301
777149329
579152488
478222610
105244921
815712316
891489292
347924095
631066372
457283344
177138139
137874308
596046358
296849357
426824462
270181574
458802688
797393524
385376194
12507282
240157370
303006885
597042513
165260474
443307414
884535045
261109454
53000293
479070114
201261174
209914177
653567967
474684841
299460116
60922151
370458720
891030831
193945371
570762322
768422078
278020917
780852499
28122199
477758472
698961762
786465059
294653609
179864717
606048642
233005748
194324246
226811417
42330290
846232898
118377403
383081346
737739625
902326012
913780025
267658966
801591881
172382854
554539528
27629676
84253958
860030549
943588208
218347157
781594634
888573786
850087329
36285218
459925091
314251060
750781020
643123996
138443082
902750542
971625780
714836930
913689046
157678024
888641871
149174277
41049601
344551043
372577264
65749632
446620396
821411018
836379856
843001507
909824827
559634011
230283268
132648862
132940397
748222165
127128008
666475836
400650309
493464372
945885735
720660479
991915644
645279108
168465041
88901754
885158247
903496785
338239308
859065486
462452502
367688912
827925174
353415616
544375696
440787673
836008550
717941289
523163006
336246985
717244396
492519229
917412417
552638374
740885584
303509110
592887272
400187003
779985045
648958856
781260784
633827105
755678662
688356772
974874338
463822758
800020071
763605225
408482593
813597008
136944239
677798732
603291974
636811293
838632295
623602653
589416165
407807200
64726237
798226329
549775994
169462856
709190151
716127047
872362593
982574201
26125130
712739224
665241301
355405401
552525681
960072532
354534519
194384169
750873625
811520324
934834078
833202772
720472533
99719619
982453166
969620681
75062195
221214264
382486759
911348492
757898191
959410553
878271948
283535000
837517354
136403453
472897866
780396681
932770403
611224502
344583053
25574908
548563690
648935891
246709780
314164204
266456926
283187379
721577970
71197755
722505712
652461383
335577918
512872373
506180226
937773397
467111570
177691057
840398112
251566617
717143807
233704514
938409157
745829659
932756605
308660659
942221977
655619022
616045415
770459884
494839294
821878159
984870310
713032833
110392921
957487369
281875605
984698777
252654835
92308893
85939634
506675652
335586689
392431041
590721638
998115864
343692435
586545674
663270430
746619276
87148456
310531035
722631452
310874375
80522817
211158601
420185201
342335332
762870251
322341122
139819697
723941807
847686095
39568341
223442283
71116483
401410236
198450497
735482801
561680343
865875377
650225937
993810259
303389584
310502482
155245052
128666219
580412478
869068510
348266062
505534182
458591075
668702405
130575784
706921182
186537595
62440259
700650857
712075254
819434257
567343032
450710014
741780945
298845304
547677337
403804329
462995734
341001693
310342010
300605539
402114677
866976501
323853813
216792840
815655586
637859145
610799101
904589009
728439402
871305789
937631948
786484111
410150263
792403038
198019351
177624539
257630129
809466743
390443434
998962684
809364562
765312433
128702750
880032610
311524499
673827873
51200842
358967032
348050523
601668076
133342420
932348655
987713490
300759643
160734450
888670058
421427529
260288509
127186779
452068447
235280589
10359638
799849814
986257630
252890333
452247118
616463604
444758275
650475878
648421927
237864723
375556970
814485409
121385289
630675934
610078937
187344200
391895567
353223186
309732369
993009662
132158911
995737978
418383262
594377676
983341755
811502514
516403506
821134166
553598330
807357052
977812063
541599260
597839066
160651717
398204309
921027066
833320497
533605608
817581521
989382952
429793577
302667398
822899984
321749751
858858365
653179827
243858068
272694235
113395738
87045217
694839554
556841588
779049568
262212073
675870534
224936407
188183880
759870706
431718852
959915896
252204910
682262718
61557485
21434570
582774729
920884818
938348230
135408335
413950087
379467739
864761924
778912035
673257596
208539330
966935726
675539677
393707398
403518318
951808219
224112185
50129701
893292948
820055609
774694875
771177828
782220215
497256680
67979881
634747146
599940953
333292735
858547390
788433558
294648065
103547375
792876107
994239875
876574898
840331275
512509262
229057397
411500569
748721555
334327220
398071261
195698517
493122006
966661255
581135896
427703880
408322558
26176351
174833226
705043874
604429162
515170233
411098593
857796042
284023094
352655707
576358456
403292607
884080837
626559940
578974434
27793903
198486712
187462283
887687055
934402644
903616889
140028436
913186418
889317209
862739856
499121801
216793843
30500656
483316508
112876975
63363219
719836073
31997538
943444915
573289494
130591395
550365674
680737882
839305317
64052956
690857708
660387052
591969811
232239700
588903562
172842647
391827674
477531882
573290109
927858656
786801163
871470464
347575768
637755727
402195660
825756777
759421587
928957653
924649084
90672752
864506132
474227007
973437288
443590829
752193906
956341416
279192768
395243488
937976194
569722832
634949184
668924244
787945525
194549372
367524785
584314816
81378623
888391248
333841249
479420160
997133205
534208266
413419812
460413870
913439023
522392700
216888385
108619436
730895870
427086313
809150103
707511335
483101404
615682623
233891274
972689069
537147642
291554989
587390057
529676605
909101261
674330114
897941682
855410982
265650725
94749182
153191630
297444390
24317628
229839298
154975422
401362952
887802218
279655103
53021973
662134487
528725199
695980754
335349438
930041848
425547703
232790197
776717593
345625166
127018589
554071708
705219998
912531977
239802156
401990735
485856620
677542038
895284701
261380255
642723373
604832707
825251370
704127380
519402297
986795791
959808072
505672296
38490922
47725654
403750505
508462994
557741150
383993470
274447032
741620836
289797808
324028711
313663342
833034136
722712963
423797425
75324549
294672045
265102840
280814839
111647759
992501654
414164789
205131115
358337585
605238370
694850596
15718220
365905602
21497650
443257494
308063750
176497046
948555662
685584713
19594733
23702538
893295718
874495117
769672793
535587452
146249314
314339604
815322860
109579830
659109302
239386784
920022662
125165850
840989387
400047335
299480376
10829871
289808224
106137499
728796755
436190145
894474665
319738788
811842674
957977920
107281554
228813498
391208439
653393165
769572718
393260059
926233824
612953654
773211837
637459562
949084994
742191379
938764725
864243176
963978491
364106019
283981931
458921375
763452522
915227408
242758367
318879118
371315901
873169448
526058214
899459677
474469948
907226433
312856471
123556225
536357350
454615339
644958526
778928919
846041941
499953895
464609958
601962935
442539838
884800631
336594411
395988827
122437279
355737414
472013572
107085945
318682811
604432151
920306180
75659680
383213638
196868288
237551433
228437386
177087300
107399865
218418242
517345791
999969038
190013042
302341237
519884449
451935977
843318538
737894978
792428889
506571927
90317827
721597183
684489701
74387291
438127058
296646363
759204678
840021706
991120104
977981577
766551446
824317499
769077949
987225519
665667166
532632618
149773106
932427882
424506626
861322874
825349556
78282258
828611533
841500895
159082300
22578738
909523199
775493272
357417727
744203956
292277662
409101049
767696271
610084378
484824799
591176506
240659712
597057122
358107812
471123474
898087898
967784771
226687009
637685241
130966373
168404523
39535049
512432489
469243415
350656168
293641951
996748399
132216263
161219428
127814729
818544814
478715597
711505600
443896107
89133217
848430583
286729283
207469910
588141207
20580899
117975547
764070920
332137282
855286582
882664493
787895661
116460214
331818916
205420493
940970888
449864067
649135656
426766790
817549747
398956213
713819489
314040297
616928186
721266991
699703698
624817295
469797605
914638974
695487246
360725809
620378461
566872025
710316207
83143231
776343619
751112839
678440545
877326955
88909816
232413645
684894654
702649879
326312128
266560234
582235425
88490174
226064756
803234418
240210789
322479849
311890727
149934530
370954783
151459950
12813460
513103305
17248217
468840317
39114139
347649471
814054702
834158760
707543719
491750170
100295662
74220254
985905440
165693153
734400754
660089810
894346657
360054165
190235126
937516041
238519632
558361984
743838770
303302392
468043272
741688698
24408045
525544074
213347844
269406014
479252538
621220845
44673538
32085496
858300445
474006001
745827060
73340791
588679617
595549689
688423410
308929581
824918993
777665260
203655770
65784836
843023973
683877511
113892159
340990597
582021183
213662137
703411187
701837190
386676690
250519730
596216030
948233605
716578362
595988735
758846355
383180510
744320086
916753355
788413657
131267815
844246484
90469817
762695999
95560142
382463827
550281071
827984800
656861155
805696057
292605277
834708831
699933160
297342400
931337344
422297328
663635515
607832829
692463671
352263440
428474853
693326926
841842330
592572652
969240545
609839596
802340248
771110107
787456304
154023969
444628247
406052228
452643490
286785564
528335423
255796238
655696311
475225825
940105811
981352336
66794431
175151677
162596070
792038799
561778662
865598372
248188157
779138814
316802187
965784375
649840859
987244588
135800039
23867602
984223685
767837662
357864748
170492710
608749392
520346659
303684587
594773997
436995315
929573535
991360294
851832414
988502157
42052316
607803501
156827075
752283335
915124744
211632334
46739453
786176086
745166801
513099194
823382963
989268895
829435555
553692083
749229670
608642658
536921686
972455147
454630581
41775539
475165590
310690149
501043193
358557672
329745645
137435614
948319228
882655219
811014474
933003628
537664656
62190786
602576375
666698160
798815010
341931334
64153901
432120271
352969465
928702742
912552044
605273317
952739311
407381965
644899082
769642817
208166668
700998658
906206713
419185904
442757708
455239717
375007391
569058429
367322911
324634257
357114937
69044577
682626146
328841353
114360573
327662722
17224089
98485612
781455926
969228601
294462529
602732698
217564206
398638031
247428536
771119587
824861146
757725337
573900967
895861435
43443209
58208876
257846634
783456525
865593313
868629362
970090232
943021068
532239363
938276074
991836231
684829338
736538503
647286032
229056816
814092877
365812166
608065289
769565640
338468905
224459990
791153700
840062687
196578460
399958709
616160966
46674051
664225945
936053428
891922427
103550459
131598316
546871316
651134486
741061338
41319811
740921664
682959836
483809826
287651919
788345014
35104612
72871435
422840252
346248542
849527559
414083392
779542709
644739548
983581190
353963110
276291377
36022157
741360656
90063811
284924634
717718291
129427316
203416862
564025123
509121181
336861569
619886970
736342202
626707425
671808850
488081723
471106108
937259802
212064731
117754305
853035400
246163123
377495289
739033224
755908590
207625628
670963012
411348152
366506156
448552147
355460822
414809240
114362645
483614616
813161483
244901158
914956740
621749332
304538928
480938706
672003935
569991277
548867729
388816125
167432169
828500169
694203770
530007706
479399648
213320537
168978352
208576448
796935289
423676754
969896579
458110802
800985917
776584391
615465279
436074182
274446570
259793978
174836417
392944143
655968149
361083605
694524672
478043285
132827522
591738506
915931254
591702860
516105051
994864791
70545439
349373458
901987382
893727203
942243735
92484326
625611248
912697159
204423144
711558821
967128582
270638475
794197942
983079464
277631483
556795500
985249075
783625341
23053984
628295045
317923302
185886805
868558692
932195938
977411243
556776874
165438862
876464896
421131872
184447167
757866837
927938770
796493813
183189589
751379181
365127843
902597990
667715357
70688741
65189803
95325968
351291586
360255425
114302878
458435959
75698969
700761083
194870512
520095303
318258112
151233464
371221625
932382314
937215000
306446247
396767845
812575389
861002197
158356437
957249691
670287847
826421435
901740320
721767207
935468065
654631094
57643117
54182583
653970313
804511582
588102185
909063615
433010820
225268748
377782280
398597353
763897704
902028239
598069146
434109674
201071119
226765044
598939125
37443500
26752598
789010365
437435916
426478335
689963387
505793330
957302381
760573231
752823841
190703536
213450395
807040231
668076575
48591651
457011463
40734838
751859236
65885609
366595792
775754496
642658007
634603655
963597371
838679671
920335120
185069511
112182988
194436886
831918132
118886141
286635327
834738474
808604527
986891134
223007698
535406278
820884742
770201993
368866233
503790701
980606984
608990588
854978630
984616165
180244726
123014713
647503377
123008399
605996981
551525828
414687428
618666150
350964534
96006096
155905245
110082311
286271656
671927314
453457504
281271706
489527527
385512661
543095395
161874652
964855894
838081593
585303202
546026298
578466268
200337773
60534821
707314351
69620799
668782440
662117026
381825566
422180539
148877215
176249544
472618448
399027651
396482108
180952858
590710258
441063294
577423442
737459691
445800243
650483007
869226438
888976876
248716873
617165108
783185034
864785634
953636512
403990520
628328929
262538800
882925335
322963046
353790311
998325038
27102990
989742468
99723152
31915278
525196782
602348695
132884222
167428385
346516331
78448970
823464119
595777141
57990309
740382994
941665341
30939045
226061380
416262041
96197268
442286942
398087260
174703160
342393069
88208902
556223669
936472357
448922588
256473133
46324577
703127385
227681281
459564864
550193582
222359511
129592705
730036400
222401345
333059710
112135604
48459341
315729598
676997167
338957661
852497311
901299968
832707493
766574899
538266786
124075355
611804324
238705397
553041700
420632570
191523533
601674027
709975545
514880948
402195906
253303646
102422802
76909224
77699383
321382443
234351828
961730866
423037944
746524351
472066271
94835677
30412157
721055112
208336734
721053821
19531536
705613243
475347670
446102433
509536900
530449300
59242011
282081296
163444349
297583847
657289355
905177315
493786795
341911101
568277163
803871768
914000430
391497757
967788619
657140110
431053617
817287373
612212897
318329427
252936530
142802041
487949438
958975651
448922059
70630092
356625962
921737311
707184721
90322461
300053455
962710613
517941670
973967695
608281466
994467965
632452947
120308837
235295011
287681343
385527959
754554382
217319416
998042579
503714854
105377132
266699608
810766196
704254837
372880298
281757411
482896500
243371600
241581248
37620474
695904942
352357458
99453437
456973285
462881034
519755084
434672197
506450250
70460535
653666305
612752883
808205643
397597832
462381538
462367017
618607986
474120219
567150001
811391895
24792600
857858622
160794527
861760674
333107556
708313755
990843323
136409217
912748952
375260550
783518532
659215031
835264788
137984911
455595089
396902618
588537861
876619974
404039509
176850703
283896674
299037969
633044815
434482724
608126829
416884644
568152139
330705393
502009244
263360103
547260490
665405611
790015122
447255458
315166541
297444146
273590597
172162695
807792271
705042597
511895740
368711155
830788021
679382230
224771237
509141928
550648219
880910627
165025092
982980950
597392543
149545061
803514432
187714085
245438059
129001185
742584118
334425178
570368474
398513274
640944759
825116977
855694226
389805763
502022244
215879437
713160065
340669255
29144203
432807069
61520399
179985099
322312270
63809651
670676220
191398908
346904901
652572458
241076428
423475796
507774441
387808635
894481171
652920211
996037112
275977083
911309996
949480060
552206750
631070384
13519419
740556793
116740949
943363281
918911940
432298797
418301795
216194878
796299707
820441082
453699922
472913881
319185461
485872572
252002211
257466134
663353743
456491570
380134026
370401879
320367482
362881138
697516384
264478436
111630719
573422064
840093463
720870488
254999453
334767786
213199768
862763553
632832468
725732838
797444567
554999544
124576462
720438031
826026065
457477895
895727831
182442139
35746896
167292405
904822843
323750468
700543707
522597788
355501309
289045034
890606194
793026107
672865802
232459937
452794149
871646698
379084140
735426027
95854095
259522348
666652544
939550838
410398534
411174043
378669394
453974281
64055680
947077018
902459025
305461666
249263075
424456375
326505427
460926866
244950993
594343515
666651824
927581953
36498779
962593026
997957974
50953124
137542404
920231939
30931652
543970801
850938073
395573782
730346393
404016487
840657879
655199205
177545728
97458220
658965110
76594280
889443728
662927379
855054127
543296384
16063106
607699441
794175459
546590304
495571591
228612003
120466013
441730262
55508742
917240839
152957019
632248161
530224607
293127658
313331384
911766655
742403191
790021792
133102432
842366371
687136902
793453655
100444333
562227868
186825285
936740492
891194246
295947318
865790048
511203463
457146518
312579764
481251553
652515441
94100854
363422852
814479232
498092667
299521960
892419608
175077220
374104801
626672665
978924210
899062225
662498172
790519700
29200200
955472143
717911476
754500983
46530343
368616399
518346034
629139359
777087151
109295340
336808920
545670260
861366621
193906583
756888447
833019761
227938536
911284372
192920682
663360956
115786016
249720072
603753542
767280296
138701446
616524512
961882263
31032351
395575934
257178964
367613003
918067984
153530625
424829158
685544123
134757949
213461508
21011155
322144165
373762096
549012516
243955285
831878747
998268177
95986360
887267536
50993819
130360190
706583883
267275009
728763539
709104615
628106817
463991103
707631580
832907317
880450389
552396853
853796672
130500985
903597211
631059667
535251702
778859441
98422765
711850967
658653628
792386189
723354178
696632007
849148866
814975398
334192401
222186382
906369526
160527145
892627183
281999033
638356119
660120106
545809035
314793315
509042958
631963687
617672395
991380724
954204544
813772469
948833388
563819293
690994518
803602288
57123038
471057393
947952330
394183702
353872667
41746614
168016166
118768852
226122295
125750778
934074306
470741281
629319861
700488501
911038759
992826412
483184485
108327388
70820724
979349446
662322534
249075229
25356160
473627357
141584379
908902993
810276592
794245363
993300675
522807167
255591835
841612036
992712831
362688216
959166266
667225465
474421186
965110060
673472447
284460053
497992944
511658367
98237529
360136534
692081211
839524324
913692548
316597274
389479578
887159753
684616815
355172749
910487175
852921779
439916565
926697045
965258340
439520825
866891228
393901864
200789505
443770821
328672836
438418565
259569369
524578761
585728135
177901394
614309889
618612804
60979696
258718449
550363953
698227710
744176016
12093688
451389572
142277530
152048210
244635852
763498186
878378020
930606099
396507144
774752666
858585273
766061322
837230666
37360543
169196009
184847002
466092961
626927546
397012338
885219995
304304743
996170276
723486462
672121929
863529156
773727057
111420856
818004558
54490127
20683952
559603552
544480647
974397025
603448701
955962923
373228002
510840048
446642485
255737940
250522383
474419688
604875721
610284791
96059888
507644918
517931822
676896082
898135009
185669095
954723596
599967969
620028403
864000769
948622598
227807835
229600152
463744320
83909978
19249118
815636380
672215786
574725093
47486497
913668768
711344559
610913871
896318818
392056458
247054084
140391670
820679715
897369850
350236892
61293901
318589835
559702384
432238699
761718091
69078644
289850687
179875735
162324272
724260261
263451969
759764676
167978248
355033248
162465906
726976875
102820774
623344393
674419940
110943140
246894807
633753644
109347152
112330407
830072810
18221201
72114248
350514553
561154972
708111170
276890799
381439311
755094530
830496070
414840182
824173403
541366898
32289709
60303431
278131010
253351087
319255431
616221484
64203541
187349166
805572743
701329364
995611645
49722062
199115911
268376946
235557803
212302890
155302887
263244452
178662453
134605035
69782224
425354173
53980113
944322700
960460419
602306294
291412251
962163893
907642435
816200812
132285802
927199598
566060296
693485911
34100859
840456102
393419790
507423173
63951612
792420981
573221020
583882146
469851643
526922373
755539184
468165385
593133986
217988459
765593086
306680464
822589143
232071240
771040767
89676501
505272259
818394669
285459987
634496477
82407253
961756055
571001599
636433496
812971042
227254994
358092545
815001497
320845453
380156214
279155763
646860450
891218322
41511005
65875519
759376588
559618869
841356958
802256976
664440238
629303944
917159155
549051980
681657778
641889523
815559574
451234763
71968761
95389961
567153521
592758493
846334407
600308408
832574087
546701899
248926923
473483896
409825744
115027031
292649872
375022403
175182410
583533033
985772304
585438965
381530800
719305787
762598714
987799878
178939214
242088029
447242896
491707617
67609247
671361470
856101473
821786063
252824063
993481125
196734397
837709768
134026700
782830682
436507885
645933454
957966930
99171980
825653887
787646435
810099625
24227414
73910784
898686436
810683733
167195942
372083258
128250055
21372257
934652671
680084006
436694658
125970936
10752066
886001523
895327118
602204232
957727447
763346076
111005884
452106116
911108769
772192042
200790038
414338463
275936014
656095911
491720619
862712781
219380445
705522245
943823462
640692670
928495681
169026037
550944851
773336314
92833301
968448645
506213123
704743091
714243776
76784838
360385637
140231780
567232939
420377376
247671496
241324842
484376142
473656832
573155334
877067954
262264736
179288502
793165266
268488780
454632772
429300811
864984394
181776282
993968197
594813424
60115770
88666406
23987433
122893736
807168598
163208731
830362582
833453640
808367938
612709051
993242930
113310361
600879300
329141825
757837660
760689228
607582630
788192546
255479377
653262402
791224462
618440941
422083075
981395788
776944159
894157052
647953779
887092818
23564921
521019918
22008815
487553244
314577835
549517253
84404000
466158761
602977851
317085216
687963891
906141309
238745281
339701799
962363682
386510650
943483563
439511943
230406324
994720071
76738470
835549483
485558857
991142696
393921436
365292652
551701946
541554021
790305455
122672348
351866768
801062032
787253321
137649167
296224796
533928792
191703187
477956753
599521444
741000193
189694789
680975965
370125395
942650003
368434819
251431247
444325693
676646717
737795657
85601614
502954664
583723875
692147253
167587177
102843819
303401331
523028360
226465508
334916418
273378460
151036419
171192157
34639593
313063226
403353682
195662999
721447814
616756026
74531459
222599800
225971179
679164686
682620703
922335158
482225803
296598916
347139721
117096489
549307522
635503295
565190450
736959370
190182678
429052014
87778905
574039972
370140528
981372915
184373320
893742327
911598422
432231689
397806945
855320952
459924394
967783310
885567178
528755608
661858174
740123459
763170176
666967351
467376499
253619265
973732703
654213639
34266378
654792799
884539682
727861334
513082330
812833452
624634007
585542838
80195262
661811324
665396036
358494060
826647630
346072747
663909168
708393799
555796552
376069178
726129778
644724956
536319951
134218263
689680358
272226863
533560026
351392452
315141055
781665716
235906589
916042752
294477621
10094244
938350157
517170708
341317744
292664862
785678611
691481226
919263873
84201291
188822747
184698767
167606927
322522967
749956648
977207104
828737278
338737479
786947229
339403618
86048024
837040582
524203303
350298316
16205968
343553035
324249483
543224145
441130924
202500747
952945194
572597988
634746118
518749359
621430279
678910709
830633241
915763633
422135374
42590527
949233878
212339085
391830886
584475695
899248381
557651518
775556308
786533390
186547038
548600300
403808659
811171969
248042911
776954499
36658227
413857232
367816506
982562665
326435229
559089467
400896653
22643243
867156710
639239747
131358852
847351448
502073465
573967878
525812597
626695212
69111703
960300879
995235874
522436696
121172862
436333977
319083520
837354073
852997210
559755226
200170723
119719138
15837324
702556012
903866089
930930231
175417077
172928611
566625491
736342497
948442566
574855191
208461554
630976528
795193398
607564049
794587361
359425275
417836589
285991165
315812879
572315823
477898492
211319182
293463756
850837763
141705911
524907438
928418989
842759468
681456630
24144428
546829184
675202834
780861453
744141117
267200312
247064717
722696558
933815403
996248609
653672770
740712071
80538970
83239644
786949785
821861390
684144889
806365137
838656726
100460933
393162007
235341370
532746074
472314118
271876071
889967185
118760349
372206856
860485239
271682338
257710737
792386079
619445685
387628641
138597937
672242718
262665151
514381597
554604937
841866484
824344835
218342094
674779103
729881881
864220607
32658789
305852871
835987041
947661707
478256157
491876644
29923452
344673707
113102794
602557990
62026223
758190207
674782813
687421572
466529113
726219304
872987115
437996750
961917152
828249910
469774196
220708132
51853968
295860448
913032115
98044747
573831450
826261527
327189597
562143863
442461423
242698530
452193619
137884766
640963335
952082146
132257120
212189402
632792493
393560975
154670489
806920527
769858407
534396686
392650420
218970875
533670889
613673593
784887908
477102820
161276391
380742288
28992761
81156087
526746876
120985539
654079039
839502472
575859777
222821998
621467178
947641351
497791591
641945681
377392881
393129144
936775035
309054566
689580809
534321311
125132972
177822499
744843046
968207254
422875384
160864666
485872634
622527231
687102549
655731418
861932678
824772039
777730487
824732400
486115414
673544050
849419959
803601740
799775923
546869804
995599302
903874018
278917211
18258887
806357058
200473391
586983675
464444734
303926717
451992625
91758095
357010773
491906964
495898736
600971729
721075129
577567607
757267856
624717507
453716900
263080096
592616294
173290389
931320466
556638417
972393705
109961214
623362717
125252495
454685473
714032416
525241711
346021335
615529692
816893842
531611541
467662382
572646943
902385787
745239819
746436103
336144892
506011869
849705797
193126253
911145767
204119713
178964317
736883647
997640552
368018914
937197557
100617768
690077004
542039683
996398899
288731594
267706046
560896868
758842168
198793165
634741000
30130577
238702154
725849754
695302768
109561090
329958282
353561373
457824503
173639743
743113192
209415026
97239293
41275802
835452897
19024945
381104146
516691818
766162248
387862482
527248300
950967062
274018224
12380015
940462888
292800582
423396655
766748110
245422858
575298061
100153270
522887880
545088558
601062739
205592493
957873813
624880223
86089239
989724581
380399397
310847721
974553977
294241975
883487626
289294552
988340373
102369343
379350839
932862605
351626295
561675621
903182003
298427701
817627938
182306700
539533860
118742026
720603614
220243707
900810263
256467914
442057064
16202571
302487206
595362492
878175036
498425070
252656633
369514243
652920475
162842105
566876015
527508550
891808884
637439224
535969788
848418199
952450266
696936961
730534271
733369745
85010964
964832627
288951067
303991916
703446795
796088125
569440059
505271262
723854175
228301460
538766603
617648029
620433261
189543178
301746122
188848226
124389370
978542202
962628139
411384627
139456669
814717754
861457907
202192234
739960200
908731985
603447730
510626839
434680907
166619898
245840930
133385400
836245149
323558633
423191861
236700685
559938878
713257478
500830114
797265364
461548895
241715798
682951566
308957055
868424802
934096604
284346207
818387314
19623695
883390876
871199119
508961164
87977195
358127175
440040196
863316894
433419688
186553880
411402605
456456158
331141465
706621456
618496647
488390588
538127529
747506211
72170572
929445095
446875065
230816052
383238135
738742830
947710125
490029427
942824947
889424012
563463251
632406028
531301598
53932526
600369948
634196783
420072361
671941672
525948130
116821258
614460512
553953936
40394368
468496779
770504030
353089287
191228250
348758923
47546372
798520788
486050289
566363608
920164341
736112959
679274577
403090877
366887137
689176733
564688771
222790816
558487415
778648946
61889739
237721067
111826821
166359165
137722545
747207262
80185851
176034697
810303320
786274370
551344040
949856295
472754225
420174070
90397048
796523823
441292836
918225373
70642827
617791797
94976081
874944985
516848430
941081424
593718357
396095202
914556802
97742707
482430883
42288982
158621270
578430342
169134150
42988895
286357223
260339680
374499619
411373050
884965649
434375006
287227669
376017289
36416149
933993409
602917509
343340093
282793477
66065197
501452475
253356116
175315217
463938194
784199756
493841209
963698325
417855571
249507338
710135470
413448557
69879537
100703536
919722577
584382617
867903590
680161130
247141742
157437385
26930662
517503270
654702288
40676413
78902607
848222973
848634021
29108765
51066010
255440497
110146257
648247251
999802739
599052488
245666702
28896001
588889650
16443729
615792681
17798023
136642018
82340422
826811931
982729928
342160010
963668076
125130427
79110923
384389032
87403375
405015078
142186321
818496025
712747129
613129909
885411815
222699940
981737170
474574341
688873490
158188423
826060870
615892418
224936158
996188358
663318782
895438438
414864583
122709080
395604568
800474721
575665726
288980182
500272791
82503190
702510652
672464731
786586115
494547386
780844338
582409511
216140265
59010685
241022729
972103102
550336487
977783901
931492006
335991843
575123303
901594231
53771022
400677357
959826929
611623038
382894151
625141476
251025741
372610696
96567794
371208293
251110229
264675121
503389116
750957092
820592495
230974829
600880125
920425826
295132566
867215318
647584839
393950962
777974199
559325187
368930291
580711699
913985172
355720185
650616606
639998539
138173446
736905677
177860662
38961714
523821568
993288322
601264744
966300627
563822140
379008810
410263474
154222626
972970578
934850579
806999961
881938839
443758554
629887940
853112266
389692196
934073060
880328680
139612769
88229245
740448155
322870932
444488138
813629193
202043534
320039711
991827543
136182714
898758348
179915699
799910118
836928388
785550376
592485631
839018585
205720355
462853212
348373260
241804344
175422111
204410272
217246990
800342132
420947824
365262683
615790340
330355291
828777186
503517393
108228095
78836220
520917590
822470642
781428451
519030449
939818643
321322927
607680293
187879001
987458332
27572260
128964790
941318670
24164915
16649208
851846550
672128745
340440564
49922050
988306987
221219890
620334368
239316161
938564779
79268042
432264459
90417470
29772669
136351687
872027230
487834184
850220337
487045675
943579608
441892383
544280245
197322451
64140416
190570611
797605666
626100568
496032572
862496481
466854126
657551594
786833489
919493024
477292079
890753381
342606474
86960236
888998785
685799161
300086269
49690807
61854772
737437454
918391471
231833933
253392406
663510325
624689024
446242114
544619733
463241198
505270282
316569825
777440509
172720262
450872468
600651456
814266829
726619114
546786452
827312489
136668661
99569750
451399081
875111698
65863909
50279432
229657479
514839775
586689340
97146453
778257777
635364955
236578707
213936394
666686455
569792019
819811877
399822046
859207625
294989971
26233573
812453658
785158178
386187953
596892166
706554711
553188500
213387815
347832470
38836846
110628747
87354891
856089255
21083635
444251991
15668084
70069157
636611232
688358040
137524307
987229911
708425393
883069055
314125074
416450362
459091471
211307765
631480389
483586549
705839278
919304052
857189421
78003113
602970335
89929743
847681909
187922852
836830878
250202476
105953055
574800845
666135240
388508828
597857257
317096765
737604945
617234559
411769997
985624999
103512000
722058123
577671878
558406650
974672616
926874631
249766621
761994623
491602613
666967442
651025968
117741333
731920903
956203823
635380326
479779588
452255991
923602592
203221422
945990720
607036464
752872619
148502103
443537883
138330707
901661082
767800357
875396461
72569761
89360490
176690076
735538441
797534456
575598594
325252874
162682425
819536132
477186091
118897222
908355103
80011861
513034409
593985586
235777045
888317486
770126148
654485027
208412768
919809081
691546397
562416094
700984153
587629050
673336789
489686487
254365277
818189794
268972594
633112164
233229622
848480955
946516311
290466985
357278126
633470789
323118690
413517237
585028326
250930780
848378758
219478181
130060464
963627105
222802762
592717391
109132853
975028186
747360625
496700201
23026668
949376425
737191637
769367838
102604955
880577089
465300005
400329382
990407349
268720304
620225710
522522663
978411598
149931275
849195947
40295186
122295300
372222258
313275486
129091257
164034316
118982650
615088885
467615232
938194912
37068570
53053588
48378602
567448262
86038433
75710056
17694016
625021096
960300069
758011352
961205593
97271011
277026797
207073981
576188648
424296110
963253887
132217751
649682010
333725660
493556894
462107431
600462285
407287626
22058315
654960832
872773134
413038506
324081668
170953516
730563719
51920891
110583798
668466399
498912042
875617059
13072490
423089685
910345942
931822877
244565482
728050110
776573850
349712139
631237069
698698453
210039060
335636808
836090913
989212247
856416427
982045430
337541163
574804450
889756868
65850173
733714024
222209181
245774531
13078541
545711913
658689051
982589592
104845855
741783928
465970073
775936568
50078180
356317541
110476763
645435825
503465275
673684934
275981356
891650775
511884368
549988674
336442330
817411527
997138046
850858132
240070506
271957238
682050633
92071947
211569480
839808719
650104234
13161515
349134858
821889369
259616345
501544782
354767847
806204837
415300302
358478621
674154944
298642565
496385172
883302536
792904254
90893103
772720883
331037202
811440839
235135077
564156386
800643470
147558022
683285623
871708979
657226829
489715768
426298819
193562143
52699674
470043080
344492214
879745791
832607524
191271153
172074310
658302138
480782762
845231978
734563595
914686933
384946609
975069708
396822181
326237490
520835979
288560191
132982314
195546642
31201486
588399863
129207600
679002240
947690686
480648786
258711409
644483023
284697937
46129288
522171166
931313615
583696540
779234203
531153527
354232369
948818032
253638254
984366881
260376857
934365544
230844852
726994148
623329790
54887659
226074783
380129763
518018565
35192160
584396870
199077592
43035070
114286599
244248567
200569845
452175597
446029523
244439931
950934528
867505190
126435826
697911916
736985481
395560341
289450513
46346502
960882598
251967073
599828057
306796128
90970681
528448545
28508029
124411316
124058004
67468366
384800537
820248252
959225527
951715969
973981251
263760920
841553622
996125459
552634335
298714080
820704160
862398233
584469401
458844453
519387983
591819832
638784401
102518835
449140874
329679654
153843590
525133621
222751742
60144071
381100459
196622535
573460157
735194194
770284431
364948291
382443819
214178004
190617965
494112379
696689426
600085355
747984464
259045923
571407079
902244902
744495598
665673756
550192418
624065078
895592915
122697855
775279790
300142910
222496878
47126240
78269776
113176445
498480062
550962698
393780617
83157762
742885436
337367203
105564730
741635150
662762997
108558112
278828538
655360560
504840662
936698037
423160058
854397828
157492871
992446714
422181228
470145300
555459561
816267276
196386636
625516546
127255072
312230523
792356250
905921828
88587090
75155997
578332792
734067707
678054412
847700506
31452378
15253675
371256952
413081887
265320136
346960965
785722994
863478824
208333404
131189464
588457265
92560958
925051131
910372385
982663537
34432528
197068051
751573907
627608275
403979102
863040659
110473524
787850536
138603515
930485212
717711650
392041160
808400835
607847454
961236479
41491601
707173012
782233723
618315246
648610180
571163017
435492676
892816587
67466862
463160910
436695454
778361216
316063131
612877775
243818234
409641257
745358954
321006532
259232728
408713956
244770111
697168480
224757456
836791730
609369949
311190579
347994005
905229190
820669223
912990106
267885112
741147668
369043630
420817862
99679007
157721153
772495578
250457327
759169560
782602293
22436269
294946154
136531065
682825172
533595589
252345408
621737897
247016865
694084488
924033492
827640698
730730483
922634338
744468822
424172372
750994523
350234545
772596293
283064705
955809894
703594885
527662376
688849499
986854872
617575014
847146743
338326808
684218660
988681974
951827945
208560439
743859275
937352711
334203342
19257414
863975587
858918060
556128405
333205967
184477966
732886437
659612200
650081245
64825157
283385503
805915877
795854273
834942238
359700783
769077953
376351486
705362148
364285697
273222803
864676645
372566511
367758710
812302456
115108089
635545517
150732325
677236746
381608302
885612862
982164938
416341945
975304898
618130794
218580327
353377631
940308160
235242277
505799795
846781631
778228463
705107264
39479842
721804136
32807475
663624786
964291401
732054119
903558577
590680046
992564521
446600412
54948420
15689472
254651696
533479919
761782730
252254027
108038191
432770560
32308852
259654825
467364155
77894628
277692128
351798682
550406664
112464072
911243787
242854708
494906805
802553071
842868291
568647160
449865722
261005151
60723378
399707904
930094517
868977962
952789185
906056850
452293679
388655056
179712900
963050970
742996771
760848930
444730129
704792764
457751819
137856219
282717440
393581664
801235221
588983654
762800218
219824718
569618696
787856342
221288963
535447617
500083276
452006574
847506427
408889727
359514647
822632190
739562289
337091465
959331443
995098385
163384099
931757152
193212297
139379004
558590105
713422983
799170067
281985729
852747773
321209254
915088683
193408131
709520357
48126459
934982011
654930698
275774565
289701288
620704610
399579302
759904828
253006496
875702026
932914142
996300908
210449605
356442022
737300481
825783172
211886837
382407949
739848156
903790679
878480287
82225568
17389258
668159014
942992915
817992726
131741182
360425609
308019462
346536171
860362090
184011556
822413968
470891694
792679950
324011726
314914972
799374920
367117168
805135786
61696436
284401873
915337872
745183140
791768717
10414729
876432885
111510271
421772378
56306623
931795370
262972563
725702824
886165175
37289142
353759150
351541808
385389571
407534753
103620588
244843861
623323205
914369919
749023578
117502530
10343996
932902982
587598630
206066484
986946708
242496494
317861260
372522406
989862316
933692709
584771336
428326610
354348420
317618944
926592807
194573959
399802927
409082477
993581335
241784975
489254377
625713787
776600304
223275964
851255203
284949142
370927715
689202438
417510779
896638361
718922226
513238220
95961370
70779678
90169385
492503183
351993833
78850109
676813661
128750688
423022050
542485076
861255390
218748695
135363102
171296999
466402502
872836939
11910979
937054226
318874897
58568711
359551221
936994138
500662467
997456286
81515472
525304409
327951724
432300844
322375617
717601528
545356012
366552081
295035063
283570952
108831536
528590289
359712069
991269656
937286164
33267160
159504445
993909737
362873586
135660691
906758018
184510521
718497397
592227684
479704874
530146899
669957671
619788513
665100047
933973048
930473954
118445009
695512783
943997126
143261326
648634978
616623394
547066543
109437657
180261852
921860335
942254775
408432472
816173656
740651733
396981011
341646570
906602537
42161000
528754806
48778467
246897559
819816718
920017788
234520723
455010308
956773816
211608616
892938526
116741735
63572724
498738708
731548383
216612659
754285195
289591515
201493126
678857206
915921760
867863816
394639763
925736804
238259617
622018011
355738030
589089208
460013892
938045237
12783204
102011243
956661174
273540235
292395283
332438648
403321807
966115308
727545539
833773395
202594902
480470832
522863685
732916713
308980838
370161604
770287028
170498769
480939236
585055307
868967766
365500265
859788940
436937054
136914458
971197677
827989095
727738328
15990513
238853083
388187398
437422237
548533418
731543541
315123743
268948930
953126632
371287221
242870830
728917218
877618933
352778954
416738231
242190469
873875497
349497766
882148352
139789501
265437897
782041607
169018327
993603499
191307700
264892615
259009539
337372290
959433061
824475289
133935952
792858769
106874142
636004236
709785888
660026676
922434166
371579664
80051632
577275362
384525187
867523006
27570512
968561877
624741414
607383749
902025056
697553588
194726385
568848275
194236783
537871933
61291310
667704633
217346216
596813791
64643324
726881511
481943230
19105471
80228506
71102780
928358391
192533413
964541319
959412174
15452486
26580408
610275790
753256927
796459858
865749852
755837063
736444313
318764787
188359555
646757097
815211893
822458790
308409261
273299757
76855901
96953135
752972688
778350115
956755535
920687424
746979815
296612178
418923352
357666021
279897750
100263826
535728383
401584195
669354271
106941545
45279619
748194386
802325557
530474430
831033796
161452653
240809411
414549457
725228307
541694280
200078140
556792601
795436976
707075437
693492389
93329018
524468248
922004290
21209550
689403075
345688677
760886433
341349059
590579455
721069796
449012978
146265035
658882086
776538962
458132676
357012078
72071005
578296642
266546840
503655421
848620726
249569986
895152624
338679324
977413325
991335609
26508257
957087017
987699107
192175627
611275138
918762075
957388509
451545464
420552526
828327912
78319955
630181668
262640295
724891215
897888697
590658810
801080758
949114877
169598746
438297889
350699101
857879068
547294275
748887684
319669264
679728726
359464801
548281506
686689553
54188506
402407809
133606291
934885698
101848417
171864831
874165743
351851558
495551034
269743029
744081878
293385444
770833054
402095152
88726547
182529911
393503087
774677886
603874597
734581349
394598584
232845750
515866497
156645098
224646590
225876155
320948318
47075125
88917087
574431910
659751959
304320199
435266411
427923231
805669701
950397411
581984080
349586594
493982167
87543610
633145188
553675619
287812328
668770755
973206178
587793600
283094711
326892346
267307795
407921019
705039636
960087517
383450785
164699074
743536161
160831116
843057403
556309255
184718273
658713469
966855726
809392995
127893384
319870449
101610512
785802423
975624640
44292479
788707831
994858784
795048355
864101023
238322813
331733922
869098403
236074276
784279445
116828322
692304342
131342543
260752194
45727361
524461826
634270235
564925993
834028411
128011816
895184731
630101970
332696493
786676990
574562289
794903886
538635423
594763885
839063300
486599999
625749334
355481737
864820286
696586575
687341053
299926744
234408973
646918997
237975982
718300679
115429173
628524784
171596856
620322232
576377830
472039605
580074660
607511536
982354595
249532987
10370050
317157775
77256589
941016867
764531757
866153062
569486934
334999862
430280071
773045070
819410173
547274927
62690139
407391497
147731643
356831429
613662286
519840254
440576480
384925693
306660235
524048562
228618965
130300821
481331241
864552902
685171533
359484257
895627224
441411104
283449299
580735687
239492754
96651909
153099543
234730740
712849410
625173601
791925738
788833059
946480827
922567198
442573662
808682178
121940928
62157440
123040030
902829860
97057486
888750285
752658612
668965139
81755987
533957918
95771048
657463422
436256833
462500398
583122410
548626797
99945666
24962872
593731852
189307951
167425886
701668288
883744605
855328436
196363324
941407596
789699328
80036050
954665283
487537863
256101847
729729181
478746325
734087743
760722719
189247170
40044956
94770631
785830252
305269664
396533547
315551050
478060755
57709832
293743297
294854808
210085729
792224793
942602956
518779931
751508058
999332383
96048240
288817547
80519233
790807247
956504133
901591301
963572912
659591340
799752849
206557766
550842942
868334463
933386208
334854666
258387377
449659272
105258900
681065470
664563619
509336108
193458518
36400148
239514953
956477597
378129716
627689690
244788444
386036153
70094798
867951194
937248300
103264112
883737918
907247277
501367309
588091841
375266354
400236024
409355446
408744758
332942194
290881685
475101720
167698958
140436095
508433407
849704229
162780465
699217461
378868767
153106637
339899482
16742885
394514639
710472546
630471527
322896879
594943480
817250571
240675073
430334480
579315356
944636339
453659767
782082433
481494050
877707550
601970125
807420392
359956091
429360441
264662105
697718785
521426099
374862696
87885721
387343427
860335514
430843084
303183012
315749113
461100160
821738923
930581213
794741839
415922099
110419718
517934834
397235409
621178763
498693351
430245583
178331488
584885606
603211441
622257411
384814198
642301992
138146011
640216933
492628955
318719996
81409448
744828975
84808408
884620676
356088133
769294833
148799351
703815924
926159756
938802750
444593596
708757512
67926453
866624724
565234816
585686721
134527822
80227218
872380099
736618564
123258205
166194467
450724682
728417951
206595904
587589628
410134131
484561957
773696789
311271777
62077051
957742092
809367133
400286059
335783033
921433149
576788023
439828770
574733313
910422614
142892877
723456533
770621296
540469331
526372843
906849190
864346486
474367546
844046394
913084416
624684165
44081398
929884578
407473353
949878468
676003679
147396408
118917090
465409053
976456868
400263577
175487217
950137759
299750499
758214731
880243775
204918675
174331502
833491359
237073024
188563890
972385038
358929768
914971605
533391697
168438032
198590668
819493207
992928701
922038057
219124813
833677050
56198599
433479887
738609557
352193184
978131162
327401864
734018118
356797079
124276382
452773717
815849592
746799952
901833300
561474942
864762966
272120046
813478567
213575211
174496148
438013159
32538939
532143507
391048359
999989701
442440988
340976316
225471464
447067041
75654081
60043510
492774124
711145356
325855036
446281861
274859302
294628901
373454139
99726531
394553762
479698250
777699412
445172137
382515005
840541523
53297503
647937869
329100981
968250514
275152227
924640907
651086641
188552239
300979362
948534833
953088613
415985755
413679020
539529367
315347519
431092245
134370486
437001817
58201117
630458627
333457566
39053900
310499890
320801123
640407303
110448609
984790714
742642085
230072683
205352533
290018655
902476987
813272180
964743802
210418001
62551509
173627555
532212137
929071136
798982968
867578547
879341446
609778241
599651322
229958098
39045300
643329891
699874151
480146173
609515013
159749381
875926665
306621809
481883902
655397148
880211475
693855357
100020363
89417173
545579341
244688621
586156689
176816979
413955176
691388363
368461960
432963815
335808144
375938465
525470726
227042935
93926571
602029444
991237209
433018180
211742514
860748225
99665594
312003429
89468725
229474625
33824983
190541782
799712613
705453914
876937485
107143470
922271431
318582194
527090788
549148498
177882142
699305057
166132540
432445944
83039738
645604482
151474434
832137519
296830874
100598171
956989850
396363036
605722881
611693618
240464140
253477361
477272232
780588097
987570817
557378615
823150339
182594683
603074601
741252711
191648998
745637247
139691587
860908902
590669538
997533817
380049688
51826020
897013755
469133818
913739660
509494408
648674125
695146287
686193661
931891340
868689611
17513983
398489515
879562370
286367497
844135464
151380679
105130481
331752040
792728857
204354090
738354157
230720879
789856297
130255812
41273931
85377979
129209015
896768792
932215032
659946222
303280308
914142517
371307430
383400439
739128592
35411226
60948317
891746107
235007353
810490865
760976542
946836737
55369263
165913145
941839483
226927515
705930108
212127368
269797320
852294055
475857790
635697633
886657080
551283609
438194774
28383211
623335780
418097411
54101870
916923523
670871249
580959498
880703257
372860007
520959611
536419850
617688209
609258467
211083977
282499404
465609448
985106956
617019590
446079680
369508002
797705445
617901010
552729702
614665320
462137240
739317255
103477289
318191686
852154832
602262501
616944604
883535801
471114250
66742229
852174143
650694471
210110320
631731227
460850577
71561056
144037774
974470621
543363729
522602501
829665526
772201231
499153737
454636970
851672105
633154255
399616077
181509420
827154054
435916863
730523260
606889412
557606346
714392347
451222113
336781185
92241776
824030313
47812037
92752769
541768775
908853970
389342751
130151088
435511832
821413165
640186987
97284018
175612213
436344899
120520914
329126862
308994811
29781242
665833601
564665670
286072558
19185757
363930573
192779479
609233441
849585264
347658421
500902308
922385205
479074049
191249974
352642647
575357456
771646888
987566352
424794932
789523313
85286174
711375188
287572903
954046749
914865447
390028128
384883064
523174151
999474648
193110706
963127710
325416570
785847964
135432568
980854038
870611511
382801304
243250809
564766293
203678515
10454111
510015844
120384375
612190311
890456177
881179029
729703480
295495271
695049148
93877273
759386092
254876698
497281661
600540547
269399005
326345960
268819913
865874883
715581151
959316232
51779285
368178420
864497008
210753708
857578296
283408947
46493747
370285500
261409618
304988277
56054143
677605309
819057024
972352037
27230438
92461885
965247923
679529006
311909644
454248424
726272983
330384840
948176467
475816469
160418309
75226288
394696936
731238020
962326076
592496640
227260509
294194806
158183323
622598986
513564810
955287785
394970406
23495456
228172956
174964342
153055475
469881554
283227850
865941965
701724936
24255663
692698805
209933553
343709744
234214086
475655572
24536928
674469481
10141563
402697941
524820883
46930426
495361612
988584308
623217870
993937047
35989401
992637271
310992777
151093866
99738518
701925073
995446024
502989226
242384630
951742019
819330480
175589842
187079055
82589519
35126373
899819807
731352852
691658613
41938927
205546354
193053793
565838333
97638074
973883082
219745079
925819862
236212421
143910887
891817748
649911687
385462688
402889767
986512449
345694033
11661059
717729098
443908472
144907011
30891803
198720749
361578799
770930373
21703328
373565668
940528927
888699984
553105453
539181145
998355336
63964599
106986497
583717355
483987136
993051880
716235803
244786643
537068341
970138011
450656487
871940822
267352815
406812920
484795002
880849108
808800244
788661513
492090740
622454025
250641280
883038114
526085428
421923000
134756774
487562408
417178869
886083608
168119919
850945349
709600937
99062155
308113193
607272922
78963244
458814701
619039913
991072798
671146579
171384118
366491814
715695376
616055543
156427088
246136329
371170270
979365474
379028527
445342086
77098777
942554698
385365007
337632817
430182302
203661630
210528890
225720100
831832434
488412746
70100631
256024313
450468944
682021938
768415578
907905565
908113401
359154326
93012692
800958126
922367698
70886254
233043218
201143561
86474423
282534152
230936963
73143355
191669673
330635347
68417783
26163911
842087160
694770801
415328579
743383419
701474876
213895103
49935722
697611343
665843997
965079720
676885463
154695696
668040695
59255904
954596251
760798146
776075477
268827753
125444519
311275375
521418510
734280404
670785766
515761428
680443615
654128630
878354263
897336983
529805753
987167781
754153127
856296821
710735025
769370840
694573681
476581283
988888029
499158295
486129338
551947125
425850146
279960928
177098267
244702953
65145033
31705542
836833939
351542777
582411660
299462284
834992261
900741917
34053812
463379724
430003750
322128621
399035718
787770266
865455192
743748635
790395234
174605826
459999929
578347239
252609170
330533890
648544252
883953714
41911578
63225548
690406678
613405740
541944959
994512064
854055503
840289915
415083603
590976739
308825698
78191830
282703043
987395680
881230534
678286987
883282111
82287841
672694014
777842314
764963640
559381273
680296626
660996282
648175657
661220510
535211208
282796682
784679175
814506226
71541968
261674949
49979697
143783435
479900958
347734123
511601985
609704242
341478732
401395148
656823238
220874623
767398980
22342534
665724096
554173219
39444871
762890090
426891131
67859028
506292869
405446894
824771493
855016853
436828938
859684439
940375368
963916490
746659955
91783846
403418757
689028347
451215721
337946862
838392260
112998621
269572901
416570242
523986474
775681569
129391614
289022210
785515182
683549835
828527682
224082501
450346451
614104341
914287333
144307219
964748245
819347240
695805234
519950628
502205384
909658778
16509197
121660916
82005903
172139043
745861534
237412935
553274990
110504969
777366376
405214909
618398522
955312220
778897720
224213507
210855823
42576072
661088622
513304274
842880544
732527435
452540726
992863522
952259721
936608640
35551790
379547807
137625991
167907963
503231927
724883253
852662379
777788408
949429276
272819979
432896263
890036836
747013624
492398734
495806809
306044190
125327184
879486167
194505743
214828684
622510516
35678962
194270084
458845012
435087594
466088022
536352980
304816841
138080719
236259008
465115783
357596546
25815916
982290774
52626496
234775105
160021222
385812540
767247537
843125539
980911332
226564075
263175953
836721799
924623558
919393102
179809963
64439975
797568188
744559944
426215767
880325061
697989123
774526688
508669039
686120480
560290192
644281970
376246133
908813696
572148815
289179637
167048952
937869921
112228110
126449993
710676926
829627668
154620414
395763736
10229363
575423116
882052115
674304419
819584136
428704721
402066766
426755183
675478553
921161727
962900894
592299623
963803489
467924873
817613452
201052103
632692578
142180926
523106146
34436202
295558630
122505167
959432724
660119811
707041377
736247986
207910515
725332323
649593776
885506548
872283232
479331137
20925202
949934947
539436129
828179183
316397614
967383622
911513545
281839148
684361650
841149728
599531871
93681528
749712586
625483149
986776065
901556123
660030998
232876827
696450202
563135403
597637900
220498408
94324786
231951030
134290196
308876237
920949545
772181840
409073964
334814619
795821380
479384644
639725325
337008334
511761308
88655938
774409084
473018521
195421156
429589787
490234393
155158044
123004495
233778441
532576231
968944427
938597671
119692771
760312075
666249944
861331798
939569752
966589348
424645922
279603319
357970861
445094562
35484782
585697196
475369032
217974518
424982353
91609620
191150511
965510493
209360047
285870040
172483563
707205893
249803277
923252497
46622154
775102020
36986930
541279297
418687887
131890923
743976207
318392806
137674420
418547896
938021119
486396453
725390287
826311302
258185796
391583204
762229716
31984143
951346879
673877595
187526489
597454129
834011994
309412009
407650579
611556151
381420895
80775882
758818534
679640635
606487015
138995172
255311689
517205094
750105549
195428652
803981937
570175354
893385276
628769100
798717569
423316596
982560234
903544240
995317767
804903298
177056880
767760058
215443649
973826301
853849752
218867431
698072820
829166234
302125006
812478007
944551913
492019703
688846562
314029311
733161847
182810606
47103461
183580844
650202109
534332294
742688930
419298870
911813434
107108669
729502896
341636358
77641709
842075939
769112393
135875255
928211490
335267471
581568658
41369743
823274148
973077694
863040780
734245578
503120493
285394613
426107475
716229897
512810331
891579166
144302676
912840609
54019684
646073568
158330701
884481041
710002738
777397323
565080780
47133465
389052446
496580834
856606367
373631904
705283151
569380138
910317716
869021542
727134275
252676876
297426045
173030601
696742676
291331038
489559884
473469215
794461890
441371091
700070254
870801291
67154891
988692359
178010834
287370191
665176755
811847343
177627050
892569402
526194888
533929269
978240209
505761117
495224421
734587035
543362057
954299098
699189494
397391826
608584361
553073624
554007482
293199764
292435077
641246593
837800067
829057087
371206714
735776397
436413807
426382235
938242130
821485090
89594590
714089020
519062035
942070701
359909855
949604050
441923853
365748511
725748159
617078518
307204790
632914904
485463077
414825806
445781789
247432833
331546139
574943603
811121874
537420788
784863189
965930288
459622868
228775671
796576702
208289507
922851731
798349373
504891154
517550224
582939326
629487594
992012869
772368901
567065582
456916943
744495248
181877602
646700205
989225621
140400745
754424975
780339262
846884902
635515471
562811271
515432415
414806851
635175405
946951652
214014200
90041325
510868659
714507266
824402980
780228866
744588905
523870721
324191108
327614541
730072962
958048328
195122794
95370018
246179003
553139377
993430596
836636774
447193017
91533461
569473031
816469397
926768154
235011263
190370801
911285960
615362239
558248417
951242131
848364506
409141657
977853751
513420830
959350711
846228767
821671216
661306675
523207837
896432868
822324061
201714701
864967269
927168691
44850011
28480109
358126579
410643530
286300555
416026020
153927930
617885744
331337372
571989240
198224581
75268597
712816750
959569658
49188254
813628128
689687345
63902952
450032733
151826112
727542330
684607767
237663942
483843687
283117902
25742387
822953696
775211612
596871581
327574093
653546974
292119864
328278323
738742826
233520372
22535431
86552615
460030305
607876471
467253981
193809250
27071539
314824493
37962583
869213095
224254020
740693073
517736393
763977384
423866393
679425079
572946990
825394336
486108842
877015478
620359202
303382030
166619091
741778746
219370936
744294755
397841473
878462166
497767116
209305924
710941699
198259821
607458087
521712063
734597880
874042863
149782893
110618031
701967197
493610271
507695744
957742965
83844829
488102568
505916902
312826914
252500361
583084179
35406493
791273943
466231250
206721231
247693617
833822266
778834626
611933015
585911710
421571890
184786376
577711857
838036440
556633498
349002755
188307867
920344522
91960989
301122231
483706697
720389828
565196381
425474485
477945017
661194087
46527272
736679872
427614256
525824326
519381984
315583391
798512031
780516175
547561109
122513330
302152585
26808814
190357250
167943225
282709480
108555657
934547214
644215240
468021237
252023541
324214127
663741610
392008473
450173408
658774814
469270761
394803766
666687135
296621507
441637271
529270400
515077905
692137044
114001912
534709048
74088036
208759085
187892281
319880539
637965681
733153185
291291599
401611622
577681936
396535840
984158392
116444964
865904821
338304702
100198964
865812930
495511358
181849012
995120859
603585169
452828122
717905590
646446676
958775302
769955244
20086139
142785237
127269024
474425700
416210290
414327279
217256174
604662975
881431600
213216598
848170536
724206785
20442226
646592540
487274916
135448772
793779613
449581773
190873528
479354041
467895054
625784491
592946713
677015885
70411762
95876610
477184647
247442974
894611172
30659607
759557086
909810920
761524224
104426315
465240510
145333165
696783504
506019583
461009179
489875464
571989630
140622776
257283643
427074641
931121491
509735245
570089009
475707335
436956887
706128280
283892332
47278384
656670622
779508927
404890320
896463565
570957190
534687176
649747616
499854795
270091712
895321039
755675483
873198081
224625643
209586780
730211567
958853643
938165237
417382137
959439892
74906335
19389619
627971817
224091801
876724348
54507431
44486433
805140780
948581229
38554416
298618520
139621858
248960140
91126392
896467697
628923298
457773019
950496881
13673225
624797400
387493578
48593776
768422308
159637032
529923164
795142143
132320967
349733925
447316484
252557674
522002942
228482152
237790375
236753707
320020781
649304191
314239939
80710784
150036066
596210480
388129929
220387323
821032331
953057763
577427554
813024530
35333120
353837891
688602975
846779747
136737146
818173635
324821971
502432986
913196310
660322656
350816736
751429136
628106744
17870248
254566352
833030246
185417807
388939835
220989233
811435759
435191028
101048990
403695636
269827855
269774698
779471754
602902655
409027001
248221813
871969629
779369019
642396254
860099452
489185112
620392786
670618781
369717625
730072707
270839153
986096911
106707158
189692607
117317549
990535810
268033595
453614695
709442753
355416085
778321061
43229288
850846036
338807260
577886772
419470647
873043017
144080711
143025782
106397671
266565039
796784984
70661502
846590901
698535931
566159674
493492606
971325824
71072772
807793271
431687224
493506945
666512697
800310576
927981478
38070762
799349782
857429030
163980210
730041454
510296183
421303859
873589718
889728534
712470127
762909146
955664830
311688928
115985941
812318386
335398710
81807135
249897007
425412032
168018838
82765071
254283841
100930943
691810719
628461919
913887771
797741111
255678616
118069018
562330843
927388916
536614839
788149744
214381573
563775996
463566044
842725391
201330304
35036210
36668694
224016256
944948488
52474270
97492963
172926077
772998080
769022403
648728516
469356513
421435608
870637586
646681984
931606714
362254852
531019888
241699439
248252816
979029371
944708234
451128252
983219623
108112098
290748930
216588862
399228138
380992618
945170598
540689497
575812153
161517682
506099382
140847927
349648288
440880571
666572398
776132837
922228856
399527233
529980381
757478611
110682070
560244723
445795086
582481161
523730962
373661779
609755935
59307244
713045919
722143904
154189179
868132836
57518815
461105243
568444165
232207041
849470432
423079160
255503372
108005236
672142228
499218098
665373004
568705338
184796123
483747330
794354789
759363149
479817856
565356002
656557834
92298897
898956926
735102639
944198863
93398668
415333904
195363546
467166772
128835981
902390694
137591547
715456472
522436725
886067865
758400630
651020924
77296525
42714502
196999146
127930953
306315899
498121703
248584457
565340526
456423378
372269238
785319390
985931959
458574676
113529641
619316715
529154098
78356268
722509238
819909798
147601150
975360903
397529981
68446282
992123252
521521663
464801430
150041378
343396444
313050642
841562904
716783446
494830589
454784053
163985282
992949389
950450032
321217116
716575784
517477825
796717551
793343872
696633198
727702849
402163651
204938223
857350737
69246552
694357495
18002960
324013257
718850227
366182658
988271984
645689334
403541121
339074507
685203775
621108910
24633247
420680261
913243461
323097248
990956995
953787367
988912562
272518623
780278543
440987116
170307789
114655862
447467526
114410570
162400390
133758109
428451195
333989053
730451900
493734879
130662472
811515712
418132529
186704837
746711917
681599126
603946442
515307113
355996958
500929569
81938323
906109605
566929151
560407852
509336100
815612319
628615116
371287471
756338594
384982503
59870961
236899790
634432244
368788232
923970581
623175483
711130803
77794281
456207869
167887134
98535848
190650149
126950776
529481376
306391581
858306812
835718203
860025567
90967890
903381749
208787159
398606608
939140263
288998887
464720005
165489574
321183136
817518890
369339948
461007104
628353608
737121714
829376914
22161803
793755160
405236830
704510684
774386629
804774227
575230404
557136279
540851118
475978922
441963764
186863932
92426901
799721851
416244899
371008241
470734205
864207923
126467193
459222708
883327643
144316134
640953694
769284395
202962919
908624913
913339050
363013024
318903688
263850918
556321961
616861721
798167000
340783510
32709597
182803043
516270016
941076625
731362063
584670803
65152532
335045802
179551929
222400015
879338148
771430514
469253788
462766621
301008033
259680944
778972942
478146652
799198597
684346552
853634949
931277535
267147999
320570437
750916002
909441829
889326989
101157004
566346309
575182693
185224902
937892722
324567175
105883883
180398185
950606907
165554743
229432557
767801633
833332083
403221244
339131307
867099974
93960452
478079973
262396582
387923901
17833419
245554658
768226338
176839657
638734354
899001558
871405737
137063036
957234589
942502212
974665834
251067686
197731449
522748137
874046882
54781147
307749711
963228162
125534477
110008131
342683262
584471995
313475668
395808084
739485428
214244934
50397153
201263089
955880050
390548556
776400467
392063496
23292526
980789332
109078362
702209420
787998550
693272631
861504165
855844097
489032494
914435380
140208575
941942311
903071638
588165231
623852270
711701460
793942515
223262513
688664993
498077355
486438573
267056842
973236107
234724100
878604701
830629692
764498047
423359373
282174452
99160350
259871212
425615533
711763908
685382136
229612040
681033711
615275881
940006089
575218280
58750871
129485697
607796936
26305488
296242694
40719122
806339545
422716878
360598986
802491553
648215408
778557050
786076111
936827418
106528620
253202482
519488352
172064077
139622096
515561566
171640448
936371695
862223911
289225232
500064193
219758812
533915023
630904548
529482093
688413690
954078669
861932896
171170970
618959841
838299626
634804674
689978797
981330209
568560633
469605637
586370089
485373472
155322773
613457698
683027231
303307297
670293046
648117403
285455612
300582623
594949892
453863463
218820086
913527197
642186405
22990285
478569638
252377417
164216584
99608548
964615441
137398785
136917543
797441289
422750834
596187875
977987497
506072706
982582698
957974262
305049675
11677879
988668847
865420270
680054442
352180579
972491713
381736793
980801669
730327468
224723987
234154332
538845996
401911573
634533787
698414735
465901524
337210844
903979267
798158223
148928802
436753998
135975237
643689214
270390363
729126042
580745513
774548370
603150918
55114094
208032327
996228997
950275815
101241799
67054060
783446087
661304159
407480094
933692308
331642068
934016567
930045400
554402133
727440226
159631771
387783864
731328664
427510375
117097220
911917969
649982038
725850600
472763776
495263894
643828068
644404965
634541557
692005284
322304231
587596220
461286140
199150796
689367920
657980718
348736922
434620233
866479854
101115274
22022280
28354846
358605183
339467894
878436746
479810689
98110544
605462708
482946024
496884461
299735093
18148998
721718956
248267088
11051959
25480162
86698523
909052501
934557502
10146440
860419555
456190260
919279808
101049647
753314257
377741321
623184756
478390146
757658939
680897507
392737607
754245965
835813778
102425653
188984143
177707462
931834210
981504416
902806578
162519965
422290032
262723600
561825631
228041076
478973754
353862263
657647577
269266325
947716501
751688228
213767051
934882881
160555168
953602729
818402371
481291399
19501270
984591592
471209493
672418733
538120955
530198782
34393439
658252229
329624824
454456217
658616649
198961792
487221178
442556208
118226776
712152918
222056042
978309897
668959740
28952887
997666105
242401372
538157278
161696660
879918745
123962727
489187524
887260398
78553372
627116051
408262934
366625072
72947305
754108999
593652847
518705063
13590116
179284873
610110482
679191577
345413627
742605813
51074191
960457920
592567291
497861947
43390521
667743945
706698106
842119954
305168645
967420117
722435254
606003030
183083552
632056720
277412619
326228698
977368264
930417109
487643112
427265563
500284949
410012621
729124760
635016158
532687942
227162430
738768895
888529021
899418284
335037213
256109685
462819215
572208920
419761968
116948163
710158584
236262104
377844989
632065688
430013858
422270899
815838576
701716382
702755787
445833178
236933134
268500793
444518352
98845601
276795710
371123458
304092293
419300944
288924032
705077655
215419072
718472231
572809447
593953327
541529626
818675308
636723354
397572046
496767401
280961112
994410091
311739980
258357694
494283571
677965943
531243397
25623518
865666997
134509583
352386511
493455933
892008978
847771540
80378386
237390964
913683827
21171365
617008003
203947834
238827152
966070336
58755632
633982326
170071315
535151013
22443405
725948774
483835710
400235764
52702145
188825038
480945134
330614510
816303458
541288355
513053383
759701424
94309662
786506727
372456976
419743856
918393614
114459230
37910647
846756639
294899126
652320156
995629973
679530513
829825191
724096816
966238466
102955518
983499325
362464251
269829719
569785000
175146764
130386351
281467208
82030901
382594338
841824379
360607169
891123232
118654803
126368089
26884255
479539227
870143101
410285430
900347451
521746758
279630519
481529696
848363241
686665064
135056050
141645618
323616143
708632290
248844906
749319800
85977151
674322730
649275030
11419526
494330186
46253055
67782323
479614335
75221585
91039001
712751310
470237607
411703789
384607268
165299030
112919702
474740745
636261184
948415871
298144409
91817165
45189652
78222220
670357930
820304302
202193777
453346863
440729470
283056558
628882897
707959463
721712611
500612909
103004187
498051578
701000913
614735571
11792352
751181430
505435736
74420777
834502512
708723409
594592244
12175404
317449616
30104304
602751406
795720194
865563533
988308827
563870433
169965637
59613896
431392615
387861189
124345029
873939219
918104718
747099537
382311765
606624570
459059232
376739937
455990923
694348153
971253896
81213056
233274993
798726562
880251295
940726508
422009356
377068185
879681798
963356211
342561589
73637437
255508174
694180877
349433717
33119142
255943745
326864147
13168211
247085609
119842252
590969803
770360580
986176080
296959913
538954208
521898124
745089967
56188988
286325688
388960321
159320526
456024643
623744953
450588391
438964518
101888270
158621380
814813450
319055108
637368582
637638467
878101345
647088439
524121406
486772094
217206704
708860293
488848165
14373519
164651584
345202441
858067900
806550913
393092293
617600280
401986519
178148288
110320914
740947363
211643465
157184477
754250702
794915686
901189552
938998142
780197745
157603550
351267812
840160793
575156470
698188718
300658553
684331759
35004556
818179860
169030232
544248079
276124291
889231372
583213816
900803586
897047594
286222026
163456618
872623877
912464420
26399854
232936797
203584559
813793778
307787359
525395844
745296107
903148789
919264999
508928640
759755751
303598494
152684529
430476519
935205130
821431990
422057277
741168434
84214263
25272060
180187513
612786404
145264847
838890333
174321717
45586409
646457642
267524883
616084807
450248873
421091648
194067857
535148812
656946696
431499740
407087118
189744908
265788851
839028527
512896393
600104517
404423899
799055789
135661233
66975280
292158380
733898782
104562587
146871193
99548272
471725332
965202759
109144316
630999799
441374623
653912714
139796437
282920555
503691124
211781434
993834357
219026451
373315188
979309697
703446381
591960155
856054680
17020495
52184520
418485532
753646980
994094207
459791175
977265287
93605503
353978378
375419611
989557587
178386521
348108861
104814690
17642982
120388750
220730265
762907378
455055108
749469280
133932839
249181605
284317881
593756601
332488488
576825655
464013480
437771861
101213253
447145960
89010888
230206718
747952999
448449006
170518394
737312526
558970037
189977268
92520901
555876761
756839186
506792185
808365344
470119489
394718436
663341912
104633004
849031886
314005271
262708166
970496278
923615399
558320932
81588726
947105167
977051030
478798464
758460989
854925570
587887410
917897586
136116536
836670603
226224457
413509705
683329395
676438182
487911218
305278640
950368098
389271078
771331110
102505481
225978851
976098070
547100495
652006322
247148071
270414167
906635659
447189715
187005454
155044745
374369726
659134067
298806065
752893368
399449086
695105448
350927370
975295958
292017940
223802448
183730913
350938178
726059907
451369321
818390475
666251013
234651604
151285678
301530837
135553900
714181063
409488295
223423491
56130046
44422329
831573375
272167368
726530589
110727287
820227137
981432813
222575352
356599969
980365450
52216556
467755069
383244467
93404255
118220744
802419247
813224259
602581846
836569905
808624795
260832659
540785018
867886626
333648853
583616664
790121187
266416685
970627410
395157685
930281247
893134042
585655442
642986348
878382832
681715956
709212379
667585722
96937503
737360370
230435453
156880787
673204328
236869297
554614028
142945907
411240061
303273090
381551555
580616291
246550844
13219291
965624539
97972655
921406818
828026901
975525446
409432001
727070169
325970737
699895946
906519927
284898951
899417474
972000061
850157262
229684986
737748372
336497487
769481013
681779742
716098193
53410898
911673799
556721277
874086635
523506806
684817510
542342624
630316762
340486053
767016899
539936654
11510423
355549312
721204640
848990176
56902524
47784479
273313207
580742060
738480297
180748386
390306325
246044379
755364151
174606748
20424714
685462561
375769312
268355648
589285790
907302826
925895786
206186339
924740727
92805005
315565305
355422631
566183258
543878007
980902568
448730806
872783203
630908880
329210481
172056795
724079101
92059358
619825623
262192240
665668973
397488088
607328118
780250450
10685105
284414149
56297125
593683377
434073592
491761868
174354018
571840608
483082737
961973254
386015197
893797619
531243472
874549539
184053839
286433310
907671461
234298915
804322862
992309707
293257327
47154632
929228871
105139378
361011690
616198974
824632253
871595717
237061355
617374814
507357078
164796891
613807587
150113524
370579279
870999584
879491973
583757876
317793799
430907766
382872052
116214739
151926519
366098694
678308493
265574755
78339865
258194190
921667788
980656866
138599391
492646877
961904276
164822310
108139161
507762044
188883233
582990496
115179788
99941170
769362448
728645983
961165526
809108980
715077857
773579725
946944559
649314505
232019441
376794453
550018407
417475213
392510898
203504582
522455864
254265846
688811578
392166409
165363867
931099106
433041528
786341140
683458436
377011358
264286901
130372552
825651175
422069783
604709516
811139801
18558014
651868739
172249025
467910927
363558738
150817209
983331951
309131184
766056619
500089971
198123409
660893707
404134947
951151372
406377714
16518962
692563702
325990775
440876530
414353643
897475014
792300707
806992062
589493109
520474878
431048933
919852859
977604337
543863292
847117054
906619501
756261986
978173760
715009939
984284364
810494984
244817911
441788291
965522124
963620650
766419827
304042619
900715569
387237110
768183480
991355725
766402816
191961313
170665337
326054255
477365441
939803882
339824181
529436514
663041949
143454508
135918888
450722272
790526953
938261378
976432318
982653835
31451949
952016311
373412522
932385005
251365266
19061601
892255582
107652137
681361428
316551942
990015724
590290880
165086835
416528136
234313061
398905004
492784888
52051095
468797960
791329199
584055670
673639945
908723851
838611954
371954993
958481193
253088184
101684806
247757063
224652099
602276697
68400193
660573936
487386039
653905493
106945468
426104460
948725974
741922666
16669240
171025395
465940222
155803083
542732475
390338172
974332957
371549111
854776346
524692257
598379457
628905497
401469144
323129131
201840814
757542289
860098428
14325268
757194533
997496202
802944599
227630069
962071364
360145449
829431038
932507848
582377504
572757774
905232389
54044104
831728520
109921905
563878933
752574254
753240568
191136012
306975973
62624938
630675915
216636366
418999185
898359775
981643198
667470112
845205573
459908877
795840706
987879991
452606475
790516838
64225918
449926227
445455103
141704905
872651852
800533815
442485859
844366318
418036952
906433316
288763813
866219487
861557251
37702484
479916318
63897549
526525628
509594736
435686270
664823020
793720378
628111403
863966266
359338659
41541919
956719140
913140119
240709514
316069082
986039823
654279037
97103905
398399802
269477565
257134869
838608590
745002298
614517329
232923224
375482800
317176586
960556799
223375505
778397227
437842980
370513353
912904758
604526476
799710471
413866767
465057854
264701151
942582699
582894106
73026942
117980727
864117882
868509773
193639451
840831184
118135994
146420114
189395761
521368840
288917061
856817422
757437043
712004814
962487927
913367330
165603410
493470923
402883226
687148258
932816270
766053951
987499763
409624324
799708593
490730565
753656899
876434242
806835318
545400787
316544304
936339683
754751651
156921797
723516625
548392178
895377987
387439560
98634450
83346802
136615948
524866459
964896880
390771983
843774971
389270572
556613195
104909773
291256591
361184980
999445657
486667445
247739359
75930828
359611405
568217529
230154596
734317447
461183279
348050766
523758829
224899838
805930452
831047793
538890788
238194504
564229427
328158551
802681563
46122537
995957166
422256424
655103131
695107045
755769085
598409231
95504018
706498265
657009615
699090798
463759785
958293562
119298929
646503512
599926007
732789409
54382490
707582229
230841362
745615913
451921211
504687083
971027947
352639155
539502363
487498671
34223234
715272478
18378705
20039263
27672761
264549720
387129467
517343497
465543396
483386565
412388722
703941304
736742536
967869979
812658952
593444440
106808858
222046312
65962789
651827182
943936833
897742687
624221418
820276724
96186638
288569950
108721984
854074414
576713969
867596171
154272379
161682060
801832818
252296242
301827149
697158139
187924336
693797282
39860910
339448265
690660429
63520980
616731608
886292764
236618630
214562500
698005911
379359861
357766464
125087549
294949592
745446359
737496916
32752337
18242839
459481043
836989607
328716121
783551949
470754812
219603703
207778953
46688215
310512565
764238493
340884734
624979249
697121955
241244386
573243266
759678061
582827979
705922564
254067254
662190967
156720732
29253146
216714057
18631891
802854721
548935093
777853817
125691874
969332569
178144597
774137945
235057927
523184525
380016458
475705084
182785668
942979411
716194983
553211294
934126479
938444452
579531389
210260051
597448144
325132093
891620143
404506576
792239165
829161190
415097811
961052694
381537052
25367906
988142148
833474934
913268376
782335438
472350886
328038706
892906107
559215836
186605775
509101320
48244960
555711380
749761016
532830464
404754218
566819417
991680059
342449319
163291501
618359232
147239079
333437811
269869337
510038155
379934738
236083396
577843885
30941631
673964013
546722436
191622631
204929314
226249631
447368481
510985135
286213642
563218320
738970988
163468705
997284825
661312378
439602585
353256541
134639542
820790147
469606609
338383017
220074176
889590353
717064712
541173304
740744377
796974899
933365239
74246785
530704177
26859528
529069142
341329569
163460301
293817959
188967100
223089429
865122639
225047700
945557393
24288959
927356562
153162304
331975353
566609993
463563584
113405523
237099757
942801301
745281380
724555271
966142693
83403583
110678990
633557383
716606316
818914438
292260879
108625690
152632649
95160807
691802525
605863830
511089322
701512701
78813374
157214294
832981406
699746181
598370972
410214995
361077641
949795185
501718287
36738999
348500067
219055535
272713638
805916184
986515418
478318235
535866550
93083170
14279927
196993541
91969287
502068541
592608402
574023255
93527320
436856587
324680242
82966400
219937702
407735913
281946999
309818974
791165814
518834765
657730963
70507861
55264473
752229159
286752049
298176341
858348566
269001319
317492002
33004446
585890974
380346700
852751972
855045347
214896377
206007054
716386854
659675585
331079137
26564977
340133973
82128836
534122358
138786505
688508520
278402254
260338412
589023014
219665237
435530343
56753755
833472618
921436417
183631555
966503474
706057351
144501224
738179858
535480288
449309494
245541859
345682546
213058806
290951492
694964924
727988929
434299366
542920773
173809447
412063110
687770359
421884782
281372767
822307670
755913929
100889556
411028114
161667829
711621680
808661581
244071882
343997132
210759767
269003620
28019602
555275786
478135353
275269072
561889237
716813484
716586448
230326002
177286530
449824255
489490412
106444485
144687891
774729368
300378092
70174358
376359349
328746864
28135353
266364638
331805139
671354910
524067221
854653447
460772011
58714419
876659666
879973925
198384230
959989824
630998934
698447125
754097418
882765154
345544156
585114739
382217156
756472374
583254711
507456069
600653254
754927498
636331337
768541867
155143690
597986843
20141668
953214853
25372661
49350960
516389365
183276466
539622872
59586874
124189990
942254715
77486189
535196000
268308849
540429842
529050708
215977550
78387120
766990998
84130915
802129903
722622137
659328060
80890856
245260460
370130618
835714628
329696913
309690391
357841307
906949483
766426568
136159832
659303250
116635834
341614292
405177638
214816401
720408637
195989740
10479724
877860352
358796416
571114009
411024175
642317230
336425324
206087754
14311496
362280222
500923507
296901946
638786437
97077202
402783736
663076600
45890592
578194517
801108979
898180395
243859532
633647194
356371495
924749488
626471000
977397285
923038757
943318210
190948321
884358889
508839908
358795301
974526158
136960356
999365250
938470191
696987378
150987586
990225113
922954437
568600295
191573598
475758209
646257901
187290095
113373738
897280987
390454093
842126852
258615371
984493360
318783277
764097201
854167295
328360937
199582979
878893643
882419511
304561286
795287783
679696347
715421139
617146864
643662596
776766499
757786107
828155255
144090320
15075995
707882351
364156334
589348599
937189682
568315515
579746463
306792242
281559883
466623005
288163909
672109749
775706095
834105829
660672344
563663948
331588535
16605203
915456291
290442730
467733617
801920079
903588606
113299561
943689789
384044112
405612043
748738407
269960753
979089772
944132752
197784231
505117972
169581427
312738882
732936824
922717285
402866768
926445716
150953867
390303014
391409235
18115463
203046639
640038034
327510359
370932958
786823291
545348197
196285165
352212055
286540397
209188119
313795071
657923951
509145208
78813322
934998440
850769926
159418502
780349610
249875341
519912267
51500922
61192578
932364352
312910236
161457218
203405076
816004715
129371735
875572687
37879514
866395000
203138676
552240050
121282027
39896868
988527741
447120169
772680823
915586297
106515411
456828499
884778185
686602412
663309134
470526653
724467242
320136595
579231801
648294654
410765333
586381344
96659965
308973506
470271296
89681011
241028031
410976702
160691255
399842094
753624618
610807450
695116454
934757223
646566302
187018690
307424686
582880420
875995327
454412163
711495761
156937025
53860508
678930901
416767543
899569798
386714480
558680540
783958153
512952497
870906464
343047798
883262914
625244129
283241248
564482701
73875455
634542019
176293146
156218246
743583088
360457092
45609368
383883370
651077970
690702862
594625580
917317437
974982882
236911299
409696993
202914626
985275703
865698778
412184834
756902059
577920030
608820653
531417031
283339303
952775180
314069068
969398169
815121168
110332910
458138552
269026320
279126486
569759176
173382096
91218104
695526154
167739020
983146276
355411518
761112811
70145574
148232668
225585205
889808072
192867706
319224827
254286825
979663965
83482092
962338068
114350383
558853398
311230231
269219546
906600851
806082758
662827864
339224295
151125945
640471710
38033217
983089069
226356058
743619182
285211054
495949172
16131569
342674949
952097160
833608708
938911872
644834774
25764532
982161073
756502425
694456970
285639891
411043017
528513973
353398216
208932768
729403240
626105422
587710760
360296763
794922832
96442625
760066929
993986519
14069327
450741509
707487331
457757510
782297891
87440628
276048297
639891743
13227278
296204573
107147910
41575729
345082454
885374588
962299650
906730502
807686077
233188440
428168393
670299753
371581783
102803848
470614202
878028646
38443275
124209347
742820016
539653590
169018521
566442108
503040129
888194250
47426231
64091342
493528266
27662778
569364144
208240489
876669569
960417753
745404330
490276984
679730266
567965232
841809203
595309372
410834622
922697110
325850934
987420907
495594466
77564749
574938915
566511872
21205168
657029043
150067781
529184096
638507814
172557270
742554928
130160994
428378863
280734244
329716689
476901752
962057851
952048836
78471497
654534968
131788035
468041025
388147219
722448108
378397921
202101801
883600861
275274749
166335582
931396347
74129072
52928167
870497712
274446746
940899068
327406223
775624583
938607233
594827292
438468162
352337218
127049456
299144735
117463120
54608487
176081759
136723151
493663092
969328622
378153323
638197947
268883091
774754720
949351714
842413633
808844023
181589789
426045338
407668344
843392772
934957449
130932318
599146156
911730674
206779430
728229457
660220186
901938665
187092797
839888905
729849615
462175979
638630156
865704578
513168113
653142009
11770486
136322344
937358058
122060473
172696498
600732729
448354202
897178394
375486361
403830767
272508214
732714721
169085222
224773121
915692330
367646495
868824773
528281348
288467500
958571119
306991097
669724777
874055244
319935546
426235096
561958367
722322580
314380641
880752898
53396119
772556722
811647043
43270614
302228201
471557636
372950575
19724129
801770423
348118689
652116831
150186653
950079641
200636256
661085183
277005969
361939764
544062229
485386987
708710748
756982943
811849473
510497926
862702180
535218459
945626920
150439626
586614610
231755682
355942623
632177219
755110336
219013013
798073175
213084989
570796957
912831537
249933277
226721075
377139034
248921423
54947098
620251899
132459217
543809269
688926327
941521868
783397879
414160240
139229655
648562320
651995847
148301975
286420813
321567891
966390939
521271088
297788006
403456844
605509863
526935315
172408094
901808662
867412066
334485610
109323768
569275480
954035070
256469491
553177142
274683247
970866906
107104115
215404880
55804048
998022839
545565222
911580782
202406091
587352892
575011906
766192237
234161520
451980355
604649285
873557487
230289311
879134465
810790425
834713550
67762260
498793161
40006157
408400945
651506692
159746452
769438044
574615166
702908245
652582590
844407806
894047195
822631201
409491035
830145823
82789102
891318359
516325814
959699732
102131796
836568862
899471574
669091265
651983146
724517853
606731312
972667973
26663082
622160829
762237525
205676656
274049728
921498978
119245255
664105366
79731637
982792536
36958204
139413741
40932812
701322885
591283450
766741700
206219204
391553968
147908598
410575127
57182803
521928084
692503205
851404301
625340357
21643617
144224702
275282792
753528990
555853026
778253219
593109802
565603268
683110430
671584712
756968307
279632311
63310813
198029528
313506876
354272821
690973737
465026047
191675651
369851229
365862272
84018418
794011808
163710476
565617879
423626081
218397041
692833709
403140035
303364095
612129243
406098998
123551096
152944081
917336271
98600377
340970291
504435252
192260814
392744160
236178903
143610851
404385614
389701514
388293214
630391881
273900605
586168506
875637557
742675409
692210865
627463989
432332140
906339883
579691955
28317144
535350703
577741524
742656119
731068956
929581296
234434631
970074702
787971413
500473358
597625964
709133018
840323376
429118428
186695850
535648880
612571733
622820225
342982913
214943900
436709415
811898119
543302994
595896001
421345032
334286044
807898031
916794863
588820066
607401738
253143641
787049209
356722195
953387742
665057625
208797509
565488842
465558369
261062966
484428371
804483115
745792235
505653586
389294409
125323525
34546820
710133613
267650960
930072356
713673648
906077167
494830532
546882156
541314437
381278781
638241911
470437220
183582763
402258893
996794867
625853529
703891370
72368036
139673713
433444749
824676303
658501212
15870065
677125627
709388426
956085182
973628662
653829401
959977975
726053545
718050272
824625561
399308404
411939832
815671739
92215103
823266733
76509342
376235463
134511028
331003135
884407535
353491322
657183825
812967794
782262311
230165398
424106878
235956129
739628810
556708971
877601656
219055185
179414165
156191846
589792097
775128375
313005371
71986282
715740983
38417147
90250124
935102006
631709352
43900486
592705685
527381148
307372649
348993614
642065407
584941129
757387013
887445901
703895422
729698700
35339207
983939484
277199315
272285572
290184368
869766830
285221264
914843979
243714691
724537828
287519669
321151189
664605491
374483531
287046131
217986931
561667409
588388277
945150613
757005592
244985876
386233140
374605051
860009101
953954798
824897841
171237604
677780716
904310616
262597004
575722102
335634914
121731313
487473468
97505639
994141059
355157215
652279212
305703928
827471444
758647664
431243822
854969256
521267303
279752118
771597489
280640995
678041528
437092079
868983701
543302961
600075150
411561946
748502039
831370655
264606719
587859285
989559356
794195914
128894680
876193246
613858207
913172181
884135373
91729671
236684998
792112082
715236095
659582342
469447200
282083061
253135003
514057434
91724438
511056798
739478202
847314515
897351100
244607005
759854584
168876123
267761197
57405428
663808485
606786674
642647171
968222996
831910205
115460379
586262505
687653369
772053978
420042410
112464223
55932646
701514247
234345020
122984714
910633562
988768803
364002151
532932404
241726759
712858109
910175089
615086857
125245567
753781299
14866916
239897056
856200327
213743316
509021067
467228056
19322229
468702545
225524590
755206829
349825225
285358285
706187809
403141289
800311956
627645923
345217546
375219496
182003208
920288426
782436124
114216709
202089732
959193494
550651210
948047257
390664402
473663997
312830796
707220281
645247366
293434408
897156659
833994216
812331657
510318469
217695085
745184529
487969608
234970767
538240510
810217464
461448421
909205082
619523289
426597544
860922740
520001080
253646318
384381184
211130588
292409487
877532036
140842408
437592027
823605177
284251541
74037537
374607985
162935851
692472292
289177007
360378529
762331523
909933218
341348937
527950534
345611651
231252320
482280660
690493861
535146649
619504892
505546578
30574464
342997843
226321013
990719182
893438065
359183033
968516119
930704124
139405048
197986956
724891046
679450680
690586825
95325277
147339176
256122411
99894610
727876033
124107094
611110349
670587020
643289590
759987560
667669208
251318822
32174386
215234519
882874704
455387649
50216670
693745652
464337456
11227253
618536581
685267978
418530370
277258869
800446039
870360257
197300114
13313360
242590101
633760624
27249119
584637554
839391832
736103291
466090460
929172810
853166751
975301498
725465175
56806364
174057540
548245112
654515532
905777176
840172394
162754838
597881027
534774552
268827189
782536940
709502675
654536969
12833976
14278413
453111325
867757711
786025589
638150726
138405809
181329963
117252029
644677204
116922062
221095766
61340899
276482015
524214066
22354598
319742300
824822929
501684585
911561010
994110604
890897783
683916564
225322268
707035165
373920252
220674769
176379515
11253625
223867185
542537991
357179266
922576435
136564872
58937457
233475347
60531936
712276734
535907058
695717569
435444110
579076862
800033868
286010281
702081171
843274968
396411471
886344948
818503195
263923103
789294533
925195101
354200141
202845918
953182160
993980663
513268032
90692763
673061985
864629907
213416426
138017949
210269809
675917521
848921406
248837495
473466281
389211090
493969108
596743112
787495264
296225828
373684251
475639231
813356306
203442589
612404641
918020645
283125389
665060717
343144378
344279550
177783675
573394419
936956402
685371051
292532619
530903549
951935735
539167369
622316583
180643905
136831198
953810213
804153081
113824131
870487166
79277675
152207248
138872575
241789932
29391709
996817198
137693425
710591770
62310630
757379808
479990895
900658301
120336921
598890150
19140744
686182855
612984884
852723094
89484594
146717952
292035504
645568940
688801674
720464362
134018320
440358383
367886442
824422816
732394536
375577590
743472867
280730848
450733091
302333694
227523048
245072204
438155072
677731185
446036932
315365683
899822043
357386450
477314962
371752413
177261984
462458086
106452024
594021335
364955586
693432692
222045355
568920426
94992781
236282799
596935431
825378692
66223343
329538715
624843749
883444061
873786955
213560210
206741236
443343712
577938668
836708191
119969153
748336295
559707537
902137771
336952508
810971810
543133885
917576614
541264837
828512916
473620427
105956609
258155826
525046686
155920111
421197512
278824852
267328560
604025902
474537162
403837703
658476374
539090814
627869562
470679375
865100693
456569012
234141513
140515463
837494258
351454816
779073094
956680674
873250794
567953818
871970257
18152975
967258132
499362088
644483864
461072909
859225416
37054193
553907686
250484517
517166976
225362293
765714573
824513932
774135830
510785443
398058689
673858758
771114346
421910308
262403808
259710258
606568213
331712946
345104036
988012631
909907350
753533371
651368629
391118123
360301967
159414696
736767226
450240254
681375622
889280653
809647499
652200604
799147235
457859425
520674089
410340719
196762388
983906517
32374607
197236663
680382109
702056386
801050125
101709081
520865471
452755992
657518895
639175812
931312861
423065584
587380154
14167151
237886412
78539280
949134699
714989942
797569073
454078901
722971430
977383803
126601681
944737268
603567011
522511794
899313034
729279223
907808841
126909115
119648949
247604662
430843975
626851579
716272200
587332080
726454363
65458822
757456272
654525443
425775459
442596488
99813928
753121581
147989019
398368532
792208438
948019771
78471154
435397006
987382215
36215780
377948262
766186066
744722858
593617289
497230733
231040095
844113387
415796524
697136493
772652178
627076480
799324856
655551696
607711585
262664653
214744402
399279795
767933780
322126599
89339669
815712742
957089263
516897654
805976567
195319367
488210946
192809159
629912878
636175315
102626286
124062372
578808800
449201443
715207849
568464599
777054501
781472790
360975119
270041299
192698321
413309100
534289249
862388289
535430041
994082452
337449626
521403586
617782783
403641272
758544189
303972442
759970010
270044795
430133802
311411941
992427729
29301656
346965074
679071151
388334978
405933757
574626357
682978046
855245007
410386675
383893626
694234484
477628248
284289617
803754233
623253080
335744042
745181243
399670783
992266227
771961895
464462375
545912608
327989011
882259130
813329668
979183159
295397473
332235375
581579660
152741398
59476849
25694529
857781705
736398294
429205372
926799229
259092360
507935951
950469721
318898850
605895846
454362321
769216965
513030797
482884298
666489063
901676571
426995747
724648744
204236412
336653923
291939999
477630940
758512947
576331776
592460203
704540937
209570904
239260061
368011712
962838475
186594460
374869697
399165193
789909384
586255714
203168953
850626797
949042656
733994281
819184427
956254167
786510859
953306708
740329954
869218372
442479870
836333440
219402924
918091848
875055118
127177052
552476243
113406698
219039088
779863571
368743718
590094412
755332776
897412030
885415087
127400908
886310084
194612382
600955475
253456604
261216951
48887244
126524658
904766859
429082938
913634480
746856413
114259004
931051181
967880588
351126403
361108379
568677283
551223713
814275267
686337554
543026147
246350038
528258973
482568520
75086194
30559844
878895960
396300149
982678098
354322516
292027754
916610206
718882389
15199618
899801769
804318828
709564123
910162722
412635854
741468120
792644141
580460870
544666272
536032401
564896366
266631829
30469484
301102827
535694226
817215271
508260644
652810661
313104588
593707042
950201808
893809010
673605603
312698961
595922403
659312078
680765857
284338170
127512063
745718624
923668405
27416396
421400545
769208262
89529783
45384142
518753820
221763869
66426932
894010532
201967558
781623996
685997276
542608482
898453320
328991899
888538526
563666576
160622787
67716039
713348960
598183106
379455770
69670814
324576033
319398368
519000583
290361409
722384064
841102868
619157909
324474486
79417912
265827186
971255907
491239009
184935645
131724339
945496582
78996732
864134579
507834705
717833083
675875984
198609803
29181632
586921955
679199013
992837873
824002804
678840691
316944869
371673526
235987685
684752578
179979539
72957085
178441202
256881798
254966328
832773020
400982293
977372031
345034472
384490298
585581400
482372695
358496995
869737211
251179235
619026225
848817298
932736918
96318173
445944067
506905270
916763583
935353721
824992830
252753699
109563325
645005962
791964389
788926629
179331364
88283282
403333441
977596512
501781445
248154844
297742120
359803338
120469078
243992761
684227551
762897763
954493149
744856372
126899934
956372276
397669391
847881096
664114285
867087086
372137090
290886394
332614354
410916158
142412058
486725099
821514886
559256122
426114226
180013158
780997822
30903714
173348602
699902549
914974979
824992695
137724812
804376312
137889045
437287499
205177316
977534287
368800730
580543405
472426178
154790826
526436216
926496606
237598904
477258065
132001120
69921184
23907509
842381772
623505209
961182117
446891913
307118617
783072798
537332062
21256652
223329890
446455920
825349047
840273262
939438924
800765220
127569247
868425585
230115278
672340627
196820824
336193043
120592257
947985515
296160091
943260463
412652144
171876101
769103626
466187744
349745993
573035886
342284973
771727961
931636388
153243494
921768289
50084920
241977142
31010491
104277292
594260086
137251216
649184376
492754050
173644386
473297538
328658351
84003064
387929387
299281092
288134312
146174056
943137187
388599330
884005758
974152190
25991856
16327918
304366692
55483132
18821189
675430642
163105327
502305372
951888220
650021782
864517719
729264185
166211661
707373573
335902624
554110350
832878133
190321896
724313212
268833543
991985302
320602821
406001726
596697522
808432398
526860323
264201279
967162389
371642348
267208493
376089271
63315235
62543531
558260246
256841744
735825168
767274617
212207984
695550445
151133721
983318776
755893237
445561258
189688985
858173530
105263450
32325230
666674524
197607827
80893535
438777219
481690976
568596489
461479877
262090633
767858244
337350117
906678217
497286548
919693753
316206277
699013568
821158703
452775473
662717401
810031718
736564816
919116578
337032937
111743278
659984367
468252442
431966290
250441383
905146182
351192338
659354300
109115099
900144285
638547272
990733301
810031105
196223710
847962415
484971123
576413326
647474458
799107643
623554869
263620399
353167542
660159338
959329931
59384706
909413976
176485550
953435745
406780311
272030413
237137344
16196521
442017936
834204758
23206731
806930545
834325520
466630443
166524568
295469317
125601048
987226451
69178090
130062031
193206765
180421132
574468948
444362528
672207696
402779322
141154714
429659824
467000312
963831440
475270230
447104384
795075767
678071702
155721320
31180071
118980862
278929464
708411417
401636043
769638048
955775996
659222897
105542292
520340398
149285508
870445166
545330072
507002045
952300408
528185290
442231196
417696380
272230429
218337367
19825927
24045606
975472931
351797167
43467106
33195386
892447554
638485429
801941656
180844351
866987014
75850644
190337180
126939741
660110315
489004312
811879461
820308816
243711536
846028539
554639680
294619286
42680401
979182729
506624001
235023578
771410654
444367663
742354397
226788450
303139184
632120320
683248321
148133345
377609701
236440429
556225672
739532290
339014567
498819052
584005673
364915931
722009359
405188531
167671993
463737205
561916471
652263935
158844480
869310919
482841889
867034634
407981938
261576784
169634964
844890900
275974389
951992190
828171137
945291862
578927356
64825562
830397219
296389930
479323186
540121747
423795072
170186829
950538990
598737074
85813849
544236333
292290262
863301555
154822411
852893354
717819708
714785783
87763782
866538287
901090203
229739834
886267597
853960031
166435582
746573634
545313134
187114371
511775914
659524297
56397444
773077260
835135717
395666688
731984576
106361954
639559805
262547508
52669754
978442937
370597381
579213140
715111134
863517480
460140015
576531269
199316648
849447190
379564187
90173652
308754083
252623998
223415113
199043415
632926776
386703545
141289124
581108118
561482954
968348114
578151733
706088521
212152358
538107775
421449534
402123115
565316688
875738472
113523513
42089394
627638345
711754804
714915217
325520622
178801531
471064506
21869751
466383604
30612654
621817107
813794945
424898065
396636418
392040297
178588482
669582310
569949765
636337266
385144566
913125944
205638143
692106082
61879866
790262150
517079899
899442782
182938016
714723852
938825512
695198877
260062671
892818398
756220905
249349767
46890827
345368199
489767783
971272211
189764990
546424885
856918015
450169833
495256055
56339866
131492298
393805727
522681711
571187230
500745943
661505410
817482968
878883548
612766201
772069623
424205018
252472999
68387844
278185099
798705125
540213896
60022344
729898881
115060715
697170018
137401362
705944536
636285696
622121563
669913904
538058009
224487467
36803571
392648423
175535095
895862349
939897458
457332328
679715388
369200207
295702413
812205518
379985896
679156716
26153721
963949922
800608450
524305630
186484648
964148632
160550073
739372905
975645579
92781323
895058189
827488284
457746303
75230411
279214198
713734928
33684480
58007595
771381988
366080957
330333235
700223847
25491035
37618549
600568025
541499942
583043040
141555247
219901920
272644947
264272998
585278335
498049720
167804535
173304338
731444336
139186741
701538521
730195099
339668424
964851615
143487366
927212352
358765687
75942756
565321492
146597298
226313395
251575943
857241985
217693520
443631405
279623740
195355705
837909332
526813547
674228677
175109911
189263000
907782930
318585763
92802461
32964764
578300586
821132873
827496358
266713904
459721343
533102493
390980231
157729377
935314504
659626758
602411383
110204680
505830898
941439878
844768222
852764405
665121156
309369653
237700973
482083027
617069981
944502684
556694916
76422202
533880687
620178181
924627466
426970822
131994098
204623715
490264650
525457178
26826869
190830490
182044520
677741851
18535255
869221144
774477747
468657883
526881500
907489677
264484117
689835417
759861776
239538710
534064864
178206444
226871252
161919128
827878671
763954896
466944276
788534169
844634747
548719823
391569520
359044419
818714324
98288017
189408454
383939571
987624440
802731847
776960356
268000339
164808612
299501924
75583849
249650903
612900393
724676049
696233008
932014490
745844205
997520145
849030920
563301718
970460509
910158063
942000420
33172108
227130351
432287297
919904787
42706144
912398224
417706215
908888299
673987328
605691301
833677893
691909296
797458197
70945681
856138510
983644730
129357703
315182097
510994336
757174790
305931275
994002278
580964150
304190115
681830555
753283267
320968221
181497249
315833992
553091985
669072651
270391792
507623212
174402624
186200075
845303074
121823086
130290768
729903655
795501189
772693343
656773124
723620440
730169475
19924330
620608781
35579467
483297211
794357491
541922394
895689205
72559916
43821763
739986442
781095106
847204432
174329689
139775379
109650311
886373796
792492224
506960656
390690382
402808353
253742820
732496923
281669925
322774012
855564417
746775612
859903430
543454074
941166967
483226585
610437549
753649532
514045611
532139721
423964175
917303192
132248678
47341556
364994508
824086946
560704595
876591942
795516139
388222888
751751003
955768887
721837561
440771066
179388620
322466228
65204337
435730218
10558853
702756358
766989369
819741355
782558237
258669733
549460409
524905810
217402862
837603752
857025738
547217611
241974508
368105200
619381815
268704732
869335526
83199010
263407060
164403925
273317160
141149588
809138227
22894583
942317994
483442235
667337319
740747974
745978949
607494542
256301232
502244196
582295867
624237732
226986208
793008962
721699103
639586862
922846075
873807308
59507209
926005033
929017322
955691498
742198541
478991213
976132425
548529346
400265277
740389276
219004384
217830250
298252199
810880550
77673676
106555338
45487850
126299278
438474293
532190850
824303898
332190348
760501243
704446633
461916173
335106290
185628581
77181965
457463223
254610996
733494535
528513075
615582883
135158977
930612990
164832561
128075743
182402644
120290689
74901127
609057930
316225162
56745182
848791863
761499695
188487877
53602887
178053867
546008791
600418659
997247804
159211820
558966086
330295023
194387244
958755735
434951590
591125089
394490034
416591845
519847723
264429162
316374628
744876971
968431802
752272766
763345351
814261065
979867979
954624220
223305895
869232642
240193448
323840571
635254182
708051762
349347018
705877031
346382094
528221520
721474246
140998620
73286332
678575126
645919720
911572912
611696723
290915769
539261910
956684277
307313914
727994981
555963329
506342547
661413379
308246392
150542395
181209066
581352837
133877426
926526809
351496591
51045542
87060561
656671086
309202805
224101792
749635944
469943871
624480542
247262157
463824445
904486947
328118869
711544286
243187375
85584717
418287170
394128849
270371454
174697952
252503390
431546932
561002769
268304510
803364063
683404907
572295500
685705554
481056516
260729959
60928216
336442572
568783039
465454419
456646300
290173860
389683854
653557892
841224956
257402595
242654435
603744355
736643629
502311626
87343759
482689482
549606316
56625899
116962404
756896308
850418914
462530761
409764947
856095190
139395858
747387816
782681705
906946555
318574816
96749657
173132768
433214480
411918572
301367368
247447299
740253344
427498714
291428242
317012858
335315315
346968535
222781394
231804257
247910980
932328460
766975599
126559792
817161968
175871980
119687256
248080358
509637860
467313527
608547419
131237959
884292388
945345164
267267303
96774081
671836220
461495594
556975267
103931191
941424802
667061577
708699213
278979030
333674563
140746694
681193734
538194327
655041767
66206989
94794061
525811613
859614987
492607637
963772452
761227228
48281249
564203009
142561026
747966774
766511562
306689542
973174638
64954074
105590625
583711263
985467364
59654592
63893990
781212433
779726774
229873157
761758290
961922235
902436949
681814334
91322252
677730415
816768962
813867931
527469631
593407508
719299317
764705727
264782524
451249721
833645006
838079806
224158164
440851071
420582703
641931196
404475727
416543218
805244642
40432045
955160029
164396528
276468068
509923378
825778530
828029259
884981443
603531811
190572751
792869718
25098599
135916089
120174811
930181082
416638739
912229439
785255859
59262046
535614050
685702866
442415709
453821292
165980479
864530298
903731044
904335053
648267181
171708819
950026757
622719434
172881331
524334223
621672340
654386699
216698948
753658739
911205334
349669184
925789004
551794899
462046057
790669141
889822799
879297407
643109543
305037922
589370674
598777933
317917147
576208704
295662435
258562613
765668831
504416995
235863070
752433387
609751180
596436706
497953358
701803167
256308673
153595229
274319815
802012975
162804689
154243264
684842374
809827388
427616142
430001053
398782679
887917172
838992416
521703621
561384801
838589154
336274901
118489767
620904459
262969501
216970013
405252314
326998153
338000284
34786299
401129545
510275463
822036346
532825100
131222702
149168006
329962949
758588057
417799979
307807844
141678114
302053236
839489399
971593453
624832297
439281622
598018086
68275177
843316118
839636129
74472052
268029424
813858481
526078619
134127106
742681795
128516108
347649003
238827294
223358628
552052119
506302854
497775909
573902819
850318696
371727458
291718471
465926847
487507821
907462758
216509788
417145218
729186631
912387359
377659932
409483322
801768013
258660443
869183366
103714374
373710878
988752439
980499690
939679537
703355772
800325666
960329318
86953535
934227161
416904408
955958371
158141824
620175397
899361848
322952807
601351648
537968025
807068936
566990253
358819910
556076643
169722994
943809006
382249173
135509887
589961038
23450174
517436479
245649294
607287504
353759695
842769297
669845402
164611934
170458602
78497454
710252628
120150322
959870087
979679989
728211517
551658827
275156197
819526995
77339300
251492196
798764525
412582030
629273690
303186715
153069715
404773603
458316867
569263388
928087642
961456803
133309490
45157666
691437262
38847561
129769473
136587602
873119972
997811617
736767549
817435346
531982063
313623614
850708444
624783189
515032983
296800472
458351583
544258632
408335927
192167530
353217181
795646858
699692442
64405408
623710314
965808292
298688929
620569826
144422442
548562853
164580311
101522987
792872162
309737105
270287931
601618646
314295046
684156216
253570826
591232146
756868458
157376495
134055433
931596922
271659817
109931533
135005336
697054396
91006989
845455779
50195244
795031602
739140720
384589200
110830858
658591180
600985379
188632840
223109056
969936460
241164277
923714651
218777935
178709471
525247421
673246484
226281827
468520025
317748953
706111379
23321928
854323136
827368663
118020680
598856860
192806190
42969215
461580671
151692817
253101115
530951518
264599914
20844999
625220608
912254535
386557526
972705275
714666404
333366502
655539403
442562559
103468332
279743160
451524234
634925168
579337521
354548628
272386525
411716461
212805790
882152433
299588921
436955327
795361478
991088354
728756814
159640234
414724547
462527186
93044877
798683661
538748777
789267458
794504461
644947715
888100708
21156495
791694849
363250528
313737374
114650968
644158526
698941482
267893409
23746094
761761302
190286948
257985785
80889103
144508589
197653725
724316289
739176312
845235377
312416998
423723516
311245047
262265831
319894155
653614305
487946723
714172248
541732324
629695223
571257125
750238809
770154394
826415099
480999732
654436329
231832885
584515281
158021857
391109965
200850778
475034080
985202207
31128104
987694040
15475529
415939224
647866204
469315554
869245273
394161405
423374378
838679750
425770503
404902634
744925077
986563267
464110628
861446595
54938754
411299620
276141998
385861391
941100930
25030763
745687036
616837413
459612721
594926536
908839904
198439127
968274334
168870583
96283211
861963607
228780810
61862637
560884741
447520298
332669352
291398458
878250524
132656077
226144998
574726062
201657418
944706680
837790196
572446412
894270424
784948908
423328331
471374246
331865476
290627045
324481873
833391880
986203107
325931482
678586545
187776887
422709533
144365905
764923365
376758685
352113143
817006038
68476775
80039313
247564637
326980342
547124574
736836320
884436408
162550072
891204171
563727956
735160192
280771108
954637995
707937728
888128090
361171693
841417834
418354569
660769463
559192587
539169501
96540145
938982899
721781497
598045851
21139533
546695523
676904676
352384412
32504304
482963525
510465751
150904642
674030325
682146957
837977651
464580909
333973075
251185283
438857581
794518893
358968604
422561302
202738364
742586318
922654048
53496203
443572386
938820122
867609862
561124831
867878515
184851842
31949905
689038970
474554903
16377679
45641578
731583206
131070990
825967574
505493198
808383667
644486221
528045644
458757260
998472346
637751934
942162595
358287546
797482507
502753525
754577583
218089824
658914827
807052235
576581744
532586701
960615425
602580242
303677871
377050667
82057860
148292015
356059863
693463433
515997118
369214056
422128603
62375935
859642857
854850089
314294280
147521676
198756452
585825856
327265895
878024315
481065112
104808673
742121448
108331450
750201378
676647150
859158277
32885308
369511173
962612880
681963056
321423857
55616059
421174213
897977990
103383713
793115169
220584892
479495026
905143542
607108270
708593543
519792026
61381740
909832320
204788113
879835290
271429744
885451873
89655011
797621215
709934331
731992343
663538474
741344354
256232470
804608814
331536132
376924243
509423425
242355136
724754677
439958255
440518872
893621970
29967113
658042860
525192181
660593943
80565815
788438696
564627520
585233194
925368675
424710457
562434172
217490019
138379758
58000090
947329471
289844182
266944861
741970391
832735140
745639559
430788499
666313873
704207963
449163412
53398197
10136595
499370229
187146007
532821274
216801048
111677226
902452109
112679085
464531436
221030303
789136321
283573616
205247039
513031033
398268065
640753227
401541638
85707659
960225559
607321350
846394805
840941227
195179014
960337774
92741342
968397780
715762148
384014971
174349817
459765417
16002024
65235774
842953588
539336755
56287029
315996092
898788309
433552734
310300811
633434573
144844573
474562380
861395805
997850841
411823936
258561934
84713653
940698826
545559763
407839251
62076820
635572883
261183687
207627815
166684438
876410003
197531331
213752858
113187536
539615093
495087244
238637136
322604223
284573063
936210986
530416232
698883075
642776923
329160331
454753942
513886632
356047639
880902016
381610885
482964498
929157086
558102653
627730811
562655841
517290140
438914536
140996818
538655561
829486745
622561051
243332403
320098882
573323043
884721852
46170487
768405836
469981899
141334700
800285040
706594111
836593615
495737061
875678715
128155512
946565310
255387881
628052320
137650568
137565513
576615910
134717731
569393908
64810564
442645697
301045184
482844925
184097144
486142494
595915614
565341310
827941860
486577492
946802033
622478549
672789993
901684759
423303382
522798556
683770818
595689799
469392082
409252824
922761426
306291790
785840130
492596951
769750430
800517958
913354215
736543343
665073612
721959217
993522174
591289701
633733481
377613072
587302544
50961169
895673053
218188343
966009759
109173234
816410226
518000987
872538678
103234472
208881342
82649975
225884302
140447178
423645447
197786180
323159923
599043027
990603150
929306794
373330867
637505732
734695314
716868973
76840663
840475227
327445080
306838226
79313274
657368751
646057804
151582267
227724810
592945580
929243889
37925925
409156604
365737900
983532018
386661189
687709858
512212603
875820916
863279923
51366325
156378166
627540915
654673381
733348611
464564440
533368460
891842885
344320766
783866529
613810987
827977557
365023119
621507759
476317152
71153655
295672553
405802553
413335392
82922890
326814177
155779262
393695970
926855426
759865296
652994086
772835684
593170270
428394152
405801832
486296547
322429655
996646981
295301765
497284612
392422599
367235274
389340869
822932654
259520969
591402083
353341356
457222281
447735390
442766487
910235289
183677629
838822961
893662376
75540243
835702251
618044194
336750715
337740644
316178037
990586521
672971107
962805939
384891417
204075406
605022508
565629038
967361465
56735748
856984249
204962421
346390302
205701505
852018458
477816132
652136433
862354916
571589071
533182659
504676022
747121073
559109353
276815982
69146866
412193535
680992960
449627738
155770666
349361159
733165311
91944422
802590323
266097574
518645956
929498614
767036734
518990786
941006508
668966534
194338614
298128594
208520180
631994202
697103050
216842568
232345667
872908650
936332496
310281732
532359099
931578260
921920668
604492961
201165725
841691295
665059315
259784673
296519074
643370927
581668916
648385441
199320267
574227696
91204102
687869948
358362417
968862457
749649807
584513152
623837828
134625352
244396152
474131754
655479712
742595902
486212094
811539128
982701638
558384813
700385293
889214729
775628587
314185985
180983085
154063238
122888010
215095451
856891259
949050441
425033608
664509960
979737230
861544509
40131619
423938424
832362419
461886322
437236350
137947278
867680221
318976002
355615479
840195476
694819770
758054396
757761708
601964739
349955039
531624413
465911605
947455521
398706220
788815000
923580286
464267770
829340651
463303338
648751202
211189076
672909784
537901147
791461794
222125504
821636534
285006995
843820526
834012176
464313659
795009161
758895090
361248429
520660261
532147304
801884134
168003715
326145092
981223234
764326213
582305394
124736738
654371105
551283838
918670116
221850957
763020485
490616620
852961273
997691048
642248295
323207152
554542707
602373936
967969250
848038149
833518493
238325790
335426958
66928378
676799415
255869006
546737437
368745997
560743282
102549541
590174126
780587265
889866373
241249321
732042013
41588042
603001474
836408270
363855133
600825481
525392353
241796002
959206288
865613733
215055320
929906929
701613723
565569086
68377235
223842885
809782845
726395642
926439609
562112859
222090112
231067146
904532542
135761785
838583747
265425001
815950663
108133381
445278664
482350716
804468163
867391932
112427839
527784565
410070063
29716462
189324033
932303920
317461210
438576261
997716363
21233494
872974997
751142628
461435601
833880348
491677162
76318893
219054539
17741779
469287735
409690981
988395727
704035724
415360562
832484850
922519606
931702620
781154517
349391871
350687277
752769566
635768354
824537738
380845917
972986930
867170650
482601069
959694953
527314030
284168384
608468542
317236530
526650763
137329833
169995556
930772989
128785990
756492494
164517436
526260114
79167500
296728926
15369175
352224652
401409304
384471855
867728701
231551043
243360848
383675703
182624600
990493736
469842508
344692744
260176558
740751304
750475394
93225140
927596984
657219623
239230122
509291684
668623098
767933761
347460247
534474133
528073482
748519032
330346804
540024019
729567017
685625123
427058139
798914034
217667880
339183034
556347113
48851148
456921428
772749369
504264870
456415901
700818371
499943569
546208345
606373452
839773030
685607032
693019095
324624570
860064601
157608815
149781067
663397429
119015116
421537508
118336784
737429267
751160907
483422660
844745717
256276819
762636253
250005156
599697143
452263243
702146430
909546327
522451447
369615659
818421852
373082547
215183220
522923916
663015192
215014801
19183559
978583391
902300324
428422236
145226968
581982555
279635661
348529947
101701530
720968773
129109477
679401451
155273998
454897926
279544124
894600278
533902418
430706736
604230307
992442438
802429266
621000321
928289616
872921619
440585528
113059818
536049336
110814303
174784156
521910322
940796660
650639689
98306383
114691859
127058077
250006230
718672068
581607413
152628166
791266950
518721310
949823065
607043138
851375193
332310190
861234944
892949702
27478406
337220112
679514467
15880082
307592350
704946883
280784716
573660847
455008488
373450254
358698624
463612564
715301441
900740477
19300714
290892776
644822690
521737266
753373145
870334622
432988974
43390705
268808903
717434125
539427856
355944478
550553279
791104644
609548620
577292599
375913508
678560744
255728190
521637688
48447313
843860470
594757758
479415296
978447643
818076635
336847110
606366109
692268476
309390550
486832486
86993014
485793694
297756393
425560067
104972315
498451841
49100330
948589499
478023458
82589093
448249036
227124776
705982291
740643528
983506968
617406205
13061990
932089588
222298574
31108953
520164249
53195799
862107821
473292488
262403885
932764672
469940681
173094563
94029119
26294823
509191636
320194117
210694455
248739516
268678911
727260329
20689259
976595157
430152707
867448115
114331177
236835156
935736938
563932000
582733885
570804479
442129794
269547501
239017188
722778838
249870968
355196681
480540304
408303545
532376426
647496162
622512620
430083678
86763542
41876073
978922604
790336161
766529684
708781237
729735679
640756360
144271193
163704796
633930242
518187449
745002011
457031093
152828178
735778345
291615644
326427252
954986870
49264323
48393023
905693197
95584781
608974518
736286547
303972255
312414515
338264883
630345979
318061983
268556336
421345069
756320164
136632998
739936977
631179739
836393629
918664686
788952254
818501085
27052938
574124918
274089839
256819811
536503757
411461767
43043081
618101192
668927534
228967662
423453789
389952258
316904580
120667728
126000928
520542366
719356032
724606427
887546357
985906806
246499352
906323259
372897301
234358269
280943027
621415806
164743255
478561296
31935831
911239115
168533914
848659609
885287331
524657724
468894111
295697407
466533682
742629982
713818086
430999300
511035795
796719018
303894624
929930320
195630460
922598624
394530924
664651818
935838143
55093898
66091448
592220273
734876193
18567239
370727908
694955133
580688597
921411884
179136585
374744987
153244262
90531422
735390822
314833532
27116552
691258827
673383594
986431593
687550706
656185971
426096464
143164343
940711395
399255952
898729328
225300317
815921751
689351792
488007182
636072643
514327278
811680908
977769661
146762221
691667438
874348019
720521163
639800230
819456072
633436210
390734715
722015153
783971576
917463464
322777692
341500075
413028607
273757138
317222225
301910019
707781624
612569093
684117862
460195059
940292621
86180043
658458937
786601638
650650773
474693862
110419533
227934337
273666385
253368703
432296022
904864006
878655760
860767713
672117424
423688645
268276372
969495963
395776380
696946890
132993267
157426545
787863373
745489735
512897290
806052947
306762310
965740763
522132870
387929856
870250687
357115511
224626208
790808603
805394404
230603842
769666814
240689114
464209040
482341707
184473633
204655597
861942684
44306997
123752735
690275678
716629608
979737583
193577259
165458573
958107684
733943486
946530043
75743557
885953562
43727662
761136733
563111726
982920521
784827326
492525285
427727123
470355295
528114469
279296151
728079774
369602968
645785844
461860012
985499959
457566804
136096660
300595151
249112888
350504602
293216311
238165614
282514422
269329888
775492355
161844827
553125743
839500512
90716779
965450675
608736790
372606165
368506287
982664934
82688831
825842798
425226104
160192289
741209633
911608255
137917837
566944420
758203711
387675168
374891534
181591647
696076038
792094821
183873862
611344579
802647952
486887910
309610576
677758791
459471500
196426238
768696812
179040671
811901645
556732635
532403117
876600833
652862213
271894690
399336406
128815967
671888942
947747365
801536312
583253267
827442827
462389866
32736187
909503479
134630911
226726866
49814204
457892514
791172641
985234182
661685932
837777304
704081425
674363751
992158427
972717669
674531951
552941987
113103222
973440876
849610227
158759335
716566006
117500926
507715166
295026298
558580833
965184746
27482038
309773767
223697089
628984629
713206383
605986545
667227033
645199279
905173183
416198237
606074892
647894872
444174477
767000767
17672466
951215523
632952825
321653080
845538646
460796673
62936107
212498157
456355120
887277065
404746598
933095808
871612377
607013637
404549225
105639042
990952784
316049202
709448393
518423102
84273721
353603845
560433555
846999297
831932808
405038288
131442479
306154108
916358428
908784439
225705042
917531916
91188929
503360065
126703071
164751882
14115753
718270711
350510363
506287341
507754904
390148150
15787818
498714909
731605492
401765451
462313934
149761052
472116437
276700559
18023689
222278764
485170386
701310409
413059591
922759185
466402250
41862789
260737555
747560726
667992487
165437417
713977714
71068980
451430386
906229273
534779181
737341803
817361576
866302295
705328237
36392486
899970350
406141582
426495382
664580287
473377904
766283610
960568060
336283486
393908708
339819162
302012724
659780248
811388803
66849066
931593499
939341118
986042226
594663956
316246889
258058229
374036683
211020516
161637817
624764476
395915819
179488339
346050913
740213482
911841240
396034555
72665734
892381126
478257738
725126416
770567779
913327324
830836955
225666705
140351645
102553675
165320974
83409359
708014440
907762389
835949749
380163649
274962891
950064272
808149582
229245157
478322832
355910708
476309402
518307660
184420973
305304741
490568138
621816771
462037484
751966936
685576875
235180768
454730042
341275439
425129343
391056948
602458621
431355402
393439168
797608712
88091150
666888737
901408642
116362438
533593987
987904475
236189887
315303602
460080140
768817824
771093348
770901370
892644448
136996937
464081212
305664064
13376005
392577059
326448778
947639937
99232578
859584117
96017774
51087467
933018946
875044068
642572557
117780246
376990348
323495198
427051509
522595590
996364278
395354197
900836577
397207960
833767455
17887657
224571454
824410104
830959646
869876550
425204360
10941421
207659386
581427566
370306527
63555106
75476329
810934301
356465452
116843170
358331394
572896050
182669903
685717090
978898077
603514939
806735650
153293096
321277501
879057466
275781458
314555599
457031024
933134264
373188232
391169447
20922764
618340922
481183729
746837074
382171724
70808440
447710500
740534113
386810588
343695788
491210200
186259704
589315949
966433624
505531789
197254161
105277789
496903292
896860777
918822865
261474397
949249101
414555050
953386868
130491550
759805582
523564383
537120812
467673364
885469705
345012783
818107206
432792202
875302742
528505792
530093191
355869609
874200917
114741905
763980238
53835644
273354680
820579467
876206218
676480591
312486606
985720996
751280061
924687979
985040759
345531671
337056961
282924333
773001784
922277321
118793126
468989767
568876382
744006600
90905740
680209534
733164604
99853104
826586066
663859405
771944801
188413936
547275981
23869373
822669460
444144523
882224809
946228683
47856751
564415445
982636170
630531682
203452824
222220188
185682140
189697805
280180331
903578139
665461910
86235908
71822427
942373483
785145153
689840250
743686545
332531572
433290802
616546274
754414018
487911320
906476823
396167790
484225683
776631826
740900422
176651228
872325081
978799820
428257462
369256521
581592151
514972143
750894438
243964903
88976033
377133753
891972046
567335034
380180879
286927487
99410510
211203078
64934093
806603657
211355687
68880421
793194974
563471711
496167640
405059845
281875285
774231245
824705108
805208955
94656213
366854806
158030288
515036483
569320999
431740031
380931430
308487666
229956846
155262261
383350746
954631905
328889467
292981748
500018114
64851960
85993598
779816917
974179363
455239722
310393154
963842968
858447155
905056784
483766468
620262750
525206351
371187398
62019771
616939391
901062113
320931645
411122552
379738345
783534592
304408819
216614798
601251801
338949506
823480007
945512243
556421598
467806690
834642196
918157977
873707504
310042757
804263752
684615076
592080638
232568900
810214401
168736126
585548122
622401654
213920090
216652605
438288648
421545655
780320616
17030327
68005864
501290282
757895014
547289090
685409742
958097971
66949477
363697566
18778801
899983274
67465970
286975696
830328445
480776311
736870212
823598745
748029284
424037452
609420947
868894828
169439735
820602458
765066300
545697701
501768303
308649961
132412669
579508783
968487272
342540275
428472064
497512450
412307162
456160839
558431174
360740359
493729008
30328346
319243110
225692509
805009356
175692019
968078826
83542516
781805624
559521791
560830572
941842893
852062317
527899049
997598410
509546487
890320735
624598900
358046618
68624335
747017625
369741165
292167258
531149542
165760646
159222449
588872791
909363238
329709954
193538359
166061293
457881308
20082816
938585165
683241471
338423439
583851717
184553250
193053142
653113125
251320418
894023521
421766802
217625442
364979262
957779092
582477493
205549484
526893783
627825994
253829699
223198690
596570130
625410924
324662110
675578428
756163982
891839734
952217054
586376098
138502912
857297235
715817013
318944355
207514352
385387785
970557122
131908635
857779656
443086584
662074355
876051559
757346901
185136238
642158097
409897714
363393335
876526668
102372003
995808101
672703293
97551688
530787651
384566709
507726708
289934591
157593324
386753187
919295502
951781547
939401798
980313057
496849930
459395107
961288466
418323958
506393101
312374817
273925807
445106290
108683219
772570617
360295609
165004306
525299832
600970127
839211278
438936743
736010612
290526723
792142517
112320551
566374171
537191630
444064750
256451236
879796715
543065246
88002534
356328229
35861786
144423898
431298143
689905576
299850788
212660399
617911626
504603087
559614011
347282689
772677571
276933121
479908615
639853109
123375473
726093050
16475322
228546640
325647658
238328584
565659296
89805562
926443998
241175881
924323675
864853363
202259982
175486875
200885153
920818751
465843419
612446116
765216365
95162239
235235440
56314179
751433825
745093782
18709360
26958296
462042072
758065781
569930472
431643633
92319360
389265019
188562685
17350907
850706980
352688627
487580461
712762228
199143703
564861052
205645605
140817650
382220057
843131960
323022082
976460486
525494234
816863887
39516131
87996981
988548977
860620601
462310472
139028738
470466269
704370937
183929881
650781553
411739758
251461076
236970963
54612644
877445193
519074329
876056821
545640173
619567510
449667277
847495987
917083804
922257102
928878658
353745771
678019050
929937922
808366792
108142587
453490563
648792625
669112832
433759364
204063618
777273741
792717986
740026232
930676522
823292234
931800795
792737992
366710961
927611440
916912804
18664953
912077560
915137334
577939634
253729820
37948496
950683848
429867589
460443064
117490491
394243780
643808846
728360247
804926305
528765597
339607076
420914289
546868890
69810692
724429098
243096766
899990754
680971027
166928193
316168633
568191737
434705560
386703355
90462287
646054435
740750980
327743778
64822091
39678413
930089726
78584089
516808768
702899703
478893828
526121573
266881338
388225327
121626543
489588845
956816903
311657259
632519885
919744000
473421198
927945149
511572837
296820069
55015892
322512993
237396905
535587666
199217789
741521967
501132422
718008352
289375162
631850247
34469096
866400083
701479247
662582220
628152791
225248719
711113533
940937645
166341730
607548724
523131447
267111905
766086982
32182129
227716872
602992904
928380171
397597148
572403488
309626707
585444867
763145019
758844775
74368726
843285115
648901603
202841699
892324214
21946711
219427387
907440908
163055695
327036047
775508760
757362703
900335423
95561856
572820292
894351393
400087649
186612221
630446276
199484447
106338166
870856138
824604366
32966334
425916720
180505081
484966266
343754006
839787794
778222249
417401591
719203871
96192466
94241915
556457520
51972219
627139766
985313284
58395118
634244349
240690028
146675648
194589211
282869004
278048138
377641665
720468079
870235530
826074534
468269128
343730869
20951831
545170992
212622414
589256328
835596843
458889692
943222258
224256501
482012715
494777814
976749457
408286671
562920699
242734727
909727603
720420976
687061983
52817520
34119594
932443549
929055152
643595696
979885397
756060895
360982804
717020857
495138921
110189204
950390960
119792701
985073417
721826974
849777621
737670884
649466028
700981707
962158772
389045785
586925856
915827340
934114352
302817218
956361734
225644507
655931511
878376667
486042058
794582825
773849657
590500822
945641046
767396276
309559397
733653211
551044104
314472891
202687698
906169205
468170313
670107129
317694157
138223639
440058955
939003494
864087682
795989179
132660443
73809283
961989400
419603575
971530258
95979950
735585735
435860720
634739847
246204940
891838675
952085225
152660472
943048589
958664226
869397796
241743751
204970091
935468707
38798456
433691280
903128973
620138409
686983505
536091094
832650679
298985352
875005697
391735796
260441894
405054969
625445754
357326843
151045358
292040118
544272588
930744783
38938127
368333028
549791694
637707330
206387721
295194695
988041075
911179055
998840287
639042792
713924397
229026868
738023918
709839539
103498754
163691226
439173778
590844591
301031496
398460307
637415924
542392441
356836939
423377703
437342663
938175832
186773064
846584017
994092417
529746613
192575436
493743469
232113577
39199423
568286118
707977240
479105805
809547288
296234326
358238525
559940914
633085959
195725544
124111041
282086330
78908795
555190959
456371425
645044967
968060613
748759748
668515461
550907123
896859304
405695820
412500779
722939115
217239998
677104317
345808864
749202508
449623112
912875109
102015878
649875552
798516612
18707128
591428982
401868190
525551920
192871540
704492444
553442789
799251874
981413926
801381647
176471621
55637884
907449826
875870990
693311058
761027435
291248101
798648517
926414102
201332120
742800230
609588513
243977066
34991891
187499573
111161718
28486198
296939417
968663207
336822498
996030687
647805465
712413422
841587047
237573918
356906020
982884312
533858882
527945992
922141385
329693530
670459723
77278643
397436484
16246823
624671403
543250713
500611693
300285785
507061970
571862293
466537137
621481913
304077910
131404889
963977157
589289927
615842542
637238000
175148130
320260062
806412637
296238908
560120501
415475586
270735622
184685863
448911197
594880035
639125954
596678286
974339261
589544932
750553389
400893884
548312159
470112057
203691381
776729383
917382554
631718440
417323749
983068977
703816697
912984968
794245200
704457895
914847195
166583719
163853638
623650842
804826931
189483368
927695122
813800768
917068685
791574446
976854599
92402407
267828675
307609671
438446045
929916224
302250886
762227491
328709113
945839624
598742445
551343424
222113315
119050512
977547917
996687144
397087978
924158124
632304449
334359928
573620359
737180416
543565652
199820387
644578313
629607687
914063224
950693528
805715114
188372735
573730692
232709445
328985692
906293269
500805876
453383812
304028985
241876730
613971762
451683460
314956160
835201110
424582427
669388207
290044246
541096795
584071471
956969413
616645283
642911385
299371999
715704357
859528649
240533082
680260507
345973702
557616472
221675337
166570168
529295495
561716036
952447223
742668492
217359099
886141350
545641082
411702979
790640336
656018347
397260360
173449775
214877496
253679477
947811153
427389588
742369669
555104602
367916546
779167235
303900432
537773189
916664192
694570659
492425796
961889697
278812473
421804998
576148882
185980477
371099361
99529331
479475508
509542314
73651132
570536807
784450018
836092541
366103502
416873106
141661222
52860127
357080116
517798735
443695457
909103519
605092476
512299333
291922436
908013091
434438707
525060742
191373324
656305408
17304082
475181340
196644663
679686746
891779268
798185937
725387976
419047306
954711794
796901630
149448842
478412524
170749697
773600434
709126634
519790292
775815393
376514923
771160514
747922606
240836013
334306270
741871621
984118406
917852795
802361315
760638071
449998483
487119489
715959414
722604825
368755004
775184494
671015169
378288304
732248630
408954972
21674626
711987496
804616053
762329293
893621631
120740727
345254194
793136289
476316043
926001915
587614038
342361673
453935653
122535652
906922487
862545215
83153115
140571319
401727180
398828277
723176073
315886236
858432236
148581666
43732733
90242910
100762154
830297712
545269577
770951867
856950273
454043515
925055351
720950887
28790081
188635948
637218782
778022696
31330382
292876361
612869304
514276358
121849189
377049076
856115258
116869829
919929146
464118727
340586289
825915959
282698538
959366885
829554981
842192618
984725201
316026836
567238139
115483610
583312272
517768776
76617768
110462005
856143880
588095315
194966342
279194825
367381338
826738408
869292326
513821877
509510309
768268320
876853165
629262404
885568481
398058881
69351764
557969094
499911967
474331386
206489265
366959018
59590922
190380817
240080283
625187773
592767954
922915380
563913468
665079319
676440651
158430105
251019703
185427666
730661152
52641357
814141529
536388881
15195886
888319272
313983661
185317526
861910978
811902159
541632054
290050081
25727930
331097525
307108485
451445385
676228792
465722838
724158834
110970036
76828559
967348302
442772977
870340238
694416471
765935504
270251318
460017138
738496148
433886649
451377758
161288150
245094409
188427006
541293564
824830581
655310814
679139746
879361197
537283033
304407315
163970412
888397345
572703533
59605893
228016836
190177203
125783925
410753223
940270353
80913895
865327744
137013458
532481229
590891648
938529907
77950293
529789643
15111343
269465663
712364938
721915911
384815346
61815651
925699866
694679113
310583141
137711711
231181247
995601137
934955522
800128769
584561559
404303938
982167170
149900311
961875758
677447665
174754570
750331981
797156938
402056195
743643519
820610036
305044119
844910998
262468687
22434968
10899746
322205775
302027351
641817598
109341291
821590568
778742692
799724943
716589794
375748924
782710876
257395834
222360342
240022460
809952339
158071980
828603474
942352303
918366874
994176976
674601286
954972605
728201775
688143395
963378306
945554375
647146432
587177351
518976194
478069170
651637642
352238924
700418905
331048789
611960665
378600421
629847085
226086185
806378193
48666862
692271075
599568656
744846877
592681169
478923284
181223788
520321974
456911768
574844403
765572987
964007561
384243598
342082304
132716684
146359565
385479981
827544513
967024758
418797888
406308611
505357709
681940709
309390986
574283567
305919965
162349249
492383878
599009027
87860521
525207387
93999960
819393448
171922743
134346724
101084466
754127395
71258773
572357138
321408841
860005844
471348478
109330199
67165038
759772126
192376649
762144999
749694128
889181406
379535225
858460990
713381729
801220606
337193821
41121142
756015085
959911646
228649987
551324216
833806180
99538422
110826265
522045551
810916387
604267147
471126217
918736455
975171361
969257581
967283283
848989114
195339370
826754292
105220772
496595348
213479174
344142609
295209460
456204636
163168358
319744840
974577928
709721749
957817171
502981396
168691240
48759103
547260935
532937459
611593106
763542268
182897325
268728847
561667870
103037114
132074377
113817327
61042165
818070292
761274939
294037289
72853350
340402845
812511570
514192926
108196644
815930241
273667466
812045247
233638691
84949577
95146338
201295071
620058339
595693573
804641853
792118382
865885019
960074891
908684692
969351346
139455227
445136140
706046799
342584741
52068574
841564650
772278206
214660104
903758120
801298792
724290462
894758398
489019636
333024397
81383081
67116282
517050442
968238548
22843899
88293058
104887755
222386550
384687987
921596521
262798393
854070516
475157750
665771246
646996805
989661628
957206222
982266220
809685008
804914934
580044125
568253018
932625842
828694715
724450544
197407589
689875019
41894024
286345020
32338022
357282722
150804434
689446161
592988207
538239826
844038396
359236236
166717682
790127332
41355361
698078004
360024503
509835411
803429106
363419812
647932803
515207695
600430177
420298582
404298900
612413750
796641549
180902270
83856139
171751099
722483594
75562909
110934679
583798705
281310252
364735903
459756659
403433678
226378897
933744440
848184548
883993504
665131196
529878846
933400077
72087227
775926619
163976427
87591208
402607908
801608861
33612098
864394735
859693425
577964928
409666813
588962580
84631110
417793024
52216897
312195165
250378518
799428094
569138570
864214432
889295040
671550514
851658246
61154826
483955292
57216064
947469185
102843081
945331604
292941781
838367332
752303682
986327907
268314938
255165681
128739224
526286048
356090148
978653956
956615977
49587931
721577608
672526228
435979517
740057637
912243783
734427923
914199987
284296113
791545267
105213547
39669463
203222211
44025938
208459866
148958770
317884949
797969427
736785651
909978941
936136084
301782919
686302892
724309479
406857020
998758913
296836320
808832792
136005108
274317088
405453693
433113258
928166570
452600227
83716673
436699530
57234275
930285701
873214313
577245735
627552434
979712303
629733258
126432834
94618618
605536134
191588178
969048656
594515358
558106688
581871788
545371523
590660372
305720066
438824099
788427106
575767872
48099413
95221049
235362045
993217186
491064213
353454928
641316755
338503802
260520224
732759371
264774689
833874414
363011412
853089461
887967837
553601484
555360892
267759456
997843520
620889753
645484565
167888492
575080012
951454409
47383043
810525288
620167015
774638573
123782802
435889542
95376871
236667188
542251858
647322765
388940066
372503452
130117032
543660876
439880621
39535162
943780932
169424417
863776928
302832846
870746000
669285383
463797518
967339276
219516655
464331966
401630809
75248260
990062144
873678118
343343820
532668784
928058491
578027476
947217674
381103376
421651703
255354833
218448267
27847523
48178245
360010666
826961188
34220308
234037866
400714370
165239032
787413563
323928732
285899681
70370963
568277452
501373255
971761378
136024134
697892319
440426263
656426878
730850642
575932636
964504594
314912133
255143076
407953140
541913561
310651933
312115278
339284915
529385096
625035288
92788035
566336258
492847154
124211763
508917229
832527426
765314743
375416279
435994517
190677689
191148857
335158695
207908237
351039742
977527448
557125866
746931220
689603200
570834707
832009718
311277191
677186290
749097704
357936122
865756996
914582738
606633124
648454175
148012621
419135181
356119108
282984237
868628747
725991612
846429493
391769440
953766628
574672129
174850803
461016228
571716157
973814461
499564681
960059358
98317066
66921821
319924382
385155703
486779806
55863184
203634118
892121188
879433849
845437747
466449004
597117804
24236380
244549936
325252580
409873319
184917093
559084367
979913625
963477417
923058557
314665338
742320217
666176540
195324280
673748803
520074981
981056349
884024524
354590774
331796850
750038493
871087499
916481589
19187931
434219535
612469996
345405262
779988716
927571163
332686528
535280329
637423558
881115381
57126279
257716675
836318286
651314023
265655722
470870673
563842369
27048320
74382963
880950608
238640941
11982646
271509666
115439906
475036672
240563031
730362889
19505580
714682060
130746652
942042545
737635990
490701829
458328243
489429503
48704256
291098621
992225784
835612695
783974010
46216251
777205889
258205913
595372695
776061743
636434392
868459805
382167370
759555170
475708754
968159251
941061205
360831810
426933572
127686699
75913852
279442132
16393055
563435382
80063098
951587552
343240231
878306121
985719261
52321917
739693040
143767908
932844294
330924863
630216377
892288583
659179545
187727729
568076778
645211788
256933243
900142566
867526432
140216221
650788595
857094218
531327728
517753878
398548725
31375701
164209681
545604415
607164270
277659031
744670719
331326865
34839785
945779937
807781508
147071385
158262790
313869440
119083427
897431463
852711015
150856244
689142413
984765235
715217000
551417917
319563206
475624667
718209838
334005395
831685344
240400460
361490089
869428205
726247527
612005655
782485567
601853648
518510027
260914247
485431544
194108335
819314481
321238724
978674265
229364111
301103021
317675165
205293575
609958587
168065342
339310990
824164200
576033729
787266805
745725468
538996576
180620101
857069463
787735973
380767912
127665947
971041412
162045672
47246954
254787651
433239604
70375379
233295571
314811043
76092507
544037438
961014604
726658079
368898432
358393419
911311265
642329700
569421441
947232493
815506150
594376888
311435523
990560035
563961409
105445890
818375711
587503837
459557745
942335995
396197030
104754044
933953559
557860104
508748338
584919364
572270367
661604816
17312503
321047115
121181579
205347087
931884812
45444369
707455394
805295666
591127545
57191670
594190484
607763788
137069472
917700081
802118356
569386869
991903188
757020779
774462123
996765221
571103975
576801291
509749280
480718581
130857628
308587327
921333792
361151686
503888234
148149676
835927182
15998969
380014110
176321876
221258387
896111723
897336660
241349638
278329243
172591865
399568316
351839998
227197484
617687560
74538934
976873764
745275416
560942323
243336644
594633612
997542552
99481197
683283704
845568492
713218776
196798266
553001051
860686529
688496525
351848950
272934543
16094371
200324915
799297247
726161429
277939846
633684906
539084711
310688012
749362138
860143886
57424393
656950666
664194846
66582803
894733297
337589551
598865425
737099447
821329993
523995748
631323063
832639437
674127348
373080343
580089533
64901246
832558118
671493092
106756238
56339638
938442439
827685253
529594704
109400786
142819872
229616836
620074301
301466901
581665145
824236376
740184754
202188261
656064973
235494250
452918446
822524540
52466829
643090502
922324619
480962613
471458072
232813699
833924786
909248074
880154369
834322581
519655955
204195586
737452627
648074535
770664508
877242457
268300001
134085676
314046829
710606367
119172207
852061848
93351376
108415962
927245571
443675861
790388147
934310121
804970087
143639674
189733748
987716206
56068373
748994979
288365500
125564107
189261124
280653776
459898013
559135759
775381099
885914402
70115122
701468936
165869826
861978055
135043351
140827682
393720788
435990455
719046519
989108459
924052452
216915307
630421646
232338734
910664970
136498923
515133998
903152984
72044920
634725892
482215794
237825834
599911088
265094037
531116936
762311828
540112864
314188166
168955437
286877803
196112752
918264880
496946911
445298631
347248128
541198649
274464056
247388373
276198703
504590672
734522758
521330712
803715697
20870539
297972950
627137389
965354723
218355094
769357169
695076326
175594314
642197006
944359990
653374763
123342395
432354024
747914253
909727673
550514406
203109690
919339498
172349863
577832338
878606496
529357868
551750360
99124216
587305569
302827221
515741372
98359393
880257562
739302889
157810512
587943519
123109368
879255722
227339428
886011962
318201213
96336986
573446258
853079642
260140593
745089072
271935430
311150668
606961542
529133897
532944558
159637038
266151686
614879722
642378680
433701242
659310648
419529400
159086253
455157922
976633287
432328880
549158493
614173013
865531743
15636263
143645292
780976469
293376282
791269831
101840537
849917936
265819995
785667690
381617936
821022138
462016850
805080295
540808383
616321235
433580548
491617886
206309470
246984272
327945146
904901634
263930384
509829645
806149268
887452457
49173382
198672157
467739064
209984257
98105205
72461050
479114532
796567979
31232452
603553214
744076636
945500166
181247499
53592666
112114946
317669271
230626717
883204604
172124833
659633391
285764218
862064304
877882603
647799313
209315980
786230567
440560145
430989859
827938075
337885857
311667263
920925312
834457964
191977832
110693327
345268710
467745083
264221157
814582398
493026196
126859145
460190045
627289990
390617973
597078221
537794886
747877847
42377841
554302649
893949158
532383978
630990922
185361283
420097225
795665380
841631066
800499506
256785436
252383223
553271362
486534271
61046793
376217884
98247909
64844177
311320507
673227188
18758044
805525193
265678183
728323941
733276396
282107570
82952405
154282849
714449084
846525712
394568776
184778337
915770635
282782792
506563599
96718491
891042325
481400335
161011784
923912018
346734522
613666905
345631294
725237513
320550642
253846252
721132335
908465994
472971260
231995648
812848780
60799712
261250892
853993683
940040491
790019029
708557221
783491625
402027016
209548267
255216947
901336468
383692192
795551434
247397715
734688423
457408657
851361624
345401543
457947115
239364718
194067480
531734118
299494692
208381512
841495673
254770150
795101559
760980849
989196527
239725924
374674728
859774732
635274101
229579193
766816770
33192023
792666249
546441846
54155936
707119287
661039346
974711275
816097081
258668758
854712118
458581167
957188610
883456726
942650370
163080741
75641896
19615133
174808714
845862239
463519181
908505831
588057614
701976289
537151398
99045963
171750324
14600925
482798677
404912786
33110543
982631552
433936987
686449553
337166412
507628398
661939228
860056294
334456845
681499453
999622401
471370887
31688162
532889437
66246603
999263755
475930892
808494642
545593739
411331629
957517221
241596152
663499154
313372875
817854193
361387903
348109648
501279763
749241962
427961120
662433745
983197624
340811046
168897043
379049929
291101914
894007015
611799430
180030317
132000588
21535988
492672523
593780814
167281591
958615094
635746942
178460402
905150230
746031497
76857662
250499215
707917653
266431937
798334236
17279035
210800123
125597341
565581745
885062047
112181533
997015632
755243430
20484372
630402052
75633823
443712218
793680465
742082643
848431904
712771642
129375048
855815514
865691610
171653961
209028900
784114490
304420100
212962656
229727587
543848602
150439906
356419475
95874687
272078618
986576430
770785717
152122336
313844788
335817517
989169482
860814366
580537354
281384300
958302361
955852479
593631737
453142884
145212633
925340979
905922082
731490299
935883860
704146663
974696734
299542104
774078640
855408710
957128724
823365492
574395042
254204046
392260123
15937127
726663447
89766864
757539269
625785361
666105469
295058702
18251254
725548931
755942954
878097792
800342391
107518362
210244172
773712519
781502194
612825113
905052032
84578841
621042463
506045540
726132561
785774230
706117734
996346596
78768114
31531207
616494307
138853557
994904225
197064604
764034109
966321231
690763337
121567371
95087085
508029442
108139140
367189584
311708046
103929908
105998990
879482327
637670265
435280041
101783055
471822169
59445597
179750734
803000050
689547268
729883275
967305122
688742088
793039017
462350063
177757569
538753108
332870187
180418239
553102946
395760989
945751948
700269729
838993378
894391768
353131038
866553769
222351973
170810603
114595337
222197295
278985407
467992775
258112540
226533007
187353554
183375496
168747379
633814279
89142915
353880652
30021418
308966254
757815240
704988181
717411785
426684730
372939122
756578417
525368717
684238404
250505587
743826732
746231556
924470755
558767201
718907642
475003191
735814409
711610617
638355413
105056921
425645109
947526065
71222491
710354786
254874626
845703305
720949421
174366113
361239898
198656737
684811874
330145499
913297675
71393328
375746509
936685266
767405321
555026762
697923708
381713625
504918937
957360994
745249372
173500571
585177430
791007518
711529071
678111081
164344139
435571321
38542747
550720762
384409127
731379803
213498316
395522291
405502391
76493799
333024173
593478082
228130472
19121697
164277985
593737307
442482446
315991431
892451655
326702200
820140001
514565451
542365538
620149830
657849450
418789999
737645867
245203398
120993425
224139186
553018182
762570112
233123183
152543459
70230449
683639694
294137977
493678520
917199939
607568518
339292873
726504510
813523141
49961668
980073131
547146497
371184574
125963023
285872844
453626088
934505803
123070562
747138067
60069715
443129857
65233900
746826146
645809050
796030328
906886769
728905249
889688717
698015965
595014810
423882998
483586074
66397030
841076785
957326454
240823786
936271113
976138200
606722586
720285542
891312206
309625423
291397168
344741288
801890384
764444806
624187951
859816683
416199167
667740296
606652768
457552612
222417505
770462306
661947698
512061334
575141500
811750568
838977441
773669866
798041931
442411945
273162212
864938166
629881417
38638882
39354937
406681799
546494691
434746854
934432442
941738273
436759267
418915548
908131064
849504524
738252983
720605885
418458462
757907725
53071929
597315135
104509883
284816258
608349454
347172941
841249635
794290062
380518876
204698878
732105249
833137897
796109399
125070469
881173159
716006757
985942834
588969075
364139247
428949322
397089959
191692896
512858825
351820733
299663423
28138611
505895100
663098967
865230954
486039376
590270248
243458746
815813799
873860263
999704501
507098357
769662386
302859266
287429436
285581903
265134225
347718224
166771914
85704127
57833712
898548361
909646841
263411083
720460310
872042135
276705875
174280245
390094917
81201148
200581526
274979826
852276578
306134965
475250605
175792336
580057595
34559328
321992812
311667199
842751401
47358136
674918265
653192651
283446204
105693589
834654724
287429512
258554204
494669275
479978085
983188347
929085023
828587399
133783768
112991641
698376801
248550083
973528335
323137407
999038089
374732013
749001384
425379182
872959577
483865152
876303913
366187741
377325527
585908548
957473737
989270363
641504254
971410902
88794973
973983097
259859619
259243787
303500883
477184934
274285249
469280917
17128126
496662171
172608524
866350096
206036864
414157006
322166596
555684028
298687310
794517211
369558748
84512320
929259596
700025755
306381344
775546497
412546944
281819557
329646948
928685419
841390796
932125638
270907488
90715185
793030908
828688869
354744130
194159482
757266945
149002398
626266085
237658395
795004213
551812714
926188977
552233580
146383555
213169924
264215021
791114154
343712935
252644879
590522426
209904070
27484873
642596396
127103675
206910894
252598630
78044761
783641715
692084095
626114419
749404000
87585142
174282804
86400581
759857456
270036348
202449720
784061686
931639067
436465750
473727980
110104134
214998490
852367194
162340426
885889759
335815708
753487744
169788244
675732604
765075161
867453985
944086965
879072958
218149939
954839450
812116568
688158989
629726202
842624597
762687961
397575763
305942129
896168260
404527275
416992837
451923413
237400314
812372826
955883539
782723898
526614147
658355308
314733744
805151770
96812090
663014447
491037750
756200280
360923560
798593700
892437787
576785495
231966922
169747942
840775347
454463638
50216275
742264552
946814928
891944764
51073963
578679616
624118021
42570585
655720884
598537582
61873154
924753042
392195332
882897154
552438048
752629960
639594556
878772503
389128527
124411285
635097783
100192414
765647384
186793458
389695341
339559553
838735463
325385842
257390100
820578508
33007782
162082892
157451046
552443362
445577605
43297885
789681679
331831296
397752389
474129268
912886171
563818117
144275080
124806220
109519517
874662707
353618369
606581388
252424137
476084255
181915013
57877109
916174264
548089445
740418324
657600779
494977745
552666575
14672867
367037724
671184684
735481833
693642394
674397434
960396186
57069776
583278490
281518817
501514115
542280778
763032072
324676115
426929266
328248963
757972075
379464421
553280523
206044370
299290244
924679563
454348668
371927046
840129791
93996594
903453136
611282870
998008580
108365362
571140740
292101224
752357817
744041703
772545064
309018554
461832482
59326881
763850853
678854402
720589644
932375194
330057122
293962093
455147938
303711277
385212876
152305596
485590544
199375995
658151337
805761779
422835280
538434833
38905702
925212265
200187782
458868790
686427579
276086728
560222824
904078365
466377036
844014231
14793034
199590255
819482024
108511794
577351129
870446375
473321036
344796770
128634915
232584756
474415410
388255055
304437062
770300456
973491088
139956130
814758245
327000797
87177560
851799509
757910226
299235003
677799022
201030971
902303950
537205509
420098616
318680141
709566140
308272837
300113449
814070933
530809599
239503701
181336689
438391938
958169295
817673339
751794842
684983570
68327445
126634018
550908729
24206898
780151591
775647936
78900578
271180874
348981170
601776071
283945408
883072899
919036459
143398875
489365006
697077335
925435065
130203900
982719882
252534945
883933080
835868384
650661374
78648696
746883669
953467083
701284941
307193971
485157067
543708293
706374341
368337156
585315233
954420184
920158257
439675664
496113243
793777048
187104378
969891000
558341695
943748155
158137828
408132569
934223568
602539203
429321894
95634609
705742622
704632126
728745656
209946831
408617342
388354232
593241923
563473292
825009832
206729138
954788681
492755970
681546938
64330138
270318605
626647461
411360001
395511500
706262620
555697436
154760511
320830287
283076950
377442649
53384789
520256318
172914381
561236416
680431537
614541707
486102080
710878585
901262627
671051752
654164735
145057795
981269201
236210155
743925378
33653471
945038466
868154937
467455112
473831866
931572458
589579062
919621484
695683432
689211506
102677812
413087812
522663430
898863004
316484005
760049195
219123233
267660567
903033976
375248966
99847860
74406253
107597065
663246993
447191134
410108381
97311561
51017938
932688158
181161100
369938783
701394241
618988621
780414270
432871381
106993124
98880436
165572182
243972575
756432976
814963191
918625104
474288206
524704150
759600472
370778674
727035518
450340791
733642716
749217186
946012728
507282218
525559832
636868645
343409668
898799016
969643010
181311628
133926939
828671337
546931392
731776578
840442857
595023228
120207303
45034624
299789954
524332872
437916184
891004529
628020537
982388628
357529509
915253138
494146078
697962015
722221290
764433471
794780761
922214484
605864624
48157563
956917676
535252092
604575437
134345752
781762924
384336484
772683197
831178418
184615414
952426679
698868453
664113776
722257411
849072674
278618031
142875098
94024219
394173315
987808145
819286565
78843388
975614375
420498481
556444369
557439105
461137150
322834269
297406678
715289128
575729814
297893474
407359654
156594872
958041778
885482971
104811706
840643769
806561247
321910193
821310332
803926432
591641621
996260227
912089290
729086648
127193088
908010050
33243027
999842897
572702772
644019365
723913107
808088016
934539746
125581334
607974520
668190003
597147446
374058455
229620854
259216117
505337329
189264514
726887118
671426327
819645518
652573100
259547491
340218949
663011073
902372989
305888797
595249195
923468681
86930582
529012302
89278041
474693790
494439121
950256986
64616677
575270829
893768157
291110753
319828612
452287126
688155642
457359997
906013297
994603861
55257239
318306389
309725535
518065810
337913360
779189716
989897097
882173699
878098890
731784584
13648028
510296006
651072485
462016633
228147843
683313035
326821011
571478434
781685037
355414019
682039199
173066636
438808224
514988880
933095941
623453570
194939762
601238781
905054475
334235389
616612329
550949374
696561879
776144713
563112409
206585188
843210830
899914801
449885195
336923106
389379533
171134358
280263360
76686669
841482139
943440299
449094107
891440157
45442988
811471743
849933104
793762490
211222552
677645187
156852298
654953343
707121024
721973191
429764003
965351793
237372234
122845196
15470190
301868604
934614583
367648211
605631450
303294236
692664609
549750354
658967738
688480889
639123241
385186798
906789744
332698068
966857480
351550696
378713062
890739065
640318136
772445073
719810925
387209288
665202651
83152595
872166633
647480074
470904320
397859260
456780540
234932958
339543333
680364047
680725804
927390545
422271094
569522337
258133654
849637923
960189179
28505093
634203360
304151808
263585199
716267615
572428153
592644799
295743685
808176963
855961035
88045919
534787931
629235113
538700615
121042733
314317919
556197543
407431977
331439965
199792752
579131675
839624258
745331788
946062605
859121147
740313829
666344252
328532260
225861211
87336751
904625692
231541687
599853034
270757767
177998519
653804439
66591379
983169285
348459609
341040782
605119116
277718067
403641039
264313820
81920960
994865274
187916028
218928738
312930265
427869539
792325611
938545613
249167984
395515518
519796058
933007757
999557310
50342870
134700654
136002712
761757506
399005745
971824117
625185098
590141808
340549253
100577193
715619584
893297483
871794125
526442069
889287308
216696608
773303448
170416336
461919761
463027086
322077184
733377684
956493086
890941477
579552267
157255708
96395730
146314010
440689096
269221322
565887923
455953451
638891640
555326470
256904495
96299844
53321683
927621354
979235293
158379359
552596598
523207913
829177681
491537980
220948284
409012086
203162396
277844345
433752542
985348874
257539406
895899204
421243297
808300866
106573741
589904028
832633060
510184895
640431872
606477290
731647536
748010299
358871289
219732178
906638782
187044096
627756980
870838129
617809623
871442007
161531613
645026798
88383766
542302400
78867739
694241428
455524758
631556079
728950528
344461144
356919982
504939733
283700711
485648733
182508842
13209225
326123832
727898174
623499579
407050192
899905426
488788797
39903429
383263804
400430732
264380609
206641548
549394683
155393429
487086351
345340378
217522683
888276374
184449938
485026492
170546847
638271578
656690383
906720249
823999872
641036770
491258357
945938536
99885785
119035144
659910427
509860102
871326778
568577277
971492993
822289494
310413705
637865233
502007374
775883973
470835478
242764957
322331876
237480483
544242238
301574878
481643471
664577702
81459753
522719649
53014557
812477933
969170750
434555173
976565986
675064964
212058706
977296235
621030903
66858185
864698925
683472821
596358093
109123681
227282530
83704085
198522130
314526997
713730962
282445483
302504500
13016700
510102295
202355310
173387233
145928083
793847757
814535671
178952348
764521793
135712741
798087553
404877715
263174366
178141510
354037413
633111434
525189026
391092784
874782400
261498444
579028717
210873861
591385961
743064487
778643243
725121855
922549337
186232616
885433576
934622446
254335192
966394421
732413149
605540579
900766398
10919353
942978274
652778603
954381212
780333599
264880231
524158726
390588889
310463249
503149179
573774784
912446980
557447618
293988275
107657242
569858630
431816621
191178962
171421302
767900624
75569782
319789044
304801478
181392867
383892693
86794573
246783098
253144912
749933799
968634927
802339909
971921377
386483120
677647279
959972153
269069393
59942823
464763603
788494518
577192593
598606057
125398416
580495784
221859404
70277335
591880966
317958595
876267871
861263410
779948964
24564140
47367514
633122409
770811539
188960185
551023980
633073292
256045344
356336805
58490686
505288243
702929301
501344095
40823968
996795744
753316664
207213385
990518284
744352829
780369494
241932941
325334522
63372019
355790345
155210780
119995667
453362308
752074762
544248195
523118167
410275035
34187910
774973370
18750963
960279628
690076453
317079419
852847536
359338308
390341959
574794446
425793807
783558444
758199770
402319074
585932197
812627214
509854736
409847143
842139553
530017138
790872130
913724957
130496514
136785195
651264683
700399181
354305153
523533498
631228902
209745181
873692018
141819126
793929207
814033586
932410895
188921365
319344642
390089994
974478665
451174776
869488566
14296783
534955994
558253021
570605561
556988106
660121021
585661157
86337460
730949293
115953636
46453707
832726494
98983801
938348876
259766151
594432960
411648077
356074983
455481470
299377836
399725313
630287255
52697269
182617409
840856320
107775542
460797188
216883010
39592252
642967690
887393028
392735409
581446834
780079288
997951528
478304121
392593782
867922517
49041114
789434873
21274457
614814298
805521830
715391865
369476035
440241439
349997216
863383403
506034576
626113791
354316832
24419382
484807056
406447704
60684662
400602429
227113412
165689863
439591758
624939708
588544209
937559735
218564551
659198271
392273576
386728767
380446205
207946784
208039515
869011158
967845292
231807748
915448833
889427673
331312317
585945972
661679474
400117657
933446423
194936304
786619667
124061363
500835153
434616635
220855155
657789215
387568467
849630789
104700203
850809959
215907105
229769858
349577487
213486303
810754615
526337225
705840413
429046901
186568508
972832719
932673305
678475588
301097052
667291717
53323992
309086053
504937001
634380438
93212902
990058126
679504214
903365285
77299009
325393512
895495053
486039581
881716198
740271530
87946521
324686804
962306148
686754845
406861508
301858259
705278904
711086102
793499483
73631859
979341759
370922270
70366113
71227959
935959657
829789097
911676317
960496723
294174142
891141650
606827753
677002725
744614722
627011637
791044445
55878155
892669559
818097594
250163547
53162603
833024602
705340894
168137539
353196975
73296047
702723215
677880149
200002826
693281097
946922107
139328084
976093224
900636542
623664600
367589981
673273838
934519117
316006572
377921733
597078264
172337675
397879585
231808682
179128244
214222389
276854165
52158184
610665009
66698525
571023321
722295117
644057032
52392558
457132007
981861047
946876425
334151357
191191966
782852143
388000565
980317623
548421176
316416145
260639236
532237758
947081692
397483218
700866056
972535838
548926108
367095392
507170685
440754596
236422211
875988213
809401620
257345755
445622306
612588596
363715654
683691936
496169145
881885109
905275041
430255351
453327681
438900578
720218824
749539980
136698596
450827634
278724574
303487331
761483272
522492268
900573596
45767913
213829295
46245896
472552302
794863453
396853399
427225748
620517413
150246369
646704863
553040379
542739484
15057469
107181993
766689594
28382493
580912430
996320466
347385046
141889154
620850134
661245350
159196106
542571091
100377237
782499486
959180653
685216356
297359725
774642426
38173256
323968450
837106312
719812456
832099756
546157427
80272641
734170122
305849495
169998312
860838458
136707213
182540668
426541936
908473580
250936346
250002176
811823663
143200591
433842019
57124923
194523767
901370372
24907235
239826597
179450399
653039024
253660072
952367614
629083952
841244211
261168865
591312271
588428206
755521489
700363685
572826848
493424527
426497411
647578043
486287649
122691077
344040626
693725685
983965474
178714992
629260333
594720397
603224687
373494844
213872180
139169408
450250646
108291724
376194173
921138036
769905836
753846057
229289018
399815609
60136355
204570652
293087061
745205104
715802406
941839975
168483005
640553411
204206486
720751451
767818398
426344046
516044106
675955127
532352630
866464024
614367332
29924667
899626555
826840389
644648000
715585477
898640996
18806952
185162433
426703697
879256232
951645310
26819844
725247890
502457944
148919726
689513031
473316531
44685195
322656975
553192502
755533815
667724972
586927537
526094705
855270373
696530259
499727034
439072351
266273464
723628139
306941007
676244103
850826541
991348294
716473622
227674158
924106594
574500371
389073068
822816337
649061818
733686019
950283230
598173157
829830228
53092600
519390493
272706220
593183805
384002375
551709721
445794678
239145618
785808690
973172165
951025412
225794469
770691500
382685760
115046889
155444662
349993901
625575265
337261934
184538638
285748364
860805361
947280022
259040399
936126045
378244689
421606784
389899401
416841578
539670931
35155052
247215092
634505206
764421302
925215988
756251183
278387378
65298587
518031156
722765789
876380506
820560850
476213803
926575578
938311934
209025210
994565871
484243055
581226072
40794452
287655045
798609504
730990154
804646541
658675251
604817600
563465191
612913732
542478903
614202628
34016659
542993202
477704777
467180372
394089340
92186431
800961808
335202082
792241308
683551027
458256960
526421055
340370294
124750442
743503761
261584767
755041673
432186088
49052152
666277546
836669081
252292594
606087406
819632244
14463887
254884716
270050557
628412042
926392715
326494097
815319151
552863342
483099126
755409508
803766483
575362429
481660907
591929374
315307603
688879225
391243760
227246205
733275544
277500327
891545783
486629019
752723463
202171282
236434733
971842595
519506613
485217000
976383012
359485379
96791942
392150518
603778453
910604478
477449946
857324677
754654643
336280538
820253515
161251308
932460522
338045210
980775087
163280511
632387324
508255903
972523725
571095444
82891288
697671933
202620109
914397640
478185300
546942138
174966312
221853172
237908127
27910199
472915262
671396552
535527620
380711750
620169603
962291610
703869188
29901785
762727993
688123510
734566477
283830350
116050261
210534758
646331614
414789550
672326805
751076319
241771076
320014297
212767975
346091372
631265161
764111135
414988492
819234028
931146399
842138483
514935629
92321071
687476385
953742546
662835407
687689943
457210791
560940233
365106667
189533330
106881978
775138627
865056322
479265795
734451056
179976642
411651030
73256770
197044800
94636341
836352218
639455413
501474685
916303881
952389776
964414439
949880212
335897525
101992020
64160177
408019256
245504563
732272378
945424422
311216181
771414256
514034672
216270906
649807039
984392998
574191190
501433119
511989041
478107509
655442401
418939680
766158180
134297430
414181357
31235532
832617203
528845931
659257187
632246675
192338055
967872985
654051846
213941053
121793741
791227431
513261642
267287130
118448501
902420455
424022208
282392992
572258682
345878290
168777930
526127451
368542033
722632402
432915644
817079473
422047034
681642284
351269476
997583575
384768904
132016334
177605781
567291393
422614925
763427482
195006769
918672635
517259118
244371521
602083865
34358009
536327965
803487024
456557005
886564092
11917245
786297366
798822184
389798170
649694083
487621758
201873518
716954047
31908647
634994569
408551668
224950448
302130578
422991506
104905487
60772229
120522239
799527614
707143662
270661478
728992748
490424582
548387200
318415910
744259049
447113597
866811955
175095699
332364519
128507798
157385521
701832028
791158206
481428199
533834653
531502406
448003725
285112253
709365798
35798468
748054468
780332250
147237798
378762373
893928866
859129206
271348893
983499785
596778546
261066168
39970294
85597233
947017934
481519438
883853514
993998616
505212315
291820265
236688944
902155874
27491058
889801648
312024028
205976565
550439330
366983484
986712207
21137926
806323777
200276150
874520932
940666586
851328289
598908911
296771558
815704141
604965421
429126911
41261497
147813979
851142960
859132596
505451900
168363891
759879580
282164971
519112671
711034637
517947998
90443066
554513579
792112587
803575050
352815762
777652982
836071296
829849642
428727669
90445501
523855414
842999127
18493108
894911724
158372085
388994409
395713387
314612517
177948132
229732168
466597772
946278493
387049214
846359288
936243007
770964704
152940812
335473112
487569545
291119438
930020112
285435185
647520400
135437032
568618850
729563326
308641934
458027196
352905138
643488749
55047872
245995110
486266138
58066789
924284036
440167566
609739484
377134860
384413713
632654107
737745820
778130556
366838707
583609057
138409058
241746559
357800552
158561518
891421751
143689714
818632599
488528133
20044241
798405451
949522987
282459846
102184017
93201935
161879379
108505785
393346612
944509999
435646206
326304179
934674659
415034871
227411713
225915402
769858570
250215774
987598450
18719593
69281727
638084451
357234358
942959982
460521655
929736389
777496518
63965118
873533046
448109932
114048897
560820205
639283500
226552015
150911259
368678515
206229869
717781324
692325432
689024427
803717158
293515235
80584449
353963620
12662378
855530423
909146963
27995792
136690179
609701125
580337258
140801980
547302155
971507367
916647854
751555160
432521940
111081476
593829421
197180558
598039796
582945769
371105074
574927819
405474504
290169911
28562505
787723263
392815653
987856990
687860080
905730664
803033797
776197686
309866610
840420349
612301176
564835470
273663348
654183525
926131497
89654755
591688300
533868949
585092350
747484538
289811354
253098369
480644390
328552349
658669870
230889570
818182696
705026020
75383390
785243874
862112556
231315687
124556572
247950791
819451940
706446074
108874966
406706229
828524754
96659587
83244754
610571608
925802277
680079170
196828751
271400859
362196108
322136297
180436406
708605632
627209999
525434764
206322822
259330010
445342547
153898673
389136968
748173837
50652016
674009775
833552823
171748277
902203339
75085651
529183066
357964142
320137445
661691970
574583836
918054003
244901200
202305179
966084654
645037564
481805231
703751392
102581927
602189253
891670224
97108753
756076646
625961526
936250013
724962687
735535099
155023202
14280643
988555471
280913187
515787259
236716593
887549907
516321002
118801537
914612890
963967427
337447239
314883246
211164651
826932220
430408229
862091440
143913222
25145769
326733685
63029876
723923422
228212914
852518573
217697649
490803535
93730324
443669591
847093154
447673754
184432744
461046825
222984540
132336741
776759297
270787811
837316257
951948830
955867795
656678938
450544637
802191272
872278038
309376715
545989414
831148908
365876300
62829823
853077928
501951923
957129808
265630926
530214224
52847923
583948496
939037219
836375687
273075310
714575243
963571323
178427882
441897985
189546994
12751494
140613859
915533185
314144184
620388106
362506273
274234104
503981816
726772296
220692061
468447751
599267411
688451404
30899994
678005659
867596848
53145096
75737727
121971508
19548245
524453409
290117376
756177899
776444508
424150711
458171019
359202942
284329776
75442995
705332448
74049814
398300320
221017346
927809591
677189557
719511198
510205326
603053929
922644847
913669981
766875531
841785322
746473221
350285915
958122452
915980803
711475342
486765066
644209201
716430360
455046818
856497358
492328954
972409390
700716221
724156597
515407233
469552702
209109383
62360319
879174224
953298649
942103402
883756993
857574700
132385979
486403537
654012571
342304878
796593169
665820439
10577941
795466837
398770727
850864909
272216180
290209568
539970363
744875084
90126836
176955594
140851499
501923565
648344390
110768547
801949365
415499778
45717897
661086845
929222186
656299157
830759514
568104357
134821178
48435100
98304266
850004670
836947067
886136155
358723230
580081256
75013074
191236527
650237841
57345132
59159082
821424633
304591152
381960179
218719197
245245038
155517790
819818368
931664464
599746645
21080626
140231055
382718988
688230835
989191616
27139084
271793718
790873917
44262346
85692814
198583411
967024351
765967347
486581482
843198398
972632249
626253821
471108137
132892473
251661347
395321989
994026168
28489155
471407311
123772965
899508576
818772255
822068744
905600984
653184460
349047041
209940813
743433810
24913510
20118715
322719129
710359576
413636537
726412579
534097187
900743714
26304869
872690154
899570816
798543828
121550266
842663354
907602696
950590809
129956073
616226954
783181676
158872617
320563694
756862661
421583818
642777748
91195469
646730308
82081763
344919119
363993084
176730362
456101090
28372628
886357381
794930121
731081970
851277221
870648016
549825975
792166066
351945238
704466842
701727478
962499811
274669363
563063971
353623391
132680815
541082025
134207302
599036911
531638765
401187492
252216459
98205747
57684542
382897034
270444736
949598375
570334850
692614912
972538255
951585698
81811384
492084454
906922163
575903108
907264967
941993386
681356568
987099323
691601183
451537163
680103161
611578218
255391733
689262994
857101895
262055667
810056186
752544172
534176193
389721190
693061814
306055320
391345201
628372125
965732578
983856957
676752426
206612831
112398310
726658181
592666580
45444074
946033199
648975226
859816276
385950041
972324920
157194792
550394247
955013934
160225341
494385780
876287904
184038816
842771569
78752326
439760341
884002770
276435061
181740410
75607466
795076305
875385437
436125285
345942344
784548935
863176946
464588724
553565134
732127707
429140266
589502625
455860221
149117450
54162900
954201198
797576496
969940436
332671916
438165808
27450799
33930638
566415936
251250874
927446309
861267526
337074906
62864714
32236010
325569963
923396931
745151333
901647838
526065653
769328757
594096057
108317058
291610327
819360899
558171313
569089714
267638226
225809363
220023994
458844020
590825833
89189142
457075834
904268399
726600228
83176219
136855134
428925502
279525264
515119410
468572350
775173432
740101328
293017340
761992756
964698023
76961453
742927278
391081875
448357959
16445761
48950049
315344649
531940255
86322708
529648122
260666846
291554815
453588571
484871126
819212242
334898532
305237142
211645971
65399198
321848115
923101836
45352637
393063167
953303731
871495505
278580359
796775798
267151835
225531697
104717657
728330754
239780626
345621305
442655891
930488449
663058375
517705940
681914080
320857396
874583475
491360107
726534995
727370673
48226434
944650910
54552814
674109549
786635214
217260690
538962994
916447822
178856345
308850128
305905699
244050402
868320708
486601751
460431613
444600959
403307067
672139253
554665426
239388985
401585217
887226980
33160369
361996749
804196032
654547408
183841083
565719202
20723703
577931789
435965440
651072336
802561189
336474370
257855749
998335787
850882486
571663367
824797248
318868675
327384715
729989132
563445746
712883872
11864520
678448127
747984738
323813972
234378240
331873605
90278516
529464959
635093425
497995850
222446105
888703464
681977557
28189580
456043239
400661276
54371287
577313014
599939073
663276670
890767959
901209021
546640822
473519827
536694836
312424152
212526296
573703948
688245080
652700861
833383163
986101111
919091862
630926149
486018182
467560349
87691217
400044483
832296632
828567188
842560167
214112109
872903766
148863293
109388566
15041434
943888026
396102707
838435568
806176976
736148613
837553891
462077394
166017332
968492469
482934310
595138646
474215110
897762522
996695955
538550237
198480942
238859433
647265984
394078146
969189210
132955415
578585040
276261919
921011895
655109605
948883877
986596750
67495802
339819445
917700761
946757859
672283108
446175006
729173237
752726199
590118592
186075124
968271703
888243033
258587685
545886352
198613033
395526355
84117219
449317023
213174087
651900293
621138409
709788274
449985844
386957279
812000218
871786553
14569237
102819861
302334760
306038643
949540650
278479531
293503800
945754633
368294354
559577737
473384502
841500879
456764897
513492832
468584945
38089462
76553775
161309016
163368541
556150928
694582259
300081182
162940844
721711531
873892656
871198782
978831559
879483285
240963218
346286691
889979022
337175111
484348464
93802407
824651313
508904937
794764078
479782482
96649840
947389384
822716705
571742409
103997073
883404883
807780312
961083114
558615693
76028892
689821812
365588656
179900501
890712927
628306317
875015651
232500775
390990869
60851331
369377781
656711985
687564304
765962801
36908186
155587341
876455010
697635175
988379868
565604144
76788634
955843273
529976376
786907473
520739531
648615836
760307762
977226516
263215399
778188021
84933797
779580849
18723265
963674187
982912706
367448369
537628782
230051323
927253094
305420354
424883674
608822922
166080136
847424105
399704274
62222592
820765771
194956002
564869846
892343983
225354269
368935684
794989875
768661831
597542826
823192450
343554161
154250958
782301253
934485194
848693929
968008682
845391988
70922562
812401653
973770679
720515834
242731174
423108776
585881140
795639354
110865269
159760998
741862456
892302796
606235153
568414650
613364752
200649315
89215106
718279959
837501079
449357210
908135232
477872954
290421353
705629691
183459979
576852221
663818816
689334247
351888621
638408102
746193039
603046128
191551500
465914538
507985937
628621535
669351251
121708163
16705971
568536906
160079005
834242173
760501067
418176981
799724286
575205371
112550682
838479390
858247734
380004987
443621156
449099646
473760754
508740292
886043935
120681705
86256114
678112734
351037797
323419949
294633468
911926820
422640873
252796636
136764064
407210485
538089510
235862232
414965489
508047803
534035156
845784370
518021481
268330169
438380471
468909509
227320232
539779586
473605814
995434846
691126975
658124332
833633719
30519310
375046828
259116370
44008659
705360500
608759700
177619212
891983102
75748639
907371212
47421371
700007765
666644273
801163596
253875976
343150734
206716507
600433739
87683870
602646014
80463075
761600561
982197546
984476289
806758564
367197829
617065338
822995114
699371793
393981943
238158670
341881490
277672179
395302214
392040748
440384846
657922530
660720378
976851329
947185627
420888823
988439277
389662495
590754820
230314042
889245299
402075379
588697474
294729855
717926715
594941115
553742979
326124110
30178744
754174796
118284607
39332452
581680557
238981535
997941972
960514727
675791195
896158762
262742944
418805445
386120367
429974441
346031447
881312337
853571682
766322576
828150297
609575859
367782943
584352963
74413562
401969771
67212496
70687000
651436329
98779288
737444648
741237029
304935597
98113967
549599274
194034107
910093997
403861835
768170162
482853237
100914415
545351364
252260948
199312791
305860458
976178593
976429972
840562060
214586698
104074402
367835402
551504995
94948085
394278962
471362295
312747274
776580673
86343757
322024232
176054822
528014323
639721090
802014643
585849438
584621039
441947672
860862157
403496494
284724004
808496349
134987242
205023995
187532092
205112123
145973708
650378901
882902752
895182870
685007274
347809678
721146932
872483708
619202767
808070082
579678506
723479544
328059552
761462806
623670007
492563959
231110580
536116618
897210400
282323982
781010259
130675194
85682667
897312128
841246782
471895414
80141275
421037630
531209188
280947500
291246451
489804321
697500735
280672698
17933436
468895102
700042695
403811211
654805622
244649927
249531322
112881860
25599888
968284367
283236979
365781224
902253044
567355070
810518322
280664978
579502856
140377723
328830184
671473473
321247985
390946095
354483136
549555588
563839860
955535886
285443651
585045607
242761224
881705073
801107636
454479853
197639192
551278655
628376679
367048257
119380555
526979593
370880266
952796233
704976596
517201229
537518346
494627012
836708906
484239069
696470253
522547525
210464581
353621941
912920375
149254197
198562883
861845290
251997061
623801774
623702693
43231091
976179698
986699540
851042878
379784101
440753830
46408530
782875173
62384427
169661406
513636951
885253651
702460264
60064105
10112191
917382630
618142551
956385420
310527146
96838078
694332172
619941935
434282544
665531628
736842708
854236779
657903022
291911147
295488689
975741930
582928562
997219423
383209914
553074243
29141798
639369613
107721736
751428415
895079555
436712030
61864988
602780752
817623285
306208205
537785956
733096450
124318346
378708693
99640106
731754362
348743876
732165822
964223540
471430657
550419758
868395372
453165421
998504807
743581119
106088120
295894259
554136400
970872970
234084699
281863814
745321824
542283530
478424715
789724853
339260922
991056393
470262589
31614919
648553606
517379313
651983792
981845657
863154969
295050168
766007830
672872543
288827979
96530922
87534231
766298216
93134793
16120793
340572944
922598655
967726163
60313831
894025511
709653731
429113750
324631460
507099844
131488834
194756636
238884945
942671750
601492569
47229365
643246891
46696820
384612839
829205108
74228781
416586935
373160916
971398980
518922272
994834758
922481880
239168600
404145680
351558593
151921422
749815769
58465074
287565922
104341401
45187503
375564676
604234171
952664464
656203139
101880833
305888489
362310666
974533479
324974878
461892026
482949918
851112643
721217581
235542910
917982216
739748104
388750555
728858970
483538087
604152210
882702146
333878405
393832474
418690027
163013287
688595707
683338378
519612320
422323429
209780372
853255628
159301020
513014392
809968032
735666000
553834411
54890357
348553201
297921188
58271868
395939018
948332579
713107973
776677005
50735516
342535257
218491916
776409833
195219806
683757002
164357442
560526296
379700331
205937871
112584660
488049690
353899889
866407447
686343999
468535764
770646270
598405426
498655921
636514638
931578419
661591012
299337587
476784913
58403762
258402330
95834945
267380615
54561375
256777037
490336138
84779458
158827928
861619990
480924336
928932798
219901805
246894258
924735058
829804374
956176883
503547608
997905655
397223878
587545340
827765353
227711030
702599949
799928086
696962465
746613619
266272926
245658429
921050051
886270673
833302967
792451290
691994269
115169103
620820092
883048882
223328878
822436699
141535547
564108645
847710737
724586813
422912291
844913420
324837533
619205369
526379655
827606671
878751980
348582367
827806123
925092678
77199119
790176392
766820636
372440197
363610021
171306579
645601470
25481213
506214671
716273464
710107671
746395761
820496556
415633446
698246751
539742093
438750806
407961318
356225698
830857925
308803777
485562795
528077631
492330111
294500415
105318341
138970544
913546724
684332973
594808871
24062632
570762126
93698977
261202603
821404070
756895224
764292314
612799082
909691440
281616043
215017709
552546677
331150442
648433570
503065691
298371701
110258002
16643079
448354764
865026914
468738376
791422977
813103255
878680299
163297598
517161278
749285560
241057550
337331419
213652205
327107396
187792723
155604635
586334152
734206115
717118717
880464075
607111860
655131751
697332635
505162768
637001950
387303936
354284298
768390512
681252260
361909450
910724964
696551403
53522358
13871243
569740840
613566414
624367466
243227851
599334549
131398661
647802186
934769034
993143023
471047741
898572094
312070921
854822220
485432398
809940650
765258690
523094349
703315110
690073324
413142832
722891277
601197058
280163738
611959706
933232155
426257308
151589336
132602809
713401893
716345402
667835264
190438891
873014526
614858705
977653101
537648975
208552434
48445098
199029713
42592873
905410376
151760149
412051288
718663612
704352450
345286205
813009405
674124808
27073765
862442974
694367927
773368124
995716344
680712134
45809149
532920536
274895160
432620072
408603257
796892986
287436200
829946838
827432531
855509462
318162043
898438242
940560279
457190091
692169972
369779101
531312561
539956214
914824987
433983311
315067536
986097795
854127099
869793028
151026483
551712816
762329800
669239691
381755120
182991678
761069725
500661324
882421889
11974927
382727738
384945742
636570542
788026725
320877795
572761513
796421880
834336448
184449376
388178157
524747176
706721451
55654899
965198181
381892270
812085740
272890668
457548547
982408516
511123269
59775758
936480044
76962457
15474381
306488026
934893565
311130770
205503387
60001106
637146513
952086157
706229525
580502312
414594592
351665267
608275361
595621149
81815056
121512520
80213578
71535631
36418771
373111158
88132185
564629456
483927142
644694345
719324141
69747003
932291145
310232865
352849755
451413600
265794365
992757729
424802861
449176088
51615453
817247170
589954608
928071173
853751211
822056512
398177084
466990591
559448781
431159847
183374332
88398495
626600306
536272001
910950804
617454408
168840134
480473773
80629767
307256625
273695796
442251944
773016515
987697853
998542825
26967958
918348768
979338049
81016085
324149742
274559426
415883005
945062968
333026661
14859559
820443923
620833376
843337071
779428502
590294523
332227373
432582938
501761978
667771805
731686980
47090377
178126046
927619467
17388443
715269204
453795178
881299049
164921774
491092320
242367382
700029563
226088872
65800701
829440985
380395454
305242819
498588600
566465536
24683902
937575673
102541692
118955946
751107271
201503016
661884481
251331185
935095660
81636230
716972789
142151351
431663101
987437722
103206107
716357354
848501726
595124698
807165142
167077608
284663854
151324972
657742984
401186970
178725211
697675679
480031076
682050989
977772366
986104722
559385008
904808271
152119162
333938680
946960313
558020244
508382403
175228353
110105659
300238356
168776829
113941982
31059768
67542601
84464682
632557277
77294964
319286258
825057056
481593777
154479984
605776871
147663270
393619585
835109497
743524458
503874508
138085230
108091210
832524239
259786162
560676740
345533062
160646147
155583773
318605481
151507904
658195495
754426966
476900588
71958042
419276867
553332033
458915118
448841167
310417157
529778148
598261697
960200194
758579042
797378330
469408590
447890277
73666983
567267370
843758780
275279728
900675788
769850196
740039357
641219473
835712529
160444714
98842945
830570494
798421512
498468113
337341194
911863596
580094635
507161791
707015864
409954631
560137480
756430348
349757858
387795915
930899814
866320298
482571019
984164627
556631853
164103538
28340016
466136257
680936100
366272737
519154548
272821243
667010853
665377963
185967392
695195019
469105346
415462664
739989317
339038052
985189566
928386396
550107509
143304387
921209509
552488491
854373284
108849053
767588086
263744561
572197802
737184537
209560720
291804694
221916447
172517652
753186022
781667425
186539867
537836668
47909515
81075083
119795543
524686523
332454542
791354394
432583634
396846801
878578059
911873752
580175919
366575679
255203540
574319440
310298209
365137719
162879965
772705272
998214454
383346822
862869334
262160392
848220548
275231119
652918126
663386908
22933431
179292680
218761572
860443341
440499870
237213900
275298610
422213566
138518519
214483698
67852638
715788243
831944325
361123957
725949133
555939638
848125269
77490168
880703032
87855294
374679196
278881925
668608682
725355557
349344810
501919923
720387654
342117303
89792821
76013050
840840953
462850539
258446840
301346310
315117692
159047263
674705678
39206389
942457993
428689816
102812225
994916096
926207041
769950204
98309647
866316874
302250567
160886288
398881697
241549802
788976944
246930779
580234662
484395000
943206820
677028537
688046628
940068640
795324619
614548043
891861485
169745629
971480127
724397267
891102904
513085680
60122072
920181875
599871712
966862666
132344702
283398468
333386259
75752267
33964319
928025676
466473976
895253832
668464127
125566892
345102160
591887793
48746328
555370258
748001201
513336331
242641596
278211823
700507603
543918075
677429429
81212183
869582200
705768314
83433413
14645273
999639976
472359723
50378075
100481254
182677597
861074031
344532203
796722535
835930401
653467292
513782663
481160097
606179845
786568717
335458101
987428872
246910909
274339956
306750175
60225774
154576414
374797771
13129613
661144054
747158096
99550210
469187909
327184571
898158553
480791128
258111144
438097054
650183215
856621214
421296056
860156100
817931622
67872239
405589546
878620437
190475864
215319731
832763706
906609974
666209003
532688036
811460745
242051650
104150323
710196975
428850994
494635038
836743335
259649913
998127008
774060138
268489349
232245903
745563239
479392115
769252398
105539967
562805302
284412078
497304194
152879177
899896510
595931091
393349383
846949480
928000459
515896022
672224795
655707671
744052305
541729728
174459429
540033069
48716630
218124023
845814307
83060253
379356844
182445273
80407843
242291456
706770983
500385104
147658625
97909939
366500725
491073310
989647363
240750775
652623061
946373079
937253286
423623963
770949914
798393153
853473036
518259381
424774615
182310023
194211318
543160530
461182501
942647586
588354186
937019371
572033902
290409175
596071894
67709113
250467672
193540868
123884173
266336248
977433786
912425215
250396710
65321442
152687690
614194928
493173706
859782278
405965949
62538502
310456194
918936545
820118505
420258900
608376952
649482567
519255497
143892382
154735522
79287202
924219866
747790917
977430937
614473216
934645455
94005696
180927523
470820285
985255633
531677795
203257094
62780736
887322303
586488945
702242182
184613630
699417775
328653495
522789842
492593544
484467709
234490871
693347215
788390182
804646979
483743878
193874039
891271367
230618664
227894020
373807677
137643894
37818857
342788956
333676070
122734863
218665041
19623863
979896868
317363560
53579806
377541372
407127717
852399865
24103314
35152751
80903684
470196140
584048637
951566992
287494735
15184720
163729591
317664939
841262082
283926167
862660095
110935549
421932708
517567831
662244087
517297747
345041851
959100283
148406294
284800890
117214222
15599227
248586757
123204418
936352329
109356018
852878027
156556664
132899412
241947839
590500872
438964244
904053173
542474990
960710999
450883054
467542739
430555953
527120195
561768226
38978971
976623565
223414854
966324548
983582747
616079492
788649176
487404338
77688192
713038256
788564393
867527918
184847203
479412178
581187698
884181941
520800225
552862816
32116732
203577129
889312252
725100785
815855932
318825131
372788543
390548107
629341022
972693297
250760718
134621123
991370020
96606426
265196105
191755352
176135125
715234685
345811336
495078939
331658462
957413953
378450987
156449855
309729249
105261586
620977954
524074946
329301317
659554005
348983718
766306885
518142775
363163699
253947499
109357161
500294005
829545083
393769936
262863779
339518903
877537666
153699224
308009391
825238907
171509069
369715770
409033470
870987336
390085200
646550442
935142128
515836708
150376099
178070074
980535704
89013624
820148016
943237915
636592408
425689321
752024871
717636409
234461051
453295579
836698102
486558458
738767726
291954594
693248744
17268346
720577737
444826659
135576480
605552727
938339610
607788065
238498180
312324699
716573782
623541610
39533336
842827468
211414426
587779769
402700264
252566736
106353405
128252002
591306854
945490999
280690535
901254620
602604060
857827374
676220204
377146741
74263140
926076268
360125839
554562895
364690002
888217807
553725865
356476510
29195156
724092827
330520318
28298480
270777099
181978535
650770152
450480211
139384993
533782480
329224134
963429539
244177786
918087874
137286950
602438718
549169848
951044463
157807909
949367004
553699630
927736667
569304361
233302411
253714763
122714287
959332146
142596417
68698513
643372203
750418963
869957619
487760290
687600961
974402159
980588524
248311077
809241054
279378471
825909345
580142800
683015675
578618027
646454063
315671490
164461596
281285012
863824247
269185866
272373867
414740897
271794387
417736692
412933506
311773401
418339826
600412338
269671009
301863959
596768235
189966836
136042432
771698460
271419806
903534842
419786050
905987213
185409039
911509483
17212167
472748742
902483219
470808819
156353861
491142879
11093683
327205304
93384210
62728156
70672048
513826269
982630158
237852931
760012531
394382185
416535833
368131780
514562773
706925461
849950827
795968195
356275838
968717832
441643009
939882406
800888937
840003307
851566055
827813329
135638945
425620520
453695520
333710437
926041791
652578148
629846199
195549969
332994052
732525362
143198141
754260994
86597065
279518640
892042148
278146203
746452325
499386187
731647213
469594714
682543891
919877164
481166436
676252874
603140733
69382793
350139406
28016047
84000270
587902970
510065438
391773287
559751750
979261245
130070063
751519941
212171254
448008671
471993489
64888383
98189003
367564379
519987205
998694757
851241634
794076171
676886960
788674681
725750896
747039958
714534448
519621818
573579623
164295746
841511201
577732986
885764437
745958853
87886089
435363325
397486233
312109902
184103258
157253906
732182110
303484587
897649590
373939040
440292467
760879576
993646546
376854003
125355954
278317274
584164302
127576640
923461419
587248380
714713474
448219176
603866234
823398821
317600344
571742173
477742230
453932162
351622499
361705724
665724791
259609458
489545664
30499096
958614547
320044008
881199066
924763365
824670395
292243939
978130246
38293249
130198851
750292636
484184997
944010615
48041984
856582036
895569960
28704412
494677029
393005006
500887961
172171039
775940799
484138423
801606203
838247573
295032303
205396728
108242544
612541550
423936761
51138302
136642443
435421048
361507636
270385740
494926930
762914339
325100814
783736453
413392209
92683248
500156237
455653455
343926947
949653796
331906734
811020200
816663692
920783292
775975745
600997112
611915723
553548481
86344422
629944578
729950091
821486068
912021144
774199141
841858735
205277524
15345180
538484489
257255618
858871257
847703066
306701066
178886053
174817463
692831176
588845058
166327852
535688439
496804080
668830905
180950104
187277860
334857099
241032456
688426409
399511457
304735988
271449705
643600370
155619047
610195949
203910160
359625119
65346221
95241088
145172362
238524962
462494510
253002789
248688839
935379201
288344122
545614106
422422648
746464030
994905151
605927128
909513705
510978481
511350400
714857115
889516996
492571870
871516227
334170911
98015160
416911648
585501497
924024983
596433578
897212934
144681003
906723700
353530212
171263357
543804266
712258602
441015312
432041347
322433997
466796705
508178258
462170549
524515980
811979466
552025811
456970797
638181025
700933286
846808051
462751102
118540205
632006187
240751756
924326066
692938646
76323535
874747562
470016009
423755296
619669938
194269216
148226330
174605663
703286262
940657822
615133579
457400487
15076352
556270098
275609212
26590236
447105238
969603392
701929480
804201553
246491371
511718328
412581448
485943626
546865756
248848727
679548656
78437020
349896948
452575182
40480382
804341620
489912224
783010669
937057965
159257414
443740120
781793760
844264826
319340554
773701629
513478583
507808230
736932228
481621305
413242992
473413069
590050760
385945018
581513567
109308426
991153482
555490268
132685532
203815895
333407568
725596479
993418686
50794137
356628588
274767254
837325464
385982217
302591022
886156798
171750158
555631312
435051184
88122054
570509321
523160198
262420700
582190529
670250416
221199564
309014874
64007245
141915363
134401855
935533720
336936437
648817687
818259992
508751169
878237388
497632643
198438608
564833266
819312170
967798275
696606024
18735864
346198433
770241539
641535197
458899545
131300306
123457971
169443084
341658684
154925395
400503661
69715308
212450347
952224323
671815705
372192549
907091928
11647832
979599045
191276176
201128370
827319177
609132844
907412052
688566385
570136802
64541908
392511538
132438952
905335244
718577016
355591940
534269093
224912642
380470457
593414279
251910835
718489933
129654067
79347312
925831365
786033983
497874652
158196389
613553237
361258851
692372678
377706828
207302559
874707181
832506801
734182105
950717133
431302829
229043857
438336698
891448914
682699068
470749715
728643413
135145040
163073043
950854729
275835777
96562806
995750305
735903328
156666596
127916590
430395275
522393254
45779960
936947394
964936473
681011006
868488985
994827390
323501642
348394669
649793537
148834471
655076502
445656909
520774273
806895883
521450227
87461901
709203375
75761264
472756964
650062116
907215955
324782615
612756825
904310283
169600318
280602403
816778153
545205549
964312543
108668584
134924118
397797477
492648436
417220073
805963306
208483071
338680168
640704425
688262279
267672029
191180903
850885277
772818723
602853158
973738480
373857059
478253468
788194697
637745417
821549532
153203235
578162764
230268587
688218873
321291897
397725632
68315416
499062679
32749188
731889019
493672729
222756172
282322521
952067368
583878074
582692677
360711138
559682570
544341827
354771874
920280780
381093985
647401962
894529762
730839202
230619757
635603634
780600027
859432962
200644149
724491103
571966589
312518995
80496137
849125103
740364558
170195236
139257357
407269076
120243141
225524497
53760805
226406358
110813492
70912930
941412596
627286697
944214160
786996645
371056895
849386507
162264133
734474780
70906131
83550231
823527528
473323241
331437594
434839543
144119541
769697482
104355241
91699010
461870947
746707545
868187643
694997676
805213360
911774829
966642847
315654488
695576930
274920775
939573784
476121868
138044928
68454466
554947853
612659298
614031023
452477115
705033501
632153475
988761274
138208413
856377690
367370550
56960309
185963192
495391147
570699654
667758635
546896340
702603925
78720013
401546285
522802362
323676767
530697425
283212808
196735679
140602068
299629414
204408058
123033322
600332141
684473473
118511662
579384437
632352521
498971953
978170093
733580993
430927989
583772109
397909781
772792970
523088779
505284753
434370514
622261873
362322922
840176079
800776718
447996432
630524530
17242352
920799924
950793502
703643727
27277309
965552683
694927545
87245139
206684330
416658572
814089526
962065541
370701109
923278789
55466831
754423983
250245484
852423440
308444618
468104603
33129764
445159346
243373415
302205546
899011393
728902539
822302825
514935476
54007531
861308423
150053299
144404387
759411810
783663181
727293782
682189932
968483346
209167920
68498527
281408380
601244256
501023014
993775549
514498533
74529636
519249798
502748448
601776834
684564866
144396706
860955441
471454486
115940809
496903293
650626882
310348785
187129388
974309965
694644516
850100486
997709193
650080506
742697179
273606815
409363430
915408366
533450373
547164333
772388206
531681362
95344863
39649708
485345630
991872703
325128819
105719518
543555354
937751566
666568062
137602820
584300781
280325237
24811898
267167043
176193957
404420512
941509870
256614386
548294387
572715971
12958698
405504988
88335890
364300133
198710836
670530992
949573618
994269570
839092300
795751406
863537247
134950517
982666358
68196854
216497993
835747037
240158065
405191103
219793674
355289768
444896868
982378640
404699206
934783385
128530752
810594964
331092674
47293043
411565848
512032504
707221076
340283275
850654827
914773216
979544286
100590663
453140900
767643985
452736636
170243996
562874432
867130152
330779250
342701203
247417976
248256315
724929383
239336596
133610763
99435992
79582139
44541106
248431148
682404364
67247921
268548464
857930466
773653325
446616649
944209264
20409522
172213155
193224193
250259052
952720403
670984109
587182090
749072054
243614891
715919056
154633049
146233101
648759352
801763766
507864454
132054287
761537863
403133181
987309342
26056919
475706055
267248984
910570075
422790601
260802972
726817254
671688654
869137538
895572400
780905665
441937200
280105727
988070649
52401068
505782908
906403139
645317953
271430757
28658794
850037675
914983575
473274300
899533851
605121282
250814022
912746889
669663680
807702355
923589917
481075513
160382827
514480935
328317367
489394278
953723133
338851915
843741961
752874590
665167594
525974531
590491499
930252529
334811417
651727727
453629686
804965609
180902284
607874118
183953647
28159964
704383144
163990929
